-- MySQL dump 10.13  Distrib 5.5.40, for debian-linux-gnu (x86_64)
--
-- Host: localhost    Database: timemachine_in_django
-- ------------------------------------------------------
-- Server version	5.5.40-0ubuntu0.14.04.1

/*!40101 SET @OLD_CHARACTER_SET_CLIENT=@@CHARACTER_SET_CLIENT */;
/*!40101 SET @OLD_CHARACTER_SET_RESULTS=@@CHARACTER_SET_RESULTS */;
/*!40101 SET @OLD_COLLATION_CONNECTION=@@COLLATION_CONNECTION */;
/*!40101 SET NAMES utf8 */;
/*!40103 SET @OLD_TIME_ZONE=@@TIME_ZONE */;
/*!40103 SET TIME_ZONE='+00:00' */;
/*!40014 SET @OLD_UNIQUE_CHECKS=@@UNIQUE_CHECKS, UNIQUE_CHECKS=0 */;
/*!40014 SET @OLD_FOREIGN_KEY_CHECKS=@@FOREIGN_KEY_CHECKS, FOREIGN_KEY_CHECKS=0 */;
/*!40101 SET @OLD_SQL_MODE=@@SQL_MODE, SQL_MODE='NO_AUTO_VALUE_ON_ZERO' */;
/*!40111 SET @OLD_SQL_NOTES=@@SQL_NOTES, SQL_NOTES=0 */;

--
-- Table structure for table `accounts_draw`
--

DROP TABLE IF EXISTS `accounts_draw`;
/*!40101 SET @saved_cs_client     = @@character_set_client */;
/*!40101 SET character_set_client = utf8 */;
CREATE TABLE `accounts_draw` (
  `id` int(11) NOT NULL AUTO_INCREMENT,
  `date` date NOT NULL,
  PRIMARY KEY (`id`)
) ENGINE=MyISAM DEFAULT CHARSET=latin1;
/*!40101 SET character_set_client = @saved_cs_client */;

--
-- Dumping data for table `accounts_draw`
--

LOCK TABLES `accounts_draw` WRITE;
/*!40000 ALTER TABLE `accounts_draw` DISABLE KEYS */;
/*!40000 ALTER TABLE `accounts_draw` ENABLE KEYS */;
UNLOCK TABLES;

--
-- Table structure for table `accounts_hostingaccount`
--

DROP TABLE IF EXISTS `accounts_hostingaccount`;
/*!40101 SET @saved_cs_client     = @@character_set_client */;
/*!40101 SET character_set_client = utf8 */;
CREATE TABLE `accounts_hostingaccount` (
  `id` int(11) NOT NULL AUTO_INCREMENT,
  `name` varchar(32) NOT NULL,
  `domain` varchar(128) NOT NULL,
  `subscription_id` int(11) NOT NULL,
  `approximate_mb` int(11) NOT NULL,
  `activity_ranking` decimal(3,2) NOT NULL,
  `ip` varchar(32) NOT NULL,
  `email_accounts` int(11) NOT NULL,
  `current_server` varchar(64) NOT NULL,
  `created_at` datetime NOT NULL,
  `modified_at` datetime NOT NULL,
  `site_compromised` tinyint(1) NOT NULL,
  `site_down` tinyint(1) NOT NULL,
  PRIMARY KEY (`id`),
  KEY `accounts_hostingaccount_ef42673f` (`subscription_id`)
) ENGINE=MyISAM AUTO_INCREMENT=56 DEFAULT CHARSET=latin1;
/*!40101 SET character_set_client = @saved_cs_client */;

--
-- Dumping data for table `accounts_hostingaccount`
--

LOCK TABLES `accounts_hostingaccount` WRITE;
/*!40000 ALTER TABLE `accounts_hostingaccount` DISABLE KEYS */;
INSERT INTO `accounts_hostingaccount` VALUES (1,'abundant','abundantsociety.com',1,325,0.00,'207.210.200.101',0,'Demeter','2014-12-06 21:51:43','2014-12-22 04:08:09',0,0),(2,'alertinf','alert-system.info',2,1,0.00,'143.95.95.241',0,'Demeter','2014-12-06 21:51:43','2014-12-22 04:08:09',0,1),(3,'wwwalert','alert-system.net',2,1,0.00,'143.95.95.241',0,'Demeter','2014-12-06 21:51:43','2014-12-22 04:08:09',0,1),(4,'wwwalleg','alleghenysecurity.com',2,67,0.00,'143.95.95.241',6,'Demeter','2014-12-06 21:51:43','2014-12-21 03:29:54',0,0),(5,'boldnewe','boldneweconomy.com',1,121,0.65,'207.210.200.101',0,'Demeter','2014-12-06 21:51:43','2014-12-22 04:08:09',0,0),(6,'wwwcalvertpearso','calvertpearson.com',3,29,0.59,'207.210.200.101',0,'Demeter','2014-12-06 21:51:43','2014-12-22 04:08:09',0,0),(7,'rlmohl2','casademetta.org ',1,113,0.32,'143.95.95.241',2,'Demeter','2014-12-06 21:51:43','2014-12-21 03:29:54',0,0),(8,'mia','chain2prosper.com',1,2837,0.04,'207.210.200.101',1,'Demeter','2014-12-06 21:51:43','2014-12-20 22:36:22',0,0),(9,'chewchest','chewchest.com ',4,26,0.49,'207.210.200.101',0,'Demeter','2014-12-06 21:51:43','2014-12-22 04:08:09',0,0),(10,'consumer','consumerswin.com',1,1462,0.53,'143.95.95.241',3,'Demeter','2014-12-06 21:51:43','2014-12-21 03:29:54',0,0),(11,'wwwcourt','courtierwines.com ',5,7,0.17,'143.95.95.241',1,'Demeter','2014-12-06 21:51:43','2014-12-21 03:29:54',0,0),(12,'devtier2','dev.tier27.com ',6,345,0.01,'143.95.95.241',1,'Demeter','2014-12-06 21:51:43','2014-12-21 03:29:54',0,0),(13,'environmentalser','environmentalservicesmarket.com',8,44,0.52,'143.95.95.241',0,'Demeter','2014-12-06 21:51:43','2014-12-21 03:29:54',0,0),(14,'eventsca','eventscalendarinfo.com',9,7922,0.73,'143.95.95.241',0,'Demeter','2014-12-06 21:51:43','2014-12-21 03:29:54',0,0),(15,'wwwfidir','fidirentals.com ',11,5030,0.01,'143.95.95.241',0,'Demeter','2014-12-06 21:51:43','2014-12-21 03:29:54',0,0),(16,'booklovers','forbookloversonly.com',1,21,0.01,'207.210.200.101',0,'Demeter','2014-12-06 21:51:43','2014-12-22 04:08:09',0,0),(17,'getreadytoprofit','getreadytoprofit.com',1,47,0.01,'207.210.200.101',0,'Demeter','2014-12-06 21:51:43','2014-12-22 04:08:09',0,0),(18,'ggarnes','glenngarnes.com',1,1529,0.43,'143.95.95.241',1,'Demeter','2014-12-06 21:51:43','2014-12-21 03:29:54',0,0),(19,'instantr','instantresource.com',1,1,0.05,'143.95.95.241',0,'Demeter','2014-12-06 21:51:43','2014-12-21 03:29:54',0,0),(20,'joshuabk','joshua-kornreich.com',6,3293,0.01,'207.210.200.101',0,'Demeter','2014-12-06 21:51:44','2014-12-22 04:08:09',0,0),(21,'g0tju1ce','juicingwithmia.com',1,123,0.04,'207.210.200.101',1,'Demeter','2014-12-06 21:51:44','2014-12-20 22:32:14',0,0),(22,'leadbook','leadbooksystem.com',1,2445,0.15,'207.210.200.101',0,'Demeter','2014-12-06 21:51:44','2014-12-20 00:28:36',0,0),(23,'wwwlintcondition','lintcondition.com',6,156,0.01,'207.210.200.101',0,'Demeter','2014-12-06 21:51:44','2014-12-20 00:28:30',0,0),(24,'wwwmanha','manhattanresidentialgroup.com',11,2540,0.01,'207.210.200.101',0,'Demeter','2014-12-06 21:51:44','2014-12-20 00:28:26',0,0),(25,'maryland','marylanddentistsilverspring.com',12,364,0.81,'207.210.200.101',0,'Demeter','2014-12-06 21:51:44','2014-12-22 04:08:09',0,0),(26,'wwwmissionbowlin','missionbowlingclub.com',13,930,0.97,'143.95.95.241',16,'Demeter','2014-12-06 21:51:44','2014-12-21 03:29:54',0,0),(27,'melissa','mmctv.org',1,27,0.11,'207.210.200.101',0,'Demeter','2014-12-06 21:51:44','2014-12-26 18:50:13',0,0),(28,'networki','networkingadvocate.com ',10,2518,0.49,'143.95.95.241',5,'Demeter','2014-12-06 21:51:44','2014-12-21 03:29:54',0,0),(29,'nittanysportshud','nittanysportshuddle.com',14,97,0.51,'207.210.200.101',0,'Demeter','2014-12-06 21:51:44','2014-12-20 00:27:45',0,0),(30,'photosby','photosbymohl.com',1,90,0.14,'207.210.200.101',3,'Demeter','2014-12-06 21:51:44','2014-12-20 22:37:47',0,0),(31,'wwwplaza','plazawarren.com',15,2,0.05,'143.95.95.241',0,'Demeter','2014-12-06 21:51:44','2014-12-22 04:08:09',0,1),(32,'alipasku','rfptrainer.com',1,148,0.51,'143.95.95.241',4,'Demeter','2014-12-06 21:51:44','2014-12-21 03:29:54',0,0),(33,'ronmetta','rlmohl.com',1,1562,0.25,'143.95.95.241',0,'Demeter','2014-12-06 21:51:44','2014-12-22 04:08:09',1,0),(34,'wwwryand','ryandouvlos.com',6,7,0.01,'207.210.200.101',0,'Demeter','2014-12-06 21:51:44','2014-12-22 04:09:55',0,0),(35,'smallbiz','sbceo.com ',1,11206,0.63,'143.95.95.241',1,'Demeter','2014-12-06 21:51:44','2014-12-21 03:29:54',0,0),(36,'wwwstrat','strategicfinancialservices.net ',16,14,0.71,'143.95.95.241',2,'Demeter','2014-12-06 21:51:44','2014-12-21 03:29:54',0,0),(37,'techimag','techimagemarketing.com ',9,290,0.81,'143.95.95.241',3,'Demeter','2014-12-06 21:51:44','2014-12-21 03:29:54',0,0),(38,'wwwtheko','thekornreich.com',17,1,0.01,'207.210.200.101',0,'Demeter','2014-12-06 21:51:44','2014-12-22 04:08:09',0,0),(39,'tiercom','tier27.com ',6,12303,0.91,'143.95.95.241',26,'Demeter','2014-12-06 21:51:44','2014-12-21 03:29:54',0,0),(40,'wwwtier2','tier27.org ',6,64,0.05,'143.95.95.241',6,'Demeter','2014-12-06 21:51:44','2014-12-21 03:29:54',0,0),(41,'wwwunite','unitederie.com',18,33,0.87,'143.95.95.241',1,'Demeter','2014-12-06 21:51:44','2014-12-21 03:29:54',0,0),(42,'wwwutemu','utemusication.com',19,249,0.31,'143.95.95.241',0,'Demeter','2014-12-06 21:51:44','2014-12-22 04:08:09',0,1),(43,'villagec','villageconnector.com ',1,67480,0.63,'143.95.95.241',11,'Demeter','2014-12-06 21:51:44','2014-12-26 18:58:45',0,0),(44,'wanderdo','wanderdogadventures.com ',4,133,0.25,'207.210.200.101',0,'Demeter','2014-12-06 21:51:44','2014-12-22 04:08:09',0,0),(45,'writerss','writerssilo.com ',1,221,0.15,'143.95.95.241',1,'Demeter','2014-12-06 21:51:44','2014-12-21 03:29:54',0,0),(46,'rblevins','yorktownesports.com',20,11051,0.89,'143.95.95.241',14,'Demeter','2014-12-06 21:51:44','2014-12-21 03:29:54',0,0),(47,'consilco','consiliumcounsel.com',7,48,0.25,'198.20.94.114',1,'Easy Business','2014-12-06 21:51:44','2014-12-25 22:54:32',0,0),(48,'danamebc','dabcla.com',7,23,0.25,'198.20.94.114',2,'Easy Business','2014-12-06 21:51:44','2014-12-25 22:54:32',0,0),(49,'kpiincco','kindredproactiveinitiative.com',7,50,0.25,'198.20.94.114',3,'Easy Business','2014-12-06 21:51:44','2014-12-25 22:54:32',0,0),(50,'mastermy','mastermylifenow.com',7,91,0.25,'198.20.94.114',4,'Easy Business','2014-12-06 21:51:45','2014-12-25 22:54:32',0,0),(51,'missn365','missionary365.com',7,85,0.25,'50.63.202.89',2,'Easy Business','2014-12-06 21:51:45','2014-12-25 22:54:32',0,0),(52,'myezbusi','myezbusiness.com',7,63,0.25,'198.20.94.114',4,'Easy Business','2014-12-06 21:51:45','2014-12-25 22:54:32',0,0),(53,'oilinyou','oilinyourlamp.com',7,63,0.25,'198.20.94.114',0,'Easy Business','2014-12-06 21:51:45','2014-12-21 03:29:54',0,0),(54,'shekgard','shekinahgarden.com',7,71,0.25,'198.20.94.114',3,'Easy Business','2014-12-06 21:51:45','2014-12-25 22:52:35',0,0),(55,'Govcon','govcononline.com',1,50,0.10,'143.95.95.241',0,'Demeter','2014-12-30 01:03:43','2014-12-30 01:03:43',0,0);
/*!40000 ALTER TABLE `accounts_hostingaccount` ENABLE KEYS */;
UNLOCK TABLES;

--
-- Table structure for table `accounts_internalaccount`
--

DROP TABLE IF EXISTS `accounts_internalaccount`;
/*!40101 SET @saved_cs_client     = @@character_set_client */;
/*!40101 SET character_set_client = utf8 */;
CREATE TABLE `accounts_internalaccount` (
  `id` int(11) NOT NULL AUTO_INCREMENT,
  `name` varchar(200) NOT NULL,
  PRIMARY KEY (`id`)
) ENGINE=MyISAM AUTO_INCREMENT=13 DEFAULT CHARSET=latin1;
/*!40101 SET character_set_client = @saved_cs_client */;

--
-- Dumping data for table `accounts_internalaccount`
--

LOCK TABLES `accounts_internalaccount` WRITE;
/*!40000 ALTER TABLE `accounts_internalaccount` DISABLE KEYS */;
INSERT INTO `accounts_internalaccount` VALUES (1,'Checking'),(2,'Ryan Douvlos Draws'),(3,'Josh Kornreich Draws'),(4,'Expenses'),(5,'Salaries'),(6,'Equity'),(7,'Ryan Douvlos Drawable'),(8,'Josh Kornreich Drawable'),(9,'Tier 27 Drawable'),(10,'Hosting'),(11,'Jim Douvlos Drawable'),(12,'Jim Douvlos Draws');
/*!40000 ALTER TABLE `accounts_internalaccount` ENABLE KEYS */;
UNLOCK TABLES;

--
-- Table structure for table `accounts_internaltransaction`
--

DROP TABLE IF EXISTS `accounts_internaltransaction`;
/*!40101 SET @saved_cs_client     = @@character_set_client */;
/*!40101 SET character_set_client = utf8 */;
CREATE TABLE `accounts_internaltransaction` (
  `id` int(11) NOT NULL AUTO_INCREMENT,
  `from_account_id` int(11) NOT NULL,
  `to_account_id` int(11) NOT NULL,
  `amount` decimal(7,2) NOT NULL,
  `vendor_id` int(11) DEFAULT NULL,
  `project_id` int(11) DEFAULT NULL,
  `notes` longtext,
  PRIMARY KEY (`id`),
  KEY `accounts_internaltransaction_851e1880` (`from_account_id`),
  KEY `accounts_internaltransaction_ea1ecf23` (`to_account_id`),
  KEY `accounts_internaltransaction_96b1f972` (`vendor_id`),
  KEY `accounts_internaltransaction_b098ad43` (`project_id`)
) ENGINE=MyISAM AUTO_INCREMENT=19 DEFAULT CHARSET=latin1;
/*!40101 SET character_set_client = @saved_cs_client */;

--
-- Dumping data for table `accounts_internaltransaction`
--

LOCK TABLES `accounts_internaltransaction` WRITE;
/*!40000 ALTER TABLE `accounts_internaltransaction` DISABLE KEYS */;
INSERT INTO `accounts_internaltransaction` VALUES (1,1,9,584.33,NULL,1,NULL),(2,1,9,91.20,NULL,1,NULL),(3,1,9,25.80,NULL,3,''),(4,1,9,800.00,NULL,1,NULL),(5,1,9,423.30,NULL,1,NULL),(6,1,9,43.20,NULL,3,NULL),(7,1,9,300.00,NULL,5,NULL),(8,9,4,83.95,NULL,NULL,NULL),(9,9,5,579.30,NULL,NULL,NULL),(10,9,10,69.02,NULL,NULL,NULL),(11,9,4,241.11,NULL,NULL,'Lenovo T430 Laptop partial payment'),(16,8,11,143.66,NULL,NULL,''),(15,9,8,718.31,NULL,NULL,''),(14,9,7,566.79,NULL,NULL,''),(17,7,11,113.36,NULL,NULL,''),(18,9,4,9.00,NULL,5,'Braintree expense');
/*!40000 ALTER TABLE `accounts_internaltransaction` ENABLE KEYS */;
UNLOCK TABLES;

--
-- Table structure for table `accounts_subscription`
--

DROP TABLE IF EXISTS `accounts_subscription`;
/*!40101 SET @saved_cs_client     = @@character_set_client */;
/*!40101 SET character_set_client = utf8 */;
CREATE TABLE `accounts_subscription` (
  `id` int(11) NOT NULL AUTO_INCREMENT,
  `client_id` int(11) NOT NULL,
  `revenue` decimal(5,2) NOT NULL,
  `periods_per_year` int(11) NOT NULL,
  `created_at` datetime NOT NULL,
  `modified_at` datetime NOT NULL,
  PRIMARY KEY (`id`),
  KEY `accounts_subscription_2bfe9d72` (`client_id`)
) ENGINE=MyISAM AUTO_INCREMENT=21 DEFAULT CHARSET=latin1;
/*!40101 SET character_set_client = @saved_cs_client */;

--
-- Dumping data for table `accounts_subscription`
--

LOCK TABLES `accounts_subscription` WRITE;
/*!40000 ALTER TABLE `accounts_subscription` DISABLE KEYS */;
INSERT INTO `accounts_subscription` VALUES (1,7,99.99,12,'2014-12-06 21:51:42','2014-12-06 21:51:42'),(2,13,149.99,1,'2014-12-06 21:51:42','2014-12-06 21:51:42'),(3,14,49.99,1,'2014-12-06 21:51:42','2014-12-06 21:51:42'),(4,17,99.99,1,'2014-12-06 21:51:42','2014-12-06 21:51:42'),(5,18,0.00,1,'2014-12-06 21:51:42','2014-12-06 21:51:42'),(6,9,0.00,1,'2014-12-06 21:51:42','2014-12-06 21:51:42'),(7,24,29.99,12,'2014-12-06 21:51:42','2014-12-06 21:51:42'),(8,19,99.99,1,'2014-12-06 21:51:42','2014-12-06 21:51:42'),(9,8,149.99,1,'2014-12-06 21:51:42','2014-12-06 21:51:42'),(10,26,0.00,1,'2014-12-06 21:51:43','2014-12-06 21:51:43'),(11,20,99.99,1,'2014-12-06 21:51:43','2014-12-06 21:51:43'),(12,25,49.99,1,'2014-12-06 21:51:43','2014-12-06 21:51:43'),(13,5,99.99,1,'2014-12-06 21:51:43','2014-12-06 21:51:43'),(14,27,49.99,1,'2014-12-06 21:51:43','2014-12-06 21:51:43'),(15,28,0.00,1,'2014-12-06 21:51:43','2014-12-06 21:51:43'),(16,31,99.99,1,'2014-12-06 21:51:43','2014-12-06 21:51:43'),(17,32,0.00,1,'2014-12-06 21:51:43','2014-12-06 21:51:43'),(18,33,99.99,1,'2014-12-06 21:51:43','2014-12-06 21:51:43'),(19,35,0.00,1,'2014-12-06 21:51:43','2014-12-06 21:51:43'),(20,34,149.99,1,'2014-12-06 21:51:43','2014-12-06 21:51:43');
/*!40000 ALTER TABLE `accounts_subscription` ENABLE KEYS */;
UNLOCK TABLES;

--
-- Table structure for table `accounts_transactionrelation`
--

DROP TABLE IF EXISTS `accounts_transactionrelation`;
/*!40101 SET @saved_cs_client     = @@character_set_client */;
/*!40101 SET character_set_client = utf8 */;
CREATE TABLE `accounts_transactionrelation` (
  `id` int(11) NOT NULL AUTO_INCREMENT,
  `ratio` decimal(5,4) DEFAULT NULL,
  `primary_transaction_id` int(11) NOT NULL,
  `related_transaction_id` int(11) NOT NULL,
  `amount` decimal(7,2) NOT NULL,
  PRIMARY KEY (`id`)
) ENGINE=MyISAM AUTO_INCREMENT=29 DEFAULT CHARSET=latin1;
/*!40101 SET character_set_client = @saved_cs_client */;

--
-- Dumping data for table `accounts_transactionrelation`
--

LOCK TABLES `accounts_transactionrelation` WRITE;
/*!40000 ALTER TABLE `accounts_transactionrelation` DISABLE KEYS */;
INSERT INTO `accounts_transactionrelation` VALUES (1,0.4412,14,1,257.81),(2,0.4412,14,2,40.24),(3,0.4412,14,3,11.03),(4,0.4412,14,4,352.96),(5,0.4412,14,5,186.76),(6,0.4412,14,6,19.06),(7,0.4412,14,7,132.36),(8,-0.4412,14,8,-37.04),(9,-0.4412,14,9,-255.59),(10,-0.4412,14,10,-30.45),(11,-0.4412,14,11,-106.38),(12,-0.4412,14,18,-3.97),(14,0.5588,15,1,326.52),(15,0.5588,15,2,50.96),(16,0.5588,15,3,14.42),(17,0.5588,15,4,447.04),(18,0.5588,15,5,236.54),(19,0.5588,15,6,24.14),(20,0.5588,15,7,167.64),(22,0.2000,16,15,143.66),(23,0.2000,17,14,113.36),(24,-0.5588,15,11,-134.73),(25,-0.5588,15,10,-38.57),(26,-0.5588,15,9,-323.71),(27,-0.5588,15,8,-46.91),(28,-0.5588,15,18,-5.03);
/*!40000 ALTER TABLE `accounts_transactionrelation` ENABLE KEYS */;
UNLOCK TABLES;

--
-- Table structure for table `accounts_transactionrelations`
--

DROP TABLE IF EXISTS `accounts_transactionrelations`;
/*!40101 SET @saved_cs_client     = @@character_set_client */;
/*!40101 SET character_set_client = utf8 */;
CREATE TABLE `accounts_transactionrelations` (
  `id` int(11) NOT NULL AUTO_INCREMENT,
  `percentage` decimal(3,2) NOT NULL,
  `amount` decimal(7,2) NOT NULL,
  `related_transaction_id` int(11) NOT NULL,
  PRIMARY KEY (`id`),
  KEY `accounts_transactionrelations_ec31330b` (`related_transaction_id`)
) ENGINE=MyISAM DEFAULT CHARSET=latin1;
/*!40101 SET character_set_client = @saved_cs_client */;

--
-- Dumping data for table `accounts_transactionrelations`
--

LOCK TABLES `accounts_transactionrelations` WRITE;
/*!40000 ALTER TABLE `accounts_transactionrelations` DISABLE KEYS */;
/*!40000 ALTER TABLE `accounts_transactionrelations` ENABLE KEYS */;
UNLOCK TABLES;

--
-- Table structure for table `auth_group`
--

DROP TABLE IF EXISTS `auth_group`;
/*!40101 SET @saved_cs_client     = @@character_set_client */;
/*!40101 SET character_set_client = utf8 */;
CREATE TABLE `auth_group` (
  `id` int(11) NOT NULL AUTO_INCREMENT,
  `name` varchar(80) NOT NULL,
  PRIMARY KEY (`id`),
  UNIQUE KEY `name` (`name`)
) ENGINE=MyISAM DEFAULT CHARSET=latin1;
/*!40101 SET character_set_client = @saved_cs_client */;

--
-- Dumping data for table `auth_group`
--

LOCK TABLES `auth_group` WRITE;
/*!40000 ALTER TABLE `auth_group` DISABLE KEYS */;
/*!40000 ALTER TABLE `auth_group` ENABLE KEYS */;
UNLOCK TABLES;

--
-- Table structure for table `auth_group_permissions`
--

DROP TABLE IF EXISTS `auth_group_permissions`;
/*!40101 SET @saved_cs_client     = @@character_set_client */;
/*!40101 SET character_set_client = utf8 */;
CREATE TABLE `auth_group_permissions` (
  `id` int(11) NOT NULL AUTO_INCREMENT,
  `group_id` int(11) NOT NULL,
  `permission_id` int(11) NOT NULL,
  PRIMARY KEY (`id`),
  UNIQUE KEY `group_id` (`group_id`,`permission_id`),
  KEY `auth_group_permissions_0e939a4f` (`group_id`),
  KEY `auth_group_permissions_8373b171` (`permission_id`)
) ENGINE=MyISAM DEFAULT CHARSET=latin1;
/*!40101 SET character_set_client = @saved_cs_client */;

--
-- Dumping data for table `auth_group_permissions`
--

LOCK TABLES `auth_group_permissions` WRITE;
/*!40000 ALTER TABLE `auth_group_permissions` DISABLE KEYS */;
/*!40000 ALTER TABLE `auth_group_permissions` ENABLE KEYS */;
UNLOCK TABLES;

--
-- Table structure for table `auth_permission`
--

DROP TABLE IF EXISTS `auth_permission`;
/*!40101 SET @saved_cs_client     = @@character_set_client */;
/*!40101 SET character_set_client = utf8 */;
CREATE TABLE `auth_permission` (
  `id` int(11) NOT NULL AUTO_INCREMENT,
  `name` varchar(50) NOT NULL,
  `content_type_id` int(11) NOT NULL,
  `codename` varchar(100) NOT NULL,
  PRIMARY KEY (`id`),
  UNIQUE KEY `content_type_id` (`content_type_id`,`codename`),
  KEY `auth_permission_417f1b1c` (`content_type_id`)
) ENGINE=MyISAM AUTO_INCREMENT=115 DEFAULT CHARSET=latin1;
/*!40101 SET character_set_client = @saved_cs_client */;

--
-- Dumping data for table `auth_permission`
--

LOCK TABLES `auth_permission` WRITE;
/*!40000 ALTER TABLE `auth_permission` DISABLE KEYS */;
INSERT INTO `auth_permission` VALUES (1,'Can add log entry',1,'add_logentry'),(2,'Can change log entry',1,'change_logentry'),(3,'Can delete log entry',1,'delete_logentry'),(4,'Can add permission',2,'add_permission'),(5,'Can change permission',2,'change_permission'),(6,'Can delete permission',2,'delete_permission'),(7,'Can add group',3,'add_group'),(8,'Can change group',3,'change_group'),(9,'Can delete group',3,'delete_group'),(10,'Can add user',4,'add_user'),(11,'Can change user',4,'change_user'),(12,'Can delete user',4,'delete_user'),(13,'Can add content type',5,'add_contenttype'),(14,'Can change content type',5,'change_contenttype'),(15,'Can delete content type',5,'delete_contenttype'),(16,'Can add session',6,'add_session'),(17,'Can change session',6,'change_session'),(18,'Can delete session',6,'delete_session'),(19,'Can add person',7,'add_person'),(20,'Can change person',7,'change_person'),(21,'Can delete person',7,'delete_person'),(22,'Can add organization',8,'add_organization'),(23,'Can change organization',8,'change_organization'),(24,'Can delete organization',8,'delete_organization'),(25,'Can add client',9,'add_client'),(26,'Can change client',9,'change_client'),(27,'Can delete client',9,'delete_client'),(28,'Can add subscription',10,'add_subscription'),(29,'Can change subscription',10,'change_subscription'),(30,'Can delete subscription',10,'delete_subscription'),(31,'Can add hosting account',11,'add_hostingaccount'),(32,'Can change hosting account',11,'change_hostingaccount'),(33,'Can delete hosting account',11,'delete_hostingaccount'),(39,'Can delete vendor',13,'delete_vendor'),(38,'Can change vendor',13,'change_vendor'),(37,'Can add vendor',13,'add_vendor'),(40,'Can add project',14,'add_project'),(41,'Can change project',14,'change_project'),(42,'Can delete project',14,'delete_project'),(43,'Can add project status',15,'add_projectstatus'),(44,'Can change project status',15,'change_projectstatus'),(45,'Can delete project status',15,'delete_projectstatus'),(46,'Can add project component',16,'add_projectcomponent'),(47,'Can change project component',16,'change_projectcomponent'),(48,'Can delete project component',16,'delete_projectcomponent'),(49,'Can add affiliation',17,'add_affiliation'),(50,'Can change affiliation',17,'change_affiliation'),(51,'Can delete affiliation',17,'delete_affiliation'),(52,'Can add work log',18,'add_worklog'),(53,'Can change work log',18,'change_worklog'),(54,'Can delete work log',18,'delete_worklog'),(55,'Can add task',19,'add_task'),(56,'Can change task',19,'change_task'),(57,'Can delete task',19,'delete_task'),(58,'Can add employee',20,'add_employee'),(59,'Can change employee',20,'change_employee'),(60,'Can delete employee',20,'delete_employee'),(61,'Can add internal account',21,'add_internalaccount'),(62,'Can change internal account',21,'change_internalaccount'),(63,'Can delete internal account',21,'delete_internalaccount'),(64,'Can add draw',22,'add_draw'),(65,'Can change draw',22,'change_draw'),(66,'Can delete draw',22,'delete_draw'),(67,'Can add internal transaction',23,'add_internaltransaction'),(68,'Can change internal transaction',23,'change_internaltransaction'),(69,'Can delete internal transaction',23,'delete_internaltransaction'),(78,'Can delete saa s provider',26,'delete_saasprovider'),(77,'Can change saa s provider',26,'change_saasprovider'),(76,'Can add saa s provider',26,'add_saasprovider'),(73,'Can add transaction relation',25,'add_transactionrelation'),(74,'Can change transaction relation',25,'change_transactionrelation'),(75,'Can delete transaction relation',25,'delete_transactionrelation'),(79,'Can add saa s subscription',27,'add_saassubscription'),(80,'Can change saa s subscription',27,'change_saassubscription'),(81,'Can delete saa s subscription',27,'delete_saassubscription'),(82,'Can add public profile',28,'add_publicprofile'),(83,'Can change public profile',28,'change_publicprofile'),(84,'Can delete public profile',28,'delete_publicprofile'),(85,'Can add organization category',29,'add_organizationcategory'),(86,'Can change organization category',29,'change_organizationcategory'),(87,'Can delete organization category',29,'delete_organizationcategory'),(88,'Can add event',30,'add_event'),(89,'Can change event',30,'change_event'),(90,'Can delete event',30,'delete_event'),(91,'Can add meeting',31,'add_meeting'),(92,'Can change meeting',31,'change_meeting'),(93,'Can delete meeting',31,'delete_meeting'),(104,'Can change harvest client',35,'change_harvestclient'),(103,'Can add harvest client',35,'add_harvestclient'),(97,'Can add harvest user',33,'add_harvestuser'),(98,'Can change harvest user',33,'change_harvestuser'),(99,'Can delete harvest user',33,'delete_harvestuser'),(100,'Can add harvest project',34,'add_harvestproject'),(101,'Can change harvest project',34,'change_harvestproject'),(102,'Can delete harvest project',34,'delete_harvestproject'),(105,'Can delete harvest client',35,'delete_harvestclient'),(106,'Can add harvest task',36,'add_harvesttask'),(107,'Can change harvest task',36,'change_harvesttask'),(108,'Can delete harvest task',36,'delete_harvesttask'),(109,'Can add harvest entry',37,'add_harvestentry'),(110,'Can change harvest entry',37,'change_harvestentry'),(111,'Can delete harvest entry',37,'delete_harvestentry'),(112,'Can add harvest task assignment',38,'add_harvesttaskassignment'),(113,'Can change harvest task assignment',38,'change_harvesttaskassignment'),(114,'Can delete harvest task assignment',38,'delete_harvesttaskassignment');
/*!40000 ALTER TABLE `auth_permission` ENABLE KEYS */;
UNLOCK TABLES;

--
-- Table structure for table `auth_user`
--

DROP TABLE IF EXISTS `auth_user`;
/*!40101 SET @saved_cs_client     = @@character_set_client */;
/*!40101 SET character_set_client = utf8 */;
CREATE TABLE `auth_user` (
  `id` int(11) NOT NULL AUTO_INCREMENT,
  `password` varchar(128) NOT NULL,
  `last_login` datetime NOT NULL,
  `is_superuser` tinyint(1) NOT NULL,
  `username` varchar(30) NOT NULL,
  `first_name` varchar(30) NOT NULL,
  `last_name` varchar(30) NOT NULL,
  `email` varchar(75) NOT NULL,
  `is_staff` tinyint(1) NOT NULL,
  `is_active` tinyint(1) NOT NULL,
  `date_joined` datetime NOT NULL,
  PRIMARY KEY (`id`),
  UNIQUE KEY `username` (`username`)
) ENGINE=MyISAM AUTO_INCREMENT=7 DEFAULT CHARSET=latin1;
/*!40101 SET character_set_client = @saved_cs_client */;

--
-- Dumping data for table `auth_user`
--

LOCK TABLES `auth_user` WRITE;
/*!40000 ALTER TABLE `auth_user` DISABLE KEYS */;
INSERT INTO `auth_user` VALUES (2,'pbkdf2_sha256$12000$Lco7ZUzXzTo7$4leXj5xfbF/4qV/kjLc0n1NfP6sPWPWu6eCel7jOdE4=','2014-12-22 23:51:00',0,'omar','','','',1,1,'2014-12-21 02:02:32'),(3,'pbkdf2_sha256$12000$3mfOb3EdKWfu$wiqjFF0wSD0Bp9x7PHTJ+A22AIekwH01DNY4ZTODZwk=','2015-01-04 20:31:17',1,'joshua','','','',1,1,'2014-12-21 02:02:45'),(4,'pbkdf2_sha256$12000$xS5d8kyawiza$9A5oDvbivkG6M+xVvdyOgauA6gPnTsXWd2R7Xdhfphw=','2015-01-03 20:24:00',1,'ryan','','','',1,1,'2014-12-21 02:03:09'),(5,'pbkdf2_sha256$12000$vgY4fWQw5Hiy$gjUTu3JBxSDkQYFTtfvjY4Yws+dkYNf89kBPhbDOcRY=','2015-01-04 03:35:35',0,'dylan','','','',1,1,'2014-12-26 19:24:55'),(6,'pbkdf2_sha256$12000$JpXfqP7tDAHI$4QgYLiKknoYYEruV7BPU8aJF9yzkpRYxvMNEBvaa7gk=','2015-01-02 22:53:59',0,'jessa','','','',1,1,'2014-12-31 18:50:51');
/*!40000 ALTER TABLE `auth_user` ENABLE KEYS */;
UNLOCK TABLES;

--
-- Table structure for table `auth_user_groups`
--

DROP TABLE IF EXISTS `auth_user_groups`;
/*!40101 SET @saved_cs_client     = @@character_set_client */;
/*!40101 SET character_set_client = utf8 */;
CREATE TABLE `auth_user_groups` (
  `id` int(11) NOT NULL AUTO_INCREMENT,
  `user_id` int(11) NOT NULL,
  `group_id` int(11) NOT NULL,
  PRIMARY KEY (`id`),
  UNIQUE KEY `user_id` (`user_id`,`group_id`),
  KEY `auth_user_groups_e8701ad4` (`user_id`),
  KEY `auth_user_groups_0e939a4f` (`group_id`)
) ENGINE=MyISAM DEFAULT CHARSET=latin1;
/*!40101 SET character_set_client = @saved_cs_client */;

--
-- Dumping data for table `auth_user_groups`
--

LOCK TABLES `auth_user_groups` WRITE;
/*!40000 ALTER TABLE `auth_user_groups` DISABLE KEYS */;
/*!40000 ALTER TABLE `auth_user_groups` ENABLE KEYS */;
UNLOCK TABLES;

--
-- Table structure for table `auth_user_user_permissions`
--

DROP TABLE IF EXISTS `auth_user_user_permissions`;
/*!40101 SET @saved_cs_client     = @@character_set_client */;
/*!40101 SET character_set_client = utf8 */;
CREATE TABLE `auth_user_user_permissions` (
  `id` int(11) NOT NULL AUTO_INCREMENT,
  `user_id` int(11) NOT NULL,
  `permission_id` int(11) NOT NULL,
  PRIMARY KEY (`id`),
  UNIQUE KEY `user_id` (`user_id`,`permission_id`),
  KEY `auth_user_user_permissions_e8701ad4` (`user_id`),
  KEY `auth_user_user_permissions_8373b171` (`permission_id`)
) ENGINE=MyISAM AUTO_INCREMENT=65 DEFAULT CHARSET=latin1;
/*!40101 SET character_set_client = @saved_cs_client */;

--
-- Dumping data for table `auth_user_user_permissions`
--

LOCK TABLES `auth_user_user_permissions` WRITE;
/*!40000 ALTER TABLE `auth_user_user_permissions` DISABLE KEYS */;
INSERT INTO `auth_user_user_permissions` VALUES (1,2,32),(46,6,23),(45,6,54),(44,6,53),(43,6,52),(42,6,24),(41,6,48),(40,6,47),(39,6,46),(38,6,45),(37,6,44),(36,6,43),(35,6,42),(34,6,41),(33,6,40),(32,6,22),(47,6,56),(48,6,57),(49,6,25),(50,6,27),(51,6,26),(52,6,55),(53,5,86),(54,5,38),(55,5,76),(56,5,77),(57,5,79),(58,5,80),(59,5,82),(60,5,83),(61,5,85),(62,5,22),(63,5,23),(64,5,37);
/*!40000 ALTER TABLE `auth_user_user_permissions` ENABLE KEYS */;
UNLOCK TABLES;

--
-- Table structure for table `django_admin_log`
--

DROP TABLE IF EXISTS `django_admin_log`;
/*!40101 SET @saved_cs_client     = @@character_set_client */;
/*!40101 SET character_set_client = utf8 */;
CREATE TABLE `django_admin_log` (
  `id` int(11) NOT NULL AUTO_INCREMENT,
  `action_time` datetime NOT NULL,
  `object_id` longtext,
  `object_repr` varchar(200) NOT NULL,
  `action_flag` smallint(5) unsigned NOT NULL,
  `change_message` longtext NOT NULL,
  `content_type_id` int(11) DEFAULT NULL,
  `user_id` int(11) NOT NULL,
  PRIMARY KEY (`id`),
  KEY `django_admin_log_417f1b1c` (`content_type_id`),
  KEY `django_admin_log_e8701ad4` (`user_id`)
) ENGINE=MyISAM AUTO_INCREMENT=331 DEFAULT CHARSET=latin1;
/*!40101 SET character_set_client = @saved_cs_client */;

--
-- Dumping data for table `django_admin_log`
--

LOCK TABLES `django_admin_log` WRITE;
/*!40000 ALTER TABLE `django_admin_log` DISABLE KEYS */;
INSERT INTO `django_admin_log` VALUES (11,'2014-12-21 03:12:17','51','missn365',2,'Changed ip.',11,2),(10,'2014-12-21 03:12:17','52','myezbusi',2,'Changed ip.',11,2),(9,'2014-12-21 03:12:17','53','oilinyou',2,'Changed ip.',11,2),(8,'2014-12-21 03:12:17','54','shekgard',2,'Changed ip.',11,2),(7,'2014-12-21 02:03:41','1','admin',3,'',4,3),(12,'2014-12-21 03:12:17','50','mastermy',2,'Changed ip.',11,2),(13,'2014-12-21 03:12:17','49','kpiincco',2,'Changed ip.',11,2),(14,'2014-12-21 03:12:17','48','danamebc',2,'Changed ip.',11,2),(15,'2014-12-21 03:12:17','47','consilco',2,'Changed ip.',11,2),(16,'2014-12-21 03:12:17','46','rblevins',2,'Changed ip.',11,2),(17,'2014-12-21 03:12:17','45','writerss',2,'Changed ip.',11,2),(18,'2014-12-21 03:12:17','44','wanderdo',2,'Changed ip.',11,2),(19,'2014-12-21 03:12:17','43','villagec',2,'Changed ip.',11,2),(20,'2014-12-21 03:12:17','42','wwwutemu',2,'Changed ip.',11,2),(21,'2014-12-21 03:12:17','41','wwwunite',2,'Changed ip.',11,2),(22,'2014-12-21 03:12:17','40','wwwtier2',2,'Changed ip.',11,2),(23,'2014-12-21 03:12:17','39','tiercom',2,'Changed ip.',11,2),(24,'2014-12-21 03:12:17','38','wwwtheko',2,'Changed ip.',11,2),(25,'2014-12-21 03:12:17','37','techimag',2,'Changed ip.',11,2),(26,'2014-12-21 03:12:17','36','wwwstrat',2,'Changed ip.',11,2),(27,'2014-12-21 03:12:17','35','smallbiz',2,'Changed ip.',11,2),(28,'2014-12-21 03:12:17','34','wwwryand',2,'Changed ip.',11,2),(29,'2014-12-21 03:12:17','33','ronmetta',2,'Changed ip.',11,2),(30,'2014-12-21 03:12:17','32','alipasku',2,'Changed ip.',11,2),(31,'2014-12-21 03:12:17','31','wwwplaza',2,'Changed ip.',11,2),(32,'2014-12-21 03:12:17','28','networki',2,'Changed ip.',11,2),(33,'2014-12-21 03:12:17','26','wwwmissionbowlin',2,'Changed ip.',11,2),(34,'2014-12-21 03:12:17','25','maryland',2,'Changed ip.',11,2),(35,'2014-12-21 03:12:17','20','joshuabk',2,'Changed ip.',11,2),(36,'2014-12-21 03:12:17','19','instantr',2,'Changed ip.',11,2),(37,'2014-12-21 03:12:17','18','ggarnes',2,'Changed ip.',11,2),(38,'2014-12-21 03:12:17','17','getreadytoprofit',2,'Changed ip.',11,2),(39,'2014-12-21 03:12:17','16','booklovers',2,'Changed ip.',11,2),(40,'2014-12-21 03:12:17','15','wwwfidir',2,'Changed ip.',11,2),(41,'2014-12-21 03:12:17','14','eventsca',2,'Changed ip.',11,2),(42,'2014-12-21 03:12:17','13','environmentalser',2,'Changed ip.',11,2),(43,'2014-12-21 03:12:17','12','devtier2',2,'Changed ip.',11,2),(44,'2014-12-21 03:12:17','11','wwwcourt',2,'Changed ip.',11,2),(45,'2014-12-21 03:12:17','10','consumer',2,'Changed ip.',11,2),(46,'2014-12-21 03:12:17','9','chewchest',2,'Changed ip.',11,2),(47,'2014-12-21 03:12:17','7','rlmohl2',2,'Changed ip.',11,2),(48,'2014-12-21 03:12:17','6','wwwcalvertpearso',2,'Changed ip.',11,2),(49,'2014-12-21 03:12:17','5','boldnewe',2,'Changed ip.',11,2),(50,'2014-12-21 03:12:17','4','wwwalleg',2,'Changed email_accounts and ip.',11,2),(51,'2014-12-21 03:12:17','3','wwwalert',2,'Changed ip.',11,2),(52,'2014-12-21 03:12:17','2','alertinf',2,'Changed ip.',11,2),(53,'2014-12-21 03:12:17','1','abundant',2,'Changed ip.',11,2),(54,'2014-12-21 03:12:51','11','wwwcourt',2,'Changed email_accounts.',11,2),(55,'2014-12-21 03:14:04','26','wwwmissionbowlin',2,'Changed email_accounts.',11,2),(56,'2014-12-21 03:14:59','36','wwwstrat',2,'Changed email_accounts.',11,2),(57,'2014-12-21 03:16:25','41','wwwunite',2,'Changed email_accounts.',11,2),(58,'2014-12-21 03:16:25','40','wwwtier2',2,'Changed email_accounts.',11,2),(59,'2014-12-21 03:29:54','54','shekgard',2,'Changed ip.',11,2),(60,'2014-12-21 03:29:54','53','oilinyou',2,'Changed ip.',11,2),(61,'2014-12-21 03:29:54','52','myezbusi',2,'Changed ip.',11,2),(62,'2014-12-21 03:29:54','51','missn365',2,'Changed ip.',11,2),(63,'2014-12-21 03:29:54','50','mastermy',2,'Changed ip.',11,2),(64,'2014-12-21 03:29:54','49','kpiincco',2,'Changed ip.',11,2),(65,'2014-12-21 03:29:54','48','danamebc',2,'Changed ip.',11,2),(66,'2014-12-21 03:29:54','47','consilco',2,'Changed ip.',11,2),(67,'2014-12-21 03:29:54','44','wanderdo',2,'Changed ip.',11,2),(68,'2014-12-21 03:29:54','43','villagec',2,'Changed ip.',11,2),(69,'2014-12-21 03:29:54','42','wwwutemu',2,'Changed ip.',11,2),(70,'2014-12-21 03:29:54','38','wwwtheko',2,'Changed ip.',11,2),(71,'2014-12-21 03:29:54','34','wwwryand',2,'Changed ip.',11,2),(72,'2014-12-21 03:29:54','33','ronmetta',2,'Changed ip.',11,2),(73,'2014-12-21 03:29:54','31','wwwplaza',2,'Changed ip.',11,2),(74,'2014-12-21 03:29:54','25','maryland',2,'Changed ip.',11,2),(75,'2014-12-21 03:29:54','20','joshuabk',2,'Changed ip.',11,2),(76,'2014-12-21 03:29:54','19','instantr',2,'Changed ip.',11,2),(77,'2014-12-21 03:29:54','17','getreadytoprofit',2,'Changed ip.',11,2),(78,'2014-12-21 03:29:54','16','booklovers',2,'Changed ip.',11,2),(79,'2014-12-21 03:29:54','15','wwwfidir',2,'Changed ip.',11,2),(80,'2014-12-21 03:29:54','14','eventsca',2,'Changed ip.',11,2),(81,'2014-12-21 03:29:54','13','environmentalser',2,'Changed ip.',11,2),(82,'2014-12-21 03:29:54','9','chewchest',2,'Changed ip.',11,2),(83,'2014-12-21 03:29:54','6','wwwcalvertpearso',2,'Changed ip.',11,2),(84,'2014-12-21 03:29:54','5','boldnewe',2,'Changed ip.',11,2),(85,'2014-12-21 03:29:54','3','wwwalert',2,'Changed ip.',11,2),(86,'2014-12-21 03:29:54','2','alertinf',2,'Changed ip.',11,2),(87,'2014-12-21 03:29:54','1','abundant',2,'Changed ip.',11,2),(88,'2014-12-21 03:29:54','45','writerss',2,'Changed ip.',11,2),(89,'2014-12-21 03:29:54','41','wwwunite',2,'Changed ip.',11,2),(90,'2014-12-21 03:29:54','35','smallbiz',2,'Changed ip.',11,2),(91,'2014-12-21 03:29:54','18','ggarnes',2,'Changed ip.',11,2),(92,'2014-12-21 03:29:54','12','devtier2',2,'Changed ip.',11,2),(93,'2014-12-21 03:29:54','11','wwwcourt',2,'Changed ip.',11,2),(94,'2014-12-21 03:29:54','36','wwwstrat',2,'Changed ip.',11,2),(95,'2014-12-21 03:29:54','7','rlmohl2',2,'Changed ip.',11,2),(96,'2014-12-21 03:29:54','37','techimag',2,'Changed ip.',11,2),(97,'2014-12-21 03:29:54','10','consumer',2,'Changed ip.',11,2),(98,'2014-12-21 03:29:54','32','alipasku',2,'Changed ip.',11,2),(99,'2014-12-21 03:29:54','28','networki',2,'Changed ip.',11,2),(100,'2014-12-21 03:29:54','40','wwwtier2',2,'Changed ip.',11,2),(101,'2014-12-21 03:29:54','4','wwwalleg',2,'Changed ip.',11,2),(102,'2014-12-21 03:29:54','46','rblevins',2,'Changed ip.',11,2),(103,'2014-12-21 03:29:54','26','wwwmissionbowlin',2,'Changed ip.',11,2),(104,'2014-12-21 03:29:54','39','tiercom',2,'Changed ip.',11,2),(105,'2014-12-22 04:08:09','44','wanderdo',2,'Changed ip.',11,2),(106,'2014-12-22 04:08:09','42','wwwutemu',2,'Changed site_down.',11,2),(107,'2014-12-22 04:08:09','38','wwwtheko',2,'Changed ip.',11,2),(108,'2014-12-22 04:08:09','33','ronmetta',2,'Changed site_compromised.',11,2),(109,'2014-12-22 04:08:09','31','wwwplaza',2,'Changed site_down.',11,2),(110,'2014-12-22 04:08:09','25','maryland',2,'Changed ip.',11,2),(111,'2014-12-22 04:08:09','20','joshuabk',2,'Changed ip.',11,2),(112,'2014-12-22 04:08:09','17','getreadytoprofit',2,'Changed ip.',11,2),(113,'2014-12-22 04:08:09','16','booklovers',2,'Changed ip.',11,2),(114,'2014-12-22 04:08:09','9','chewchest',2,'Changed ip.',11,2),(115,'2014-12-22 04:08:09','6','wwwcalvertpearso',2,'Changed ip.',11,2),(116,'2014-12-22 04:08:09','5','boldnewe',2,'Changed ip.',11,2),(117,'2014-12-22 04:08:09','3','wwwalert',2,'Changed site_down.',11,2),(118,'2014-12-22 04:08:09','2','alertinf',2,'Changed site_down.',11,2),(119,'2014-12-22 04:08:09','1','abundant',2,'Changed ip.',11,2),(120,'2014-12-22 04:09:55','34','wwwryand',2,'Changed ip.',11,2),(121,'2014-12-22 23:50:46','2','omar',2,'Changed is_superuser and user_permissions.',4,3),(122,'2014-12-23 16:22:12','1','Project object',1,'',14,3),(123,'2014-12-23 16:22:54','1','Learning Management System',2,'Changed project_code.',14,3),(124,'2014-12-23 16:25:57','1','Learning Management System',2,'Changed value.',14,3),(125,'2014-12-23 16:28:26','2','Aspen Strong Directory',1,'',14,3),(126,'2014-12-23 16:28:41','3','Tokome',1,'',14,3),(127,'2014-12-23 16:31:57','4','Westcon Directory',1,'',14,3),(128,'2014-12-23 16:48:52','4','Westcon Directory',2,'Changed status.',14,3),(129,'2014-12-23 16:50:48','5','AWARE',1,'',14,3),(130,'2014-12-23 16:55:40','5','AWARE',2,'Added project component \"Phase 1\". Added project component \"Phase 2\". Added project component \"Phase 3\". Added project component \"Phase 4\".',14,3),(131,'2014-12-23 16:55:59','4','Westcon Directory',2,'Added project component \"Phase 1\". Added project component \"Phase 2\".',14,3),(132,'2014-12-23 16:57:33','3','Tokome',2,'Added project component \"Phase 1\". Added project component \"Phase 2\". Added project component \"Phase 3\". Added project component \"Phase 4\".',14,3),(133,'2014-12-23 16:58:54','2','Aspen Strong Directory',2,'Added project component \"Initial Form Extension\". Added project component \" Category-Keyword Pairing\". Added project component \"Issue/Mental Health Diagnosis Dropdowns\". Added project component \"Filters\".',14,3),(134,'2014-12-23 17:01:30','2','Aspen Strong Directory',2,'Added project component \"Conditionally hide credentials\". Added project component \"Change options on landing page\". Added project component \"Limit personal statement\". Added project component \"Prevent users from entering the WordPress admin\". Added project component \"Clear initial search results\". Added project component \"Extend specialty functionality\". Added project component \"Allow front end form editing\". Added project component \"Mandate all fields\". Added project component \"Design single entry page\". Changed name for project component \"Initial form extension\". Changed name for project component \" Category-Keyword pairing\". Changed name for project component \"Issue/Mental Health Diagnosis dropdowns\".',14,3),(135,'2014-12-23 17:04:26','1','Learning Management System',2,'Added project component \"Retainer\". Added project component \"Phase 1\". Added project component \"Phase 2\". Added project component \"Phase 3\". Added project component \"Phase 4\". Added project component \"Phase 5\". Added project component \"Phase 6\". Added project component \"Phase 7\". Added project component \"Phase 8\".',14,3),(136,'2014-12-23 17:07:19','1','Learning Management System',2,'Changed value for project component \"Phase 8\".',14,3),(137,'2014-12-23 17:16:19','6','Reservation System',1,'',14,3),(138,'2014-12-23 17:24:48','7','Mission Bowling Club Website',1,'',14,3),(139,'2014-12-23 17:25:55','8','Sex Love',1,'',14,3),(140,'2014-12-23 17:54:32','9','LiveAha',1,'',14,3),(141,'2014-12-23 18:01:16','10','Forester Website',1,'',14,3),(142,'2014-12-23 18:02:02','11','LazyCoin',1,'',14,3),(143,'2014-12-23 18:03:17','12','ArrowTech',1,'',14,3),(144,'2014-12-23 18:19:18','12','ArrowTech',2,'No fields changed.',14,3),(145,'2014-12-23 18:20:14','12','ArrowTech',2,'No fields changed.',14,3),(146,'2014-12-23 18:20:20','12','ArrowTech',2,'Changed status for project component \"Phase 3\".',14,3),(147,'2014-12-23 18:20:26','12','ArrowTech',2,'Changed status for project component \"Phase 3\".',14,3),(148,'2014-12-23 18:20:32','11','LazyCoin',2,'No fields changed.',14,3),(149,'2014-12-23 18:20:49','11','LazyCoin',2,'No fields changed.',14,3),(150,'2014-12-23 18:22:51','11','LazyCoin',2,'No fields changed.',14,3),(151,'2014-12-23 18:22:56','10','Forester Website',2,'No fields changed.',14,3),(152,'2014-12-23 18:23:01','9','LiveAha',2,'No fields changed.',14,3),(153,'2014-12-23 18:23:04','8','Sex Love',2,'No fields changed.',14,3),(154,'2014-12-23 18:23:12','7','Mission Bowling Club Website',2,'No fields changed.',14,3),(155,'2014-12-23 18:23:21','6','Reservation System',2,'Changed value for project component \"Bug fixes\".',14,3),(156,'2014-12-23 18:23:30','3','Tokome',2,'No fields changed.',14,3),(157,'2014-12-23 18:23:35','2','Aspen Strong Directory',2,'No fields changed.',14,3),(158,'2014-12-23 18:23:45','1','Learning Management System',2,'No fields changed.',14,3),(159,'2014-12-23 18:26:08','13','Site merging',1,'',14,3),(160,'2014-12-23 18:27:35','13','Site Maintenance',2,'Changed name and code. Added project component \"WordPress Updates\".',14,3),(161,'2014-12-23 18:28:00','14','AbundiaNow',1,'',14,3),(162,'2014-12-24 19:32:58','12','ArrowTech',2,'Changed status for project component \"Phase 1\".',14,4),(163,'2014-12-24 19:33:25','12','ArrowTech',2,'Changed billed for project component \"Phase 1\".',14,4),(164,'2014-12-24 19:34:09','14','AbundiaNow',2,'Changed billed and paid for project component \"Development\".',14,3),(165,'2014-12-25 03:13:19','56','Julie Ringnes',1,'',8,3),(166,'2014-12-25 20:42:16','40','Julie Ringnes',1,'',9,3),(167,'2014-12-25 20:42:30','14','AbundiaNow',2,'Changed client.',14,3),(168,'2014-12-25 20:42:39','13','Site Maintenance',2,'Changed client.',14,3),(169,'2014-12-25 20:42:47','12','ArrowTech',2,'Changed client.',14,3),(170,'2014-12-25 20:43:05','57','LazyCoin',1,'',8,3),(171,'2014-12-25 20:43:08','41','LazyCoin',1,'',9,3),(172,'2014-12-25 20:43:37','11','LazyCoin',2,'Changed client.',14,3),(173,'2014-12-25 20:43:46','10','Forester Website',2,'Changed client.',14,3),(174,'2014-12-25 20:44:13','9','LiveAha',2,'Changed client.',14,3),(175,'2014-12-25 20:44:31','8','Sex Love',2,'Changed client.',14,3),(176,'2014-12-25 20:44:39','7','Mission Bowling Club Website',2,'Changed client.',14,3),(177,'2014-12-25 20:44:46','6','Reservation System',2,'Changed client.',14,3),(178,'2014-12-25 20:44:49','6','Reservation System',2,'No fields changed.',14,3),(179,'2014-12-25 20:45:00','5','AWARE',2,'Changed client.',14,3),(180,'2014-12-25 20:45:15','4','Westcon Directory',2,'Changed client.',14,3),(181,'2014-12-25 20:45:24','3','Tokome',2,'Changed client.',14,3),(182,'2014-12-25 20:45:29','2','Aspen Strong Directory',2,'No fields changed.',14,3),(183,'2014-12-25 20:45:42','1','Learning Management System',2,'Changed client.',14,3),(184,'2014-12-25 20:59:23','57','LazyCoin',2,'Added affiliation \"Affiliation object\".',8,3),(185,'2014-12-25 20:59:31','56','Julie Ringnes',2,'Added affiliation \"Affiliation object\".',8,3),(186,'2014-12-25 21:00:59','33','Manhattan Residential Group',2,'Deleted affiliation \"Affiliation object\".',8,3),(187,'2014-12-25 21:01:11','32','Environmental Services Marketplace',2,'Deleted affiliation \"Affiliation object\".',8,3),(188,'2014-12-25 21:06:13','58','Capital Connections',1,'',8,3),(189,'2014-12-25 21:06:18','53','Michael Douglass',1,'',7,3),(190,'2014-12-25 21:06:36','42','Capital Connections',1,'',9,3),(191,'2014-12-25 21:07:15','15','Capital Connections',1,'',14,3),(192,'2014-12-25 21:10:03','16','RFP Trainer',1,'',14,3),(193,'2014-12-25 21:19:48','17','Land of Possibility',1,'',14,3),(194,'2014-12-25 22:52:35','54','shekgard',2,'Changed email_accounts.',11,3),(195,'2014-12-25 22:54:32','52','myezbusi',2,'Changed email_accounts.',11,3),(196,'2014-12-25 22:54:32','51','missn365',2,'Changed email_accounts.',11,3),(197,'2014-12-25 22:54:32','50','mastermy',2,'Changed email_accounts.',11,3),(198,'2014-12-25 22:54:32','49','kpiincco',2,'Changed email_accounts.',11,3),(199,'2014-12-25 22:54:32','48','danamebc',2,'Changed email_accounts.',11,3),(200,'2014-12-25 22:54:32','47','consilco',2,'Changed email_accounts.',11,3),(201,'2014-12-25 23:01:00','18','Yorktowne Sports',1,'',14,3),(202,'2014-12-26 17:38:24','19','Glenn Garnes',1,'',14,3),(203,'2014-12-26 18:50:13','27','melissa',2,'Changed ip.',11,3),(204,'2014-12-26 18:58:45','43','villagec',2,'Changed email_accounts.',11,3),(205,'2014-12-26 19:16:40','12','ArrowTech',2,'Changed billed for project component \"Phase 1\".',14,3),(206,'2014-12-26 19:24:41','19','Glenn Garnes',2,'Changed manager.',14,3),(207,'2014-12-26 19:24:41','18','Yorktowne Sports',2,'Changed manager.',14,3),(208,'2014-12-26 19:24:41','17','Land of Possibility',2,'Changed manager.',14,3),(209,'2014-12-26 19:24:41','16','RFP Trainer',2,'Changed manager.',14,3),(210,'2014-12-26 19:24:55','5','dylan',1,'',4,3),(211,'2014-12-26 19:25:04','5','dylan',2,'Changed is_staff.',4,3),(212,'2014-12-26 19:25:34','15','Capital Connections',2,'Changed manager.',14,3),(213,'2014-12-26 19:25:34','14','AbundiaNow',2,'Changed manager.',14,3),(214,'2014-12-26 19:25:35','13','Site Maintenance',2,'Changed manager.',14,3),(215,'2014-12-26 19:25:35','12','ArrowTech',2,'Changed manager.',14,3),(216,'2014-12-26 19:25:35','11','LazyCoin',2,'Changed manager.',14,3),(217,'2014-12-26 19:25:35','10','Forester Website',2,'Changed manager.',14,3),(218,'2014-12-26 19:25:35','9','LiveAha',2,'Changed manager.',14,3),(219,'2014-12-26 19:25:35','8','Sex Love',2,'Changed manager.',14,3),(220,'2014-12-26 19:26:07','7','Mission Bowling Club Website',2,'Changed manager.',14,3),(221,'2014-12-26 19:26:07','6','Reservation System',2,'Changed manager.',14,3),(222,'2014-12-26 19:26:07','5','AWARE',2,'Changed manager.',14,3),(223,'2014-12-26 19:26:07','4','Westcon Directory',2,'Changed manager.',14,3),(224,'2014-12-26 19:26:07','2','Aspen Strong Directory',2,'Changed manager.',14,3),(225,'2014-12-26 19:33:41','17','Land of Possibility',2,'Changed priority.',14,3),(226,'2014-12-26 19:33:41','12','ArrowTech',2,'Changed priority.',14,3),(227,'2014-12-26 19:33:41','11','LazyCoin',2,'Changed priority.',14,3),(228,'2014-12-26 19:33:41','9','LiveAha',2,'Changed priority.',14,3),(229,'2014-12-26 19:33:41','7','Mission Bowling Club Website',2,'Changed priority.',14,3),(230,'2014-12-26 19:33:41','6','Reservation System',2,'Changed priority.',14,3),(231,'2014-12-26 19:33:41','5','AWARE',2,'Changed priority.',14,3),(232,'2014-12-26 19:33:41','4','Westcon Directory',2,'Changed priority.',14,3),(233,'2014-12-26 19:33:41','3','Tokome',2,'Changed priority.',14,3),(234,'2014-12-26 19:33:41','2','Aspen Strong Directory',2,'Changed priority.',14,3),(235,'2014-12-26 19:33:41','1','Learning Management System',2,'Changed priority.',14,3),(236,'2014-12-26 19:36:06','20','Server Migration',1,'',14,3),(237,'2014-12-26 19:36:17','2','Aspen Strong Directory',2,'Changed priority.',14,3),(238,'2014-12-26 21:02:20','21','ConnectDG',1,'',14,4),(239,'2014-12-26 21:02:28','21','ConnectDG',2,'Changed priority.',14,4),(240,'2014-12-26 21:03:36','21','ConnectDG',2,'Added project component \"ConnectDG\".',14,4),(241,'2014-12-30 01:03:43','55','Govcon',1,'',11,3),(242,'2014-12-31 18:50:51','6','jessa',1,'',4,3),(243,'2014-12-31 18:51:46','6','jess',2,'Changed username and user_permissions.',4,3),(244,'2014-12-31 18:52:37','6','jessa',2,'Changed username and is_staff.',4,3),(245,'2015-01-02 22:52:47','6','jessa',2,'Changed user_permissions.',4,3),(246,'2015-01-02 23:00:47','14','AbundiaNow',2,'Changed notes. Added task \"Task object\". Added task \"Task object\". Added task \"Task object\".',14,6),(247,'2015-01-02 23:05:42','14','AbundiaNow',2,'Changed person for task \"Install the plugins\". Changed person for task \"Point the domain to our server\r\n\".',14,6),(248,'2015-01-02 23:06:51','4','Program project link on Tasks view to link to the project, not the task',1,'',19,6),(249,'2015-01-03 20:13:37','57','Mat Getz',1,'',7,3),(250,'2015-01-03 20:15:01','57','Matt Getz',2,'Changed first_name.',7,3),(251,'2015-01-03 20:22:50','1','Business Checking',1,'',21,3),(252,'2015-01-03 20:23:29','2','Ryan Douvlos Draws',1,'',21,3),(253,'2015-01-03 20:23:34','3','Josh Kornreich Draws',1,'',21,3),(254,'2015-01-03 20:25:43','4','Expenses',1,'',21,3),(255,'2015-01-03 20:25:52','5','Salaries',1,'',21,3),(256,'2015-01-03 20:25:59','1','Checking',2,'Changed name.',21,3),(257,'2015-01-03 20:26:05','6','Equity',1,'',21,3),(258,'2015-01-03 20:36:25','7','Ryan Douvlos Drawable',1,'',21,3),(259,'2015-01-03 20:36:37','8','Josh Kornreich Drawable',1,'',21,3),(260,'2015-01-03 20:37:59','9','Tier 27 Drawable',1,'',21,3),(261,'2015-01-03 20:38:21','1','InternalTransaction object',1,'',23,3),(262,'2015-01-03 20:44:01','1','InternalTransaction object',2,'No fields changed.',23,3),(263,'2015-01-03 20:44:26','2','InternalTransaction object',1,'',23,3),(264,'2015-01-03 20:44:57','3','InternalTransaction object',1,'',23,3),(265,'2015-01-03 20:45:14','4','InternalTransaction object',1,'',23,3),(266,'2015-01-03 20:45:32','5','InternalTransaction object',1,'',23,3),(267,'2015-01-03 20:45:56','6','InternalTransaction object',1,'',23,3),(268,'2015-01-03 20:46:08','7','InternalTransaction object',1,'',23,3),(269,'2015-01-03 21:03:02','8','InternalTransaction object',1,'',23,3),(270,'2015-01-03 21:03:14','9','InternalTransaction object',1,'',23,3),(271,'2015-01-03 21:03:29','10','Hosting',1,'',21,3),(272,'2015-01-03 21:03:36','10','InternalTransaction object',1,'',23,3),(273,'2015-01-03 21:04:46','11','InternalTransaction object',1,'',23,3),(274,'2015-01-03 21:04:46','12','InternalTransaction object',1,'',23,3),(275,'2015-01-03 21:57:16','14','None :: 453.68',1,'',23,3),(276,'2015-01-03 21:57:32','13','None :: 453.68',3,'',23,3),(277,'2015-01-03 21:57:54','14','None :: 453.68',2,'Added transaction relation \"TransactionRelation object\".',23,3),(278,'2015-01-03 21:58:26','14','None :: 453.68',2,'Added transaction relation \"TransactionRelation object\". Added transaction relation \"TransactionRelation object\". Added transaction relation \"TransactionRelation object\". Added transaction relation \"TransactionRelation object\". Added transaction relation \"TransactionRelation object\". Added transaction relation \"TransactionRelation object\". Changed ratio for transaction relation \"TransactionRelation object\".',23,3),(279,'2015-01-03 21:58:27','14','None :: 453.68',2,'Added transaction relation \"TransactionRelation object\". Added transaction relation \"TransactionRelation object\". Added transaction relation \"TransactionRelation object\". Added transaction relation \"TransactionRelation object\". Added transaction relation \"TransactionRelation object\". Added transaction relation \"TransactionRelation object\".',23,3),(280,'2015-01-03 22:04:20','15','Josh Kornreich Draws :: 574.68',1,'',23,3),(281,'2015-01-03 22:04:26','15','Josh Kornreich Draws :: 574.68',2,'Deleted transaction relation \"TransactionRelation object\".',23,3),(282,'2015-01-03 22:05:20','12','Expenses :: 241.11',3,'',23,3),(283,'2015-01-03 22:05:48','11','Jim Douvlos Drawable',1,'',21,3),(284,'2015-01-03 22:05:55','12','Jim Douvlos Draws',1,'',21,3),(285,'2015-01-03 22:06:29','16','Jim Douvlos Drawable :: 0.0',1,'',23,3),(286,'2015-01-03 22:06:39','16','Jim Douvlos Drawable :: 114.94',2,'Changed amount.',23,3),(287,'2015-01-03 22:06:53','17','Jim Douvlos Drawable :: 0.0',1,'',23,3),(288,'2015-01-03 22:06:58','17','Jim Douvlos Drawable :: 90.74',2,'Changed amount.',23,3),(289,'2015-01-03 22:07:26','15','Josh Kornreich Drawable :: 574.68',2,'Changed to_account.',23,3),(290,'2015-01-03 22:13:23','15','Josh Kornreich Drawable :: 574.68',2,'Added transaction relation \"TransactionRelation object\". Added transaction relation \"TransactionRelation object\". Added transaction relation \"TransactionRelation object\". Added transaction relation \"TransactionRelation object\".',23,3),(291,'2015-01-03 22:13:45','15','Josh Kornreich Drawable :: 574.68',2,'Changed ratio for transaction relation \"TransactionRelation object\".',23,3),(292,'2015-01-03 22:15:18','15','Josh Kornreich Drawable :: 574.68',2,'Changed amount for transaction relation \"TransactionRelation object\". Changed ratio and amount for transaction relation \"TransactionRelation object\". Changed ratio and amount for transaction relation \"TransactionRelation object\". Changed ratio and amount for transaction relation \"TransactionRelation object\".',23,3),(293,'2015-01-03 22:28:30','15','Josh Kornreich Drawable :: 574.68',2,'Changed ratio and amount for transaction relation \"TransactionRelation object\". Changed ratio and amount for transaction relation \"TransactionRelation object\". Changed ratio and amount for transaction relation \"TransactionRelation object\". Changed ratio and amount for transaction relation \"TransactionRelation object\".',23,3),(294,'2015-01-03 22:37:00','15','Josh Kornreich Drawable :: 574.68',2,'Changed related_transaction and amount for transaction relation \"TransactionRelation object\".',23,3),(295,'2015-01-03 22:37:36','18','AWARE :: 9.00',1,'',23,3),(296,'2015-01-03 22:37:46','15','Josh Kornreich Drawable :: 574.68',2,'Added transaction relation \"TransactionRelation object\".',23,3),(297,'2015-01-03 22:38:03','3','Tokome :: 25.80',2,'Changed amount.',23,3),(298,'2015-01-03 22:38:27','15','Josh Kornreich Drawable :: 574.68',2,'Changed amount for transaction relation \"TransactionRelation object\".',23,3),(299,'2015-01-03 22:43:58','14','Ryan Douvlos Drawable :: 453.68',2,'Changed related_transaction, ratio and amount for transaction relation \"TransactionRelation object\". Changed related_transaction, ratio and amount for transaction relation \"TransactionRelation object\". Changed related_transaction, ratio and amount for transaction relation \"TransactionRelation object\". Changed related_transaction, ratio and amount for transaction relation \"TransactionRelation object\". Changed related_transaction, ratio and amount for transaction relation \"TransactionRelation object\". Deleted transaction relation \"TransactionRelation object\".',23,3),(300,'2015-01-03 22:44:14','15','Josh Kornreich Drawable :: 718.31',2,'Changed amount.',23,3),(301,'2015-01-03 22:44:23','14','Ryan Douvlos Drawable :: 893.31',2,'Changed amount.',23,3),(302,'2015-01-03 22:46:49','14','Ryan Douvlos Drawable :: 893.31',2,'Changed amount for transaction relation \"TransactionRelation object\".',23,3),(303,'2015-01-03 22:47:27','14','Ryan Douvlos Drawable :: 566.79',2,'Changed amount.',23,3),(304,'2015-01-03 22:49:44','16','Jim Douvlos Drawable :: 114.94',2,'Changed amount for transaction relation \"TransactionRelation object\".',23,3),(305,'2015-01-03 22:49:54','16','Jim Douvlos Drawable :: 143.66',2,'Changed amount.',23,3),(306,'2015-01-03 22:50:04','17','Jim Douvlos Drawable :: 90.74',2,'Changed amount. Changed amount for transaction relation \"TransactionRelation object\".',23,3),(307,'2015-01-03 22:50:12','17','Jim Douvlos Drawable :: 113.36',2,'Changed amount.',23,3),(308,'2015-01-04 03:01:08','1','CRm',1,'',29,3),(309,'2015-01-04 03:01:45','1','CRM',2,'Changed name.',29,3),(310,'2015-01-04 03:01:50','2','Finance',1,'',29,3),(311,'2015-01-04 03:01:55','3','Accounting',1,'',29,3),(312,'2015-01-04 03:01:59','4','Collaboration',1,'',29,3),(313,'2015-01-04 03:02:05','5','Communication',1,'',29,3),(314,'2015-01-04 03:02:09','6','Marketing',1,'',29,3),(315,'2015-01-04 03:02:11','7','Support',1,'',29,3),(316,'2015-01-04 03:02:16','8','eCommerce',1,'',29,3),(317,'2015-01-04 03:02:20','9','Human Relations',1,'',29,3),(318,'2015-01-04 03:02:36','1','Customer Relationship Management (CRM)',2,'Changed name.',29,3),(319,'2015-01-04 03:02:41','9','Human Relations (HR)',2,'Changed name.',29,3),(320,'2015-01-04 03:02:56','60','Harvest',1,'',8,3),(321,'2015-01-04 03:06:02','10','Efficiency',1,'',29,3),(322,'2015-01-04 03:06:11','11','Information Technology',1,'',29,3),(323,'2015-01-04 03:06:17','14','Harvest',1,'',26,3),(324,'2015-01-04 03:07:02','14','Harvest',2,'Added Subscription Option \"Solo\". Added Subscription Option \"Basic\". Added Subscription Option \"Business\".',26,3),(325,'2015-01-04 03:07:14','14','Harvest',2,'Added Subscription Option \"Free\".',26,3),(326,'2015-01-04 03:25:21','61','Facebook',1,'',8,3),(327,'2015-01-04 03:26:28','12','Networking',1,'',29,3),(328,'2015-01-04 03:26:57','15','Facebook',1,'',26,3),(329,'2015-01-04 03:32:52','1','PublicProfile object',1,'',28,3),(330,'2015-01-04 03:35:29','5','dylan',2,'Changed user_permissions.',4,3);
/*!40000 ALTER TABLE `django_admin_log` ENABLE KEYS */;
UNLOCK TABLES;

--
-- Table structure for table `django_content_type`
--

DROP TABLE IF EXISTS `django_content_type`;
/*!40101 SET @saved_cs_client     = @@character_set_client */;
/*!40101 SET character_set_client = utf8 */;
CREATE TABLE `django_content_type` (
  `id` int(11) NOT NULL AUTO_INCREMENT,
  `name` varchar(100) NOT NULL,
  `app_label` varchar(100) NOT NULL,
  `model` varchar(100) NOT NULL,
  PRIMARY KEY (`id`),
  UNIQUE KEY `django_content_type_app_label_45f3b1d93ec8c61c_uniq` (`app_label`,`model`)
) ENGINE=MyISAM AUTO_INCREMENT=39 DEFAULT CHARSET=latin1;
/*!40101 SET character_set_client = @saved_cs_client */;

--
-- Dumping data for table `django_content_type`
--

LOCK TABLES `django_content_type` WRITE;
/*!40000 ALTER TABLE `django_content_type` DISABLE KEYS */;
INSERT INTO `django_content_type` VALUES (1,'log entry','admin','logentry'),(2,'permission','auth','permission'),(3,'group','auth','group'),(4,'user','auth','user'),(5,'content type','contenttypes','contenttype'),(6,'session','sessions','session'),(7,'person','people','person'),(8,'organization','people','organization'),(9,'client','people','client'),(10,'subscription','accounts','subscription'),(11,'hosting account','accounts','hostingaccount'),(13,'vendor','people','vendor'),(14,'project','projects','project'),(15,'project status','projects','projectstatus'),(16,'project component','projects','projectcomponent'),(17,'affiliation','people','affiliation'),(18,'work log','projects','worklog'),(19,'task','projects','task'),(20,'employee','people','employee'),(21,'internal account','accounts','internalaccount'),(22,'draw','accounts','draw'),(23,'internal transaction','accounts','internaltransaction'),(26,'saa s provider','people','saasprovider'),(25,'transaction relation','accounts','transactionrelation'),(27,'saa s subscription','people','saassubscription'),(28,'public profile','people','publicprofile'),(29,'organization category','people','organizationcategory'),(30,'event','events','event'),(31,'meeting','events','meeting'),(35,'harvest client','harvestapp','harvestclient'),(33,'harvest user','harvestapp','harvestuser'),(34,'harvest project','harvestapp','harvestproject'),(36,'harvest task','harvestapp','harvesttask'),(37,'harvest entry','harvestapp','harvestentry'),(38,'harvest task assignment','harvestapp','harvesttaskassignment');
/*!40000 ALTER TABLE `django_content_type` ENABLE KEYS */;
UNLOCK TABLES;

--
-- Table structure for table `django_migrations`
--

DROP TABLE IF EXISTS `django_migrations`;
/*!40101 SET @saved_cs_client     = @@character_set_client */;
/*!40101 SET character_set_client = utf8 */;
CREATE TABLE `django_migrations` (
  `id` int(11) NOT NULL AUTO_INCREMENT,
  `app` varchar(255) NOT NULL,
  `name` varchar(255) NOT NULL,
  `applied` datetime NOT NULL,
  PRIMARY KEY (`id`)
) ENGINE=MyISAM AUTO_INCREMENT=94 DEFAULT CHARSET=latin1;
/*!40101 SET character_set_client = @saved_cs_client */;

--
-- Dumping data for table `django_migrations`
--

LOCK TABLES `django_migrations` WRITE;
/*!40000 ALTER TABLE `django_migrations` DISABLE KEYS */;
INSERT INTO `django_migrations` VALUES (1,'people','0001_initial','2014-12-21 01:46:01'),(2,'people','0002_auto_20141221_0100','2014-12-21 01:46:01'),(3,'people','0003_auto_20141221_0110','2014-12-21 01:46:02'),(4,'people','0004_auto_20141221_0112','2014-12-21 01:46:02'),(5,'people','0005_auto_20141221_0114','2014-12-21 01:46:02'),(6,'people','0006_auto_20141221_0114','2014-12-21 01:46:02'),(7,'people','0007_client','2014-12-21 01:46:02'),(8,'people','0008_auto_20141221_0118','2014-12-21 01:46:03'),(9,'people','0009_client','2014-12-21 01:46:03'),(10,'people','0010_auto_20141221_0130','2014-12-21 01:46:03'),(11,'accounts','0001_initial','2014-12-21 01:48:54'),(12,'contenttypes','0001_initial','2014-12-21 01:48:54'),(13,'auth','0001_initial','2014-12-21 01:48:55'),(14,'admin','0001_initial','2014-12-21 01:48:55'),(15,'sessions','0001_initial','2014-12-21 01:48:55'),(16,'accounts','0002_hostingaccount','2014-12-21 01:49:33'),(17,'people','0011_vendor','2014-12-21 02:00:00'),(18,'people','0012_auto_20141221_0200','2014-12-21 02:00:35'),(19,'people','0013_vendor','2014-12-21 02:00:57'),(20,'accounts','0003_auto_20141222_0231','2014-12-22 02:31:35'),(21,'projects','0001_initial','2014-12-23 16:21:50'),(22,'projects','0002_project_project_code','2014-12-23 16:22:48'),(23,'projects','0003_auto_20141223_1625','2014-12-23 16:25:08'),(24,'projects','0004_auto_20141223_1633','2014-12-23 16:34:00'),(25,'projects','0005_projectcomponent','2014-12-23 16:53:58'),(26,'projects','0006_remove_project_value','2014-12-23 17:16:50'),(27,'projects','0007_project_client','2014-12-25 03:10:34'),(28,'projects','0008_auto_20141225_0311','2014-12-25 03:11:28'),(29,'people','0014_affiliation','2014-12-25 03:16:03'),(30,'people','0015_auto_20141225_0316','2014-12-25 03:16:50'),(31,'people','0016_auto_20141225_0317','2014-12-25 03:17:17'),(32,'people','0017_remove_affiliation_context','2014-12-25 03:17:29'),(33,'people','0018_affiliation_context','2014-12-25 03:17:51'),(34,'people','0019_auto_20141225_0318','2014-12-25 03:18:12'),(35,'people','0020_auto_20141225_2042','2014-12-25 20:42:15'),(36,'accounts','0004_auto_20141226_1849','2014-12-26 18:50:01'),(37,'projects','0009_project_manager','2014-12-26 19:19:58'),(38,'projects','0010_auto_20141226_1921','2014-12-26 19:21:07'),(39,'projects','0011_auto_20141226_1931','2014-12-26 19:31:08'),(40,'projects','0012_auto_20141226_1931','2014-12-26 19:31:58'),(41,'projects','0013_remove_project_priority','2014-12-26 19:31:58'),(42,'projects','0014_project_priority','2014-12-26 19:32:07'),(43,'projects','0015_project_notes','2015-01-02 22:37:12'),(44,'projects','0016_project_due','2015-01-02 22:40:48'),(45,'projects','0017_worklog','2015-01-02 22:49:00'),(46,'projects','0018_task','2015-01-02 22:51:40'),(47,'projects','0019_task_project','2015-01-02 22:53:40'),(48,'projects','0020_auto_20150102_2256','2015-01-02 22:56:27'),(49,'projects','0021_task_complete','2015-01-02 22:57:24'),(50,'people','0021_auto_20150103_2008','2015-01-03 20:08:50'),(51,'accounts','0005_draw_internalaccount','2015-01-03 20:20:40'),(52,'accounts','0006_internalaccount_name','2015-01-03 20:22:42'),(53,'accounts','0007_internaltransaction','2015-01-03 20:27:14'),(54,'projects','0022_auto_20150103_2034','2015-01-03 20:34:29'),(55,'accounts','0008_auto_20150103_2034','2015-01-03 20:34:30'),(56,'accounts','0009_auto_20150103_2035','2015-01-03 20:35:39'),(57,'accounts','0010_auto_20150103_2035','2015-01-03 20:35:56'),(60,'accounts','0011_remove_internaltransaction_project','2015-01-03 15:41:44'),(61,'accounts','0012_internaltransaction_project','2015-01-03 20:42:16'),(62,'accounts','0013_auto_20150103_2043','2015-01-03 20:43:57'),(63,'accounts','0014_internaltransaction_notes','2015-01-03 21:04:20'),(64,'accounts','0015_auto_20150103_2140','2015-01-03 21:40:05'),(65,'accounts','0016_auto_20150103_2141','2015-01-03 16:42:30'),(66,'accounts','0017_remove_transactionrelation_amount','2015-01-03 21:47:34'),(67,'accounts','0018_transactionrelation_amount','2015-01-03 21:48:13'),(68,'accounts','0019_auto_20150103_2148','2015-01-03 21:55:58'),(69,'accounts','0020_auto_20150103_2155','2015-01-03 21:55:58'),(70,'accounts','0021_auto_20150103_2156','2015-01-03 21:56:29'),(71,'accounts','0022_auto_20150103_2156','2015-01-03 22:00:54'),(72,'people','0022_saasprovider','2015-01-04 02:29:02'),(73,'people','0023_auto_20150104_0235','2015-01-04 02:35:40'),(74,'people','0024_auto_20150104_0242','2015-01-04 02:42:15'),(75,'people','0025_auto_20150104_0245','2015-01-04 02:45:26'),(76,'people','0026_auto_20150104_0246','2015-01-04 02:46:32'),(77,'people','0027_auto_20150104_0300','2015-01-04 03:00:06'),(78,'people','0028_auto_20150104_0327','2015-01-04 03:27:29'),(79,'harvestapp','0001_initial','2015-01-04 20:14:26'),(80,'harvestapp','0002_user_harvest_id','2015-01-04 20:17:54'),(81,'harvestapp','0003_auto_20150104_2042','2015-01-04 20:42:52'),(82,'harvestapp','0004_remove_harvestproject_harvest_id','2015-01-04 20:57:02'),(83,'harvestapp','0005_auto_20150104_2103','2015-01-04 21:03:24'),(84,'harvestapp','0006_remove_harvestuser_harvest_id','2015-01-04 21:05:13'),(85,'harvestapp','0007_auto_20150104_2108','2015-01-04 21:08:16'),(86,'harvestapp','0008_harvesttask','2015-01-04 21:13:21'),(87,'harvestapp','0009_harvestentry','2015-01-04 21:22:14'),(88,'harvestapp','0010_auto_20150104_2126','2015-01-04 21:26:10'),(89,'harvestapp','0011_auto_20150104_2130','2015-01-04 21:30:47'),(90,'harvestapp','0012_auto_20150104_2131','2015-01-04 21:31:29'),(91,'harvestapp','0013_auto_20150104_2134','2015-01-04 21:35:00'),(92,'harvestapp','0014_harvesttaskassignment','2015-01-04 21:39:59'),(93,'harvestapp','0015_auto_20150104_2146','2015-01-04 21:47:01');
/*!40000 ALTER TABLE `django_migrations` ENABLE KEYS */;
UNLOCK TABLES;

--
-- Table structure for table `django_session`
--

DROP TABLE IF EXISTS `django_session`;
/*!40101 SET @saved_cs_client     = @@character_set_client */;
/*!40101 SET character_set_client = utf8 */;
CREATE TABLE `django_session` (
  `session_key` varchar(40) NOT NULL,
  `session_data` longtext NOT NULL,
  `expire_date` datetime NOT NULL,
  PRIMARY KEY (`session_key`),
  KEY `django_session_de54fa62` (`expire_date`)
) ENGINE=MyISAM DEFAULT CHARSET=latin1;
/*!40101 SET character_set_client = @saved_cs_client */;

--
-- Dumping data for table `django_session`
--

LOCK TABLES `django_session` WRITE;
/*!40000 ALTER TABLE `django_session` DISABLE KEYS */;
INSERT INTO `django_session` VALUES ('dg6hja7afcesume0u89e98f1p2vekek4','NjJlM2RkMDAwZGNkNzY3M2VjZWY2OTU0ZDYyZDM2MTExMmY3NjFiZTp7Il9hdXRoX3VzZXJfaGFzaCI6ImM1OTk5YmZmZWQ4ZDI5NmE4YWZlZjE3ZGRkMDVkODYwMDNmNmI5ZTAiLCJfYXV0aF91c2VyX2JhY2tlbmQiOiJkamFuZ28uY29udHJpYi5hdXRoLmJhY2tlbmRzLk1vZGVsQmFja2VuZCIsIl9hdXRoX3VzZXJfaWQiOjJ9','2015-01-04 03:09:12'),('g2tlz30uak16ea6b2y5puey1bzrnt61a','NjJlM2RkMDAwZGNkNzY3M2VjZWY2OTU0ZDYyZDM2MTExMmY3NjFiZTp7Il9hdXRoX3VzZXJfaGFzaCI6ImM1OTk5YmZmZWQ4ZDI5NmE4YWZlZjE3ZGRkMDVkODYwMDNmNmI5ZTAiLCJfYXV0aF91c2VyX2JhY2tlbmQiOiJkamFuZ28uY29udHJpYi5hdXRoLmJhY2tlbmRzLk1vZGVsQmFja2VuZCIsIl9hdXRoX3VzZXJfaWQiOjJ9','2015-01-04 02:03:48'),('gckggd75n45plmafe5qfqha5plzbzk46','NjJlM2RkMDAwZGNkNzY3M2VjZWY2OTU0ZDYyZDM2MTExMmY3NjFiZTp7Il9hdXRoX3VzZXJfaGFzaCI6ImM1OTk5YmZmZWQ4ZDI5NmE4YWZlZjE3ZGRkMDVkODYwMDNmNmI5ZTAiLCJfYXV0aF91c2VyX2JhY2tlbmQiOiJkamFuZ28uY29udHJpYi5hdXRoLmJhY2tlbmRzLk1vZGVsQmFja2VuZCIsIl9hdXRoX3VzZXJfaWQiOjJ9','2015-01-05 02:33:57'),('apaar8zhuypvbvfv8hef0w5dq9c812n7','NzIyNzI4ZGE5ZDdjNTQ3MzI2MTRjMDljZDllMWM2YjBlNzZiNThiOTp7Il9hdXRoX3VzZXJfaGFzaCI6IjgzMjRjMTA4MTJkN2ExYTY4N2EzNmJmNjY5N2FlZDFhOWRiNDdkOWYiLCJfYXV0aF91c2VyX2JhY2tlbmQiOiJkamFuZ28uY29udHJpYi5hdXRoLmJhY2tlbmRzLk1vZGVsQmFja2VuZCIsIl9hdXRoX3VzZXJfaWQiOjN9','2015-01-05 02:03:18'),('etdepqlucpvpiwv7opfwrnzvko9mvdd4','MTlhMmIxOWU3YjM5NjE1ZjBjZDQyM2YxM2Q4NTA1OGJkZGY0YzI0Mzp7Il9hdXRoX3VzZXJfaGFzaCI6IjFiMTkwZjI1Nzc0MjgzM2IzY2U2ZTUwYzAwY2FhYWI1MjEyZTdiYmEiLCJfYXV0aF91c2VyX2JhY2tlbmQiOiJkamFuZ28uY29udHJpYi5hdXRoLmJhY2tlbmRzLk1vZGVsQmFja2VuZCIsIl9hdXRoX3VzZXJfaWQiOjR9','2015-01-07 19:10:21'),('eiaionf0nilokqr9sgjbzvkm6oy98aey','NzIyNzI4ZGE5ZDdjNTQ3MzI2MTRjMDljZDllMWM2YjBlNzZiNThiOTp7Il9hdXRoX3VzZXJfaGFzaCI6IjgzMjRjMTA4MTJkN2ExYTY4N2EzNmJmNjY5N2FlZDFhOWRiNDdkOWYiLCJfYXV0aF91c2VyX2JhY2tlbmQiOiJkamFuZ28uY29udHJpYi5hdXRoLmJhY2tlbmRzLk1vZGVsQmFja2VuZCIsIl9hdXRoX3VzZXJfaWQiOjN9','2015-01-05 23:51:18'),('4zbfzo5us2jc4ao1mi9qzrgrzf1ia0lg','NzIyNzI4ZGE5ZDdjNTQ3MzI2MTRjMDljZDllMWM2YjBlNzZiNThiOTp7Il9hdXRoX3VzZXJfaGFzaCI6IjgzMjRjMTA4MTJkN2ExYTY4N2EzNmJmNjY5N2FlZDFhOWRiNDdkOWYiLCJfYXV0aF91c2VyX2JhY2tlbmQiOiJkamFuZ28uY29udHJpYi5hdXRoLmJhY2tlbmRzLk1vZGVsQmFja2VuZCIsIl9hdXRoX3VzZXJfaWQiOjN9','2015-01-06 16:19:23'),('lh016mnrgmvrqkj7895ijwxtwkmc8hhz','NzIyNzI4ZGE5ZDdjNTQ3MzI2MTRjMDljZDllMWM2YjBlNzZiNThiOTp7Il9hdXRoX3VzZXJfaGFzaCI6IjgzMjRjMTA4MTJkN2ExYTY4N2EzNmJmNjY5N2FlZDFhOWRiNDdkOWYiLCJfYXV0aF91c2VyX2JhY2tlbmQiOiJkamFuZ28uY29udHJpYi5hdXRoLmJhY2tlbmRzLk1vZGVsQmFja2VuZCIsIl9hdXRoX3VzZXJfaWQiOjN9','2015-01-06 17:12:55'),('plzckm10zrfs69yi48rmujy46j2vt06q','NzIyNzI4ZGE5ZDdjNTQ3MzI2MTRjMDljZDllMWM2YjBlNzZiNThiOTp7Il9hdXRoX3VzZXJfaGFzaCI6IjgzMjRjMTA4MTJkN2ExYTY4N2EzNmJmNjY5N2FlZDFhOWRiNDdkOWYiLCJfYXV0aF91c2VyX2JhY2tlbmQiOiJkamFuZ28uY29udHJpYi5hdXRoLmJhY2tlbmRzLk1vZGVsQmFja2VuZCIsIl9hdXRoX3VzZXJfaWQiOjN9','2015-01-07 19:09:56'),('30bu8urb4egvqi7h3c51jucg79kcn6vj','MDhjNmM2NTlhYTgwM2YzNTA2ZWM1ZjUxOTY4OTY5M2I4ZmY2NjJiNDp7fQ==','2015-01-08 03:07:45'),('qsoxk4yigxs355s62bsljufuz3j5jhdz','MDhjNmM2NTlhYTgwM2YzNTA2ZWM1ZjUxOTY4OTY5M2I4ZmY2NjJiNDp7fQ==','2015-01-08 20:40:12'),('dq034potts2nqi8sgjuswx88a371ba32','NzIyNzI4ZGE5ZDdjNTQ3MzI2MTRjMDljZDllMWM2YjBlNzZiNThiOTp7Il9hdXRoX3VzZXJfaGFzaCI6IjgzMjRjMTA4MTJkN2ExYTY4N2EzNmJmNjY5N2FlZDFhOWRiNDdkOWYiLCJfYXV0aF91c2VyX2JhY2tlbmQiOiJkamFuZ28uY29udHJpYi5hdXRoLmJhY2tlbmRzLk1vZGVsQmFja2VuZCIsIl9hdXRoX3VzZXJfaWQiOjN9','2015-01-08 03:07:52'),('9geky4lftj9q6220mqtn3n4d6a32b9ol','NzIyNzI4ZGE5ZDdjNTQ3MzI2MTRjMDljZDllMWM2YjBlNzZiNThiOTp7Il9hdXRoX3VzZXJfaGFzaCI6IjgzMjRjMTA4MTJkN2ExYTY4N2EzNmJmNjY5N2FlZDFhOWRiNDdkOWYiLCJfYXV0aF91c2VyX2JhY2tlbmQiOiJkamFuZ28uY29udHJpYi5hdXRoLmJhY2tlbmRzLk1vZGVsQmFja2VuZCIsIl9hdXRoX3VzZXJfaWQiOjN9','2015-01-08 20:40:16'),('menk7udt6xpzxgli3k6g3m4dkjsrsn9a','NzIyNzI4ZGE5ZDdjNTQ3MzI2MTRjMDljZDllMWM2YjBlNzZiNThiOTp7Il9hdXRoX3VzZXJfaGFzaCI6IjgzMjRjMTA4MTJkN2ExYTY4N2EzNmJmNjY5N2FlZDFhOWRiNDdkOWYiLCJfYXV0aF91c2VyX2JhY2tlbmQiOiJkamFuZ28uY29udHJpYi5hdXRoLmJhY2tlbmRzLk1vZGVsQmFja2VuZCIsIl9hdXRoX3VzZXJfaWQiOjN9','2015-01-08 22:52:27'),('x09m1tkgubcy3klkg10p4psjscfco2zu','NzIyNzI4ZGE5ZDdjNTQ3MzI2MTRjMDljZDllMWM2YjBlNzZiNThiOTp7Il9hdXRoX3VzZXJfaGFzaCI6IjgzMjRjMTA4MTJkN2ExYTY4N2EzNmJmNjY5N2FlZDFhOWRiNDdkOWYiLCJfYXV0aF91c2VyX2JhY2tlbmQiOiJkamFuZ28uY29udHJpYi5hdXRoLmJhY2tlbmRzLk1vZGVsQmFja2VuZCIsIl9hdXRoX3VzZXJfaWQiOjN9','2015-01-09 16:52:14'),('agiyku3pczsoy5w2go73uexulx60g4cl','NzIyNzI4ZGE5ZDdjNTQ3MzI2MTRjMDljZDllMWM2YjBlNzZiNThiOTp7Il9hdXRoX3VzZXJfaGFzaCI6IjgzMjRjMTA4MTJkN2ExYTY4N2EzNmJmNjY5N2FlZDFhOWRiNDdkOWYiLCJfYXV0aF91c2VyX2JhY2tlbmQiOiJkamFuZ28uY29udHJpYi5hdXRoLmJhY2tlbmRzLk1vZGVsQmFja2VuZCIsIl9hdXRoX3VzZXJfaWQiOjN9','2015-01-09 18:41:54'),('6az9bvlqta5tulk8i54ot5d65p5smxj4','NzIyNzI4ZGE5ZDdjNTQ3MzI2MTRjMDljZDllMWM2YjBlNzZiNThiOTp7Il9hdXRoX3VzZXJfaGFzaCI6IjgzMjRjMTA4MTJkN2ExYTY4N2EzNmJmNjY5N2FlZDFhOWRiNDdkOWYiLCJfYXV0aF91c2VyX2JhY2tlbmQiOiJkamFuZ28uY29udHJpYi5hdXRoLmJhY2tlbmRzLk1vZGVsQmFja2VuZCIsIl9hdXRoX3VzZXJfaWQiOjN9','2015-01-09 20:54:42'),('hv9zo2bxqfnrtlnufmokw0xlcmjy0t3h','NzIyNzI4ZGE5ZDdjNTQ3MzI2MTRjMDljZDllMWM2YjBlNzZiNThiOTp7Il9hdXRoX3VzZXJfaGFzaCI6IjgzMjRjMTA4MTJkN2ExYTY4N2EzNmJmNjY5N2FlZDFhOWRiNDdkOWYiLCJfYXV0aF91c2VyX2JhY2tlbmQiOiJkamFuZ28uY29udHJpYi5hdXRoLmJhY2tlbmRzLk1vZGVsQmFja2VuZCIsIl9hdXRoX3VzZXJfaWQiOjN9','2015-01-12 03:52:51'),('fl2p5xu79qrtm73amjxy037yz1ivsfwg','MDQxMDM0YTMzOGJlYTNmZDAyMTk2YWJiZDZkMjQ1Y2Y4MTk2MzU2Njp7Il9hdXRoX3VzZXJfaGFzaCI6IjBlZjYxYzAyMDg0ZjNiYjE2ZTRiMmY3ZTZhMzJlY2U0NGNmZTYyMjUiLCJfYXV0aF91c2VyX2JhY2tlbmQiOiJkamFuZ28uY29udHJpYi5hdXRoLmJhY2tlbmRzLk1vZGVsQmFja2VuZCIsIl9hdXRoX3VzZXJfaWQiOjZ9','2015-01-16 22:25:07'),('qg7qcl1qgkjiwp6abzgyljln07pj5qb5','NzIyNzI4ZGE5ZDdjNTQ3MzI2MTRjMDljZDllMWM2YjBlNzZiNThiOTp7Il9hdXRoX3VzZXJfaGFzaCI6IjgzMjRjMTA4MTJkN2ExYTY4N2EzNmJmNjY5N2FlZDFhOWRiNDdkOWYiLCJfYXV0aF91c2VyX2JhY2tlbmQiOiJkamFuZ28uY29udHJpYi5hdXRoLmJhY2tlbmRzLk1vZGVsQmFja2VuZCIsIl9hdXRoX3VzZXJfaWQiOjN9','2015-01-13 00:17:38'),('j674myyiaxfnrcf70215wta3graweowq','NzIyNzI4ZGE5ZDdjNTQ3MzI2MTRjMDljZDllMWM2YjBlNzZiNThiOTp7Il9hdXRoX3VzZXJfaGFzaCI6IjgzMjRjMTA4MTJkN2ExYTY4N2EzNmJmNjY5N2FlZDFhOWRiNDdkOWYiLCJfYXV0aF91c2VyX2JhY2tlbmQiOiJkamFuZ28uY29udHJpYi5hdXRoLmJhY2tlbmRzLk1vZGVsQmFja2VuZCIsIl9hdXRoX3VzZXJfaWQiOjN9','2015-01-13 22:46:27'),('8rg1dcjrjt14gvxiq3vtz0nyay7w1nrg','MTlhMmIxOWU3YjM5NjE1ZjBjZDQyM2YxM2Q4NTA1OGJkZGY0YzI0Mzp7Il9hdXRoX3VzZXJfaGFzaCI6IjFiMTkwZjI1Nzc0MjgzM2IzY2U2ZTUwYzAwY2FhYWI1MjEyZTdiYmEiLCJfYXV0aF91c2VyX2JhY2tlbmQiOiJkamFuZ28uY29udHJpYi5hdXRoLmJhY2tlbmRzLk1vZGVsQmFja2VuZCIsIl9hdXRoX3VzZXJfaWQiOjR9','2015-01-14 07:46:15'),('dq1co8t86881xl28g6gv14mwds56k5x2','MDQxMDM0YTMzOGJlYTNmZDAyMTk2YWJiZDZkMjQ1Y2Y4MTk2MzU2Njp7Il9hdXRoX3VzZXJfaGFzaCI6IjBlZjYxYzAyMDg0ZjNiYjE2ZTRiMmY3ZTZhMzJlY2U0NGNmZTYyMjUiLCJfYXV0aF91c2VyX2JhY2tlbmQiOiJkamFuZ28uY29udHJpYi5hdXRoLmJhY2tlbmRzLk1vZGVsQmFja2VuZCIsIl9hdXRoX3VzZXJfaWQiOjZ9','2015-01-14 18:52:44'),('7k6xwkpsqshvnmmkc566vhyu91mk2e5k','MDQxMDM0YTMzOGJlYTNmZDAyMTk2YWJiZDZkMjQ1Y2Y4MTk2MzU2Njp7Il9hdXRoX3VzZXJfaGFzaCI6IjBlZjYxYzAyMDg0ZjNiYjE2ZTRiMmY3ZTZhMzJlY2U0NGNmZTYyMjUiLCJfYXV0aF91c2VyX2JhY2tlbmQiOiJkamFuZ28uY29udHJpYi5hdXRoLmJhY2tlbmRzLk1vZGVsQmFja2VuZCIsIl9hdXRoX3VzZXJfaWQiOjZ9','2015-01-16 22:53:59'),('6v3q2vep1wvtqa43n8j6i3rr2vuv34qt','MTlhMmIxOWU3YjM5NjE1ZjBjZDQyM2YxM2Q4NTA1OGJkZGY0YzI0Mzp7Il9hdXRoX3VzZXJfaGFzaCI6IjFiMTkwZjI1Nzc0MjgzM2IzY2U2ZTUwYzAwY2FhYWI1MjEyZTdiYmEiLCJfYXV0aF91c2VyX2JhY2tlbmQiOiJkamFuZ28uY29udHJpYi5hdXRoLmJhY2tlbmRzLk1vZGVsQmFja2VuZCIsIl9hdXRoX3VzZXJfaWQiOjR9','2015-01-17 20:24:00'),('chtvsrvqjf6rexm05emchqal4g0ie77v','NDY4NTZmYjEyZjJjOWVhYWZjNzY3OGI1Yjg3NDNiZDQwM2Q0YzhhNTp7Il9hdXRoX3VzZXJfaGFzaCI6ImFjMzU1NjNmODdlYTNhOGQ3NWRlOTBiODc2NjE2YmM5ZDJiOTkyOWEiLCJfYXV0aF91c2VyX2JhY2tlbmQiOiJkamFuZ28uY29udHJpYi5hdXRoLmJhY2tlbmRzLk1vZGVsQmFja2VuZCIsIl9hdXRoX3VzZXJfaWQiOjV9','2015-01-18 03:35:35'),('qkde2bxvr7rieqc92t4v2tjcuzx7dqf5','MDhjNmM2NTlhYTgwM2YzNTA2ZWM1ZjUxOTY4OTY5M2I4ZmY2NjJiNDp7fQ==','2015-01-18 20:31:14'),('qd73myuwmjddy91hdrosuzl21naot3bo','NzIyNzI4ZGE5ZDdjNTQ3MzI2MTRjMDljZDllMWM2YjBlNzZiNThiOTp7Il9hdXRoX3VzZXJfaGFzaCI6IjgzMjRjMTA4MTJkN2ExYTY4N2EzNmJmNjY5N2FlZDFhOWRiNDdkOWYiLCJfYXV0aF91c2VyX2JhY2tlbmQiOiJkamFuZ28uY29udHJpYi5hdXRoLmJhY2tlbmRzLk1vZGVsQmFja2VuZCIsIl9hdXRoX3VzZXJfaWQiOjN9','2015-01-18 20:31:17');
/*!40000 ALTER TABLE `django_session` ENABLE KEYS */;
UNLOCK TABLES;

--
-- Table structure for table `events_event`
--

DROP TABLE IF EXISTS `events_event`;
/*!40101 SET @saved_cs_client     = @@character_set_client */;
/*!40101 SET character_set_client = utf8 */;
CREATE TABLE `events_event` (
  `id` int(11) NOT NULL AUTO_INCREMENT,
  `start_time` datetime NOT NULL,
  `end_time` datetime NOT NULL,
  `project_id` int(11),
  PRIMARY KEY (`id`)
) ENGINE=InnoDB AUTO_INCREMENT=5 DEFAULT CHARSET=latin1;
/*!40101 SET character_set_client = @saved_cs_client */;

--
-- Dumping data for table `events_event`
--

LOCK TABLES `events_event` WRITE;
/*!40000 ALTER TABLE `events_event` DISABLE KEYS */;
INSERT INTO `events_event` VALUES (2,'2015-01-05 15:30:00','2015-01-05 16:00:00',9),(3,'2015-01-05 16:00:00','2015-01-05 16:30:00',21),(4,'2015-01-05 22:30:00','2015-01-05 23:00:00',1);
/*!40000 ALTER TABLE `events_event` ENABLE KEYS */;
UNLOCK TABLES;

--
-- Table structure for table `events_event_people`
--

DROP TABLE IF EXISTS `events_event_people`;
/*!40101 SET @saved_cs_client     = @@character_set_client */;
/*!40101 SET character_set_client = utf8 */;
CREATE TABLE `events_event_people` (
  `id` int(11) NOT NULL AUTO_INCREMENT,
  `event_id` int(11) NOT NULL,
  `person_id` int(11) NOT NULL,
  PRIMARY KEY (`id`),
  UNIQUE KEY `event_id` (`event_id`,`person_id`),
  KEY `events_event_people_4437cfac` (`event_id`),
  KEY `events_event_people_a8452ca7` (`person_id`),
  CONSTRAINT `events_event_people_event_id_2379fb1166c99d60_fk_events_event_id` FOREIGN KEY (`event_id`) REFERENCES `events_event` (`id`)
) ENGINE=InnoDB AUTO_INCREMENT=11 DEFAULT CHARSET=latin1;
/*!40101 SET character_set_client = @saved_cs_client */;

--
-- Dumping data for table `events_event_people`
--

LOCK TABLES `events_event_people` WRITE;
/*!40000 ALTER TABLE `events_event_people` DISABLE KEYS */;
INSERT INTO `events_event_people` VALUES (1,2,19),(2,2,20),(4,3,19),(3,3,32),(5,4,4),(6,4,5),(7,4,6),(8,4,7),(9,4,17),(10,4,19);
/*!40000 ALTER TABLE `events_event_people` ENABLE KEYS */;
UNLOCK TABLES;

--
-- Table structure for table `events_meeting`
--

DROP TABLE IF EXISTS `events_meeting`;
/*!40101 SET @saved_cs_client     = @@character_set_client */;
/*!40101 SET character_set_client = utf8 */;
CREATE TABLE `events_meeting` (
  `event_ptr_id` int(11) NOT NULL,
  PRIMARY KEY (`event_ptr_id`),
  CONSTRAINT `events_meeting_event_ptr_id_329bcbbaefd240c5_fk_events_event_id` FOREIGN KEY (`event_ptr_id`) REFERENCES `events_event` (`id`)
) ENGINE=InnoDB DEFAULT CHARSET=latin1;
/*!40101 SET character_set_client = @saved_cs_client */;

--
-- Dumping data for table `events_meeting`
--

LOCK TABLES `events_meeting` WRITE;
/*!40000 ALTER TABLE `events_meeting` DISABLE KEYS */;
INSERT INTO `events_meeting` VALUES (2),(3),(4);
/*!40000 ALTER TABLE `events_meeting` ENABLE KEYS */;
UNLOCK TABLES;

--
-- Table structure for table `harvestapp_harvestclient`
--

DROP TABLE IF EXISTS `harvestapp_harvestclient`;
/*!40101 SET @saved_cs_client     = @@character_set_client */;
/*!40101 SET character_set_client = utf8 */;
CREATE TABLE `harvestapp_harvestclient` (
  `id` int(11) NOT NULL AUTO_INCREMENT,
  `name` varchar(200) NOT NULL,
  `created_at` datetime NOT NULL,
  `updated_at` datetime NOT NULL,
  `active` tinyint(1) NOT NULL,
  `details` longtext,
  PRIMARY KEY (`id`)
) ENGINE=InnoDB AUTO_INCREMENT=3070799 DEFAULT CHARSET=latin1;
/*!40101 SET character_set_client = @saved_cs_client */;

--
-- Dumping data for table `harvestapp_harvestclient`
--

LOCK TABLES `harvestapp_harvestclient` WRITE;
/*!40000 ALTER TABLE `harvestapp_harvestclient` DISABLE KEYS */;
INSERT INTO `harvestapp_harvestclient` VALUES (2621487,'Tier 27','2014-07-13 13:53:26','2015-01-04 21:10:01',1,''),(2621496,'Joshua Kornreich','2014-07-13 14:18:50','2015-01-04 21:10:01',1,''),(2621760,'Stefano Bertocci','2014-07-13 23:20:24','2015-01-04 21:10:01',1,''),(2621781,'Glenn Garnes','2014-07-14 00:03:00','2015-01-04 21:10:01',1,''),(2621782,'ECSR','2014-07-14 00:04:32','2015-01-04 21:10:01',1,''),(2621784,'Jackie Swensen','2014-07-14 00:04:56','2015-01-04 21:10:01',1,''),(2621890,'Alejandro Uribe','2014-07-14 02:01:04','2015-01-04 21:10:01',1,''),(2623317,'Bob Graham','2014-07-14 17:01:45','2015-01-04 21:10:01',1,''),(2635906,'Steve Zahm','2014-07-18 19:08:39','2015-01-04 21:10:01',1,''),(2636979,'Alexander di Chiara','2014-07-19 23:18:46','2015-01-04 21:10:01',1,''),(2639277,'Lisa LaMagna','2014-07-21 16:03:34','2015-01-04 21:10:01',1,''),(2652859,'Jaimin Doshi','2014-07-23 11:37:58','2015-01-04 21:10:01',1,''),(2681022,'Victor Sanabrais','2014-08-02 00:25:02','2015-01-04 21:10:01',1,''),(2683451,'Michael McCloy','2014-08-04 12:52:07','2015-01-04 21:10:01',1,''),(2683453,'Ryan Douvlos','2014-08-04 12:53:47','2015-01-04 21:10:01',1,''),(2688359,'Buck Baldwin','2014-08-05 11:48:54','2015-01-04 21:10:01',1,''),(2699485,'AJ Silvers','2014-08-08 03:11:45','2015-01-04 21:10:01',1,''),(2708423,'Paul Jones','2014-08-12 16:24:17','2015-01-04 21:10:01',1,''),(2719529,'Ryan Nuhfer','2014-08-15 15:25:12','2015-01-04 21:10:01',1,''),(2729470,'Mission Bowling Club','2014-08-19 15:05:57','2015-01-04 21:10:01',1,''),(2745904,'Steve Hoskinson','2014-08-26 17:51:57','2015-01-04 21:10:01',1,''),(2746900,'Branching Minds','2014-08-27 01:54:48','2015-01-04 21:10:01',1,''),(2752845,'Mike Smith','2014-08-28 16:34:48','2015-01-04 21:10:01',1,''),(2755096,'Jim Douvlos','2014-08-29 15:16:30','2015-01-04 21:10:01',1,''),(2756514,'Dustin S','2014-08-30 00:39:26','2015-01-04 21:10:01',1,''),(2756945,'Danial','2014-08-30 16:24:29','2015-01-04 21:10:01',1,''),(2757265,'Jeff Gazdak','2014-08-31 05:47:20','2015-01-04 21:10:01',1,''),(2759700,'Dillan','2014-09-01 20:03:14','2015-01-04 21:10:01',1,''),(2804356,'Magnus Grimmett','2014-09-18 15:20:11','2015-01-04 21:10:01',1,''),(2818010,'John Donaldson','2014-09-25 00:52:42','2015-01-04 21:10:01',1,''),(2819172,'XYZ','2014-09-25 14:25:29','2015-01-04 21:10:01',1,''),(2827309,'Darren Andrews','2014-09-29 15:58:26','2015-01-04 21:10:01',1,''),(2829596,'Amor Innovations','2014-09-29 21:48:38','2015-01-04 21:10:01',1,''),(2894456,'Brenda Whyte','2014-10-15 19:28:56','2015-01-04 21:10:01',1,''),(2910485,'Al Granger','2014-10-22 19:25:57','2015-01-04 21:10:01',1,''),(3064486,'Julie Ringnes','2014-12-24 17:33:45','2015-01-04 21:10:01',1,''),(3069050,'Renee Canali','2014-12-30 01:06:59','2015-01-04 21:10:01',1,''),(3069051,'Ali Paskun','2014-12-30 01:07:34','2015-01-04 21:10:01',1,''),(3070798,'Rodney Blevins','2014-12-30 18:20:50','2015-01-04 21:10:01',1,'');
/*!40000 ALTER TABLE `harvestapp_harvestclient` ENABLE KEYS */;
UNLOCK TABLES;

--
-- Table structure for table `harvestapp_harvestentry`
--

DROP TABLE IF EXISTS `harvestapp_harvestentry`;
/*!40101 SET @saved_cs_client     = @@character_set_client */;
/*!40101 SET character_set_client = utf8 */;
CREATE TABLE `harvestapp_harvestentry` (
  `id` int(11) NOT NULL AUTO_INCREMENT,
  `spent_at` datetime DEFAULT NULL,
  `is_billed` tinyint(1) NOT NULL,
  `notes` longtext,
  `timer_started_at` datetime DEFAULT NULL,
  `hours` decimal(4,2) NOT NULL,
  `created_at` datetime NOT NULL,
  `updated_at` datetime NOT NULL,
  `adjustment_record` tinyint(1) NOT NULL,
  `is_closed` tinyint(1) NOT NULL,
  `user_id` int(11),
  `task_id` int(11),
  `project_id` int(11),
  PRIMARY KEY (`id`),
  KEY `harvestapp_harvestentry_e8701ad4` (`user_id`),
  KEY `harvestapp_harvestentry_57746cc8` (`task_id`),
  KEY `harvestapp_harvestentry_b098ad43` (`project_id`),
  CONSTRAINT `harv_project_id_223186c17d28c425_fk_harvestapp_harvestproject_id` FOREIGN KEY (`project_id`) REFERENCES `harvestapp_harvestproject` (`id`),
  CONSTRAINT `harvestapp_task_id_41dc670b2d93b8e4_fk_harvestapp_harvesttask_id` FOREIGN KEY (`task_id`) REFERENCES `harvestapp_harvesttask` (`id`),
  CONSTRAINT `harvestapp_user_id_30ec75edbe4e33de_fk_harvestapp_harvestuser_id` FOREIGN KEY (`user_id`) REFERENCES `harvestapp_harvestuser` (`id`)
) ENGINE=InnoDB AUTO_INCREMENT=288964133 DEFAULT CHARSET=latin1;
/*!40101 SET character_set_client = @saved_cs_client */;

--
-- Dumping data for table `harvestapp_harvestentry`
--

LOCK TABLES `harvestapp_harvestentry` WRITE;
/*!40000 ALTER TABLE `harvestapp_harvestentry` DISABLE KEYS */;
INSERT INTO `harvestapp_harvestentry` VALUES (241631445,'2014-07-13 00:00:00',0,NULL,'2015-01-04 00:00:00',0.66,'2014-07-13 14:19:24','2015-01-04 21:33:28',0,0,783108,3253595,NULL),(241632208,'2014-07-13 00:00:00',0,NULL,'2015-01-04 00:00:00',0.42,'2014-07-13 14:43:21','2015-01-04 21:33:28',0,0,783108,3253605,NULL),(241633180,'2014-07-13 00:00:00',0,'Content management','2015-01-04 00:00:00',2.70,'2014-07-13 15:15:18','2015-01-04 21:33:28',0,0,783108,3253992,NULL),(241642368,'2014-07-13 00:00:00',0,NULL,'2015-01-04 00:00:00',0.42,'2014-07-13 19:47:24','2015-01-04 21:33:28',0,0,783108,3254032,NULL),(241649254,'2014-07-13 00:00:00',0,NULL,'2015-01-04 00:00:00',0.40,'2014-07-13 22:17:58','2015-01-04 21:33:28',0,0,783108,3253911,NULL),(241654237,'2014-07-13 00:00:00',0,NULL,'2015-01-04 00:00:00',0.73,'2014-07-13 23:20:51','2015-01-04 21:33:28',0,0,783108,3253992,NULL),(241656978,'2014-07-13 00:00:00',0,NULL,'2015-01-04 00:00:00',0.69,'2014-07-13 23:50:48','2015-01-04 21:33:28',0,0,783108,3253567,NULL),(241669758,'2014-07-13 00:00:00',0,NULL,'2015-01-04 00:00:00',0.63,'2014-07-14 02:01:45','2015-01-04 21:33:28',0,0,783108,3253992,NULL),(241992418,'2014-07-14 00:00:00',0,'Meeting with Ryan','2015-01-04 00:00:00',1.50,'2014-07-14 16:46:28','2015-01-04 21:33:28',0,0,783108,3253568,NULL),(241992637,'2014-07-14 00:00:00',0,'Tiki Water Sports','2015-01-04 00:00:00',1.25,'2014-07-14 16:46:57','2015-01-04 21:33:28',0,0,783108,3253911,NULL),(241993233,'2014-07-14 00:00:00',0,NULL,'2015-01-04 00:00:00',0.75,'2014-07-14 16:48:20','2015-01-04 21:33:28',0,0,783108,3254032,NULL),(241993827,'2014-07-14 00:00:00',0,NULL,'2015-01-04 00:00:00',0.25,'2014-07-14 16:49:34','2015-01-04 21:33:28',0,0,783108,3253606,NULL),(242037524,'2014-07-14 00:00:00',0,NULL,'2015-01-04 00:00:00',0.38,'2014-07-14 18:40:53','2015-01-04 21:33:28',0,0,783108,3253567,NULL),(242124166,'2014-07-14 00:00:00',0,NULL,'2015-01-04 00:00:00',1.34,'2014-07-14 23:22:50','2015-01-04 21:33:28',0,0,783108,3253992,NULL),(242233974,'2014-07-15 00:00:00',0,NULL,'2015-01-04 00:00:00',2.27,'2014-07-15 12:26:48','2015-01-04 21:33:28',0,0,783108,3253567,NULL),(242341748,'2014-07-15 00:00:00',0,NULL,'2015-01-04 00:00:00',0.50,'2014-07-15 16:45:59','2015-01-04 21:33:28',0,0,783108,3253567,NULL),(242341790,'2014-07-15 00:00:00',0,NULL,'2015-01-04 00:00:00',6.00,'2014-07-15 16:46:05','2015-01-04 21:33:28',0,0,783108,3253992,NULL),(242457221,'2014-07-15 00:00:00',0,'Phone meeting','2015-01-04 00:00:00',0.29,'2014-07-15 22:56:34','2015-01-04 21:33:28',0,0,783108,3254032,NULL),(242572297,'2014-07-16 00:00:00',0,NULL,'2015-01-04 00:00:00',2.68,'2014-07-16 13:05:55','2015-01-04 21:33:28',0,0,783108,3253992,NULL),(242611959,'2014-07-16 00:00:00',0,'Meeting with Tim and Bob','2015-01-04 00:00:00',0.78,'2014-07-16 14:43:51','2015-01-04 21:33:28',0,0,783108,3254032,NULL),(242630902,'2014-07-16 00:00:00',0,NULL,'2015-01-04 00:00:00',0.17,'2014-07-16 15:30:06','2015-01-04 21:33:28',0,0,783108,3253567,NULL),(242636128,'2014-07-16 00:00:00',0,NULL,'2015-01-04 00:00:00',1.53,'2014-07-16 15:43:42','2015-01-04 21:33:28',0,0,783108,3253992,NULL),(242676414,'2014-07-16 00:00:00',0,'Phone meeting','2015-01-04 00:00:00',0.17,'2014-07-16 17:12:30','2015-01-04 21:33:28',0,0,783108,3254032,NULL),(242679938,'2014-07-16 00:00:00',0,NULL,'2015-01-04 00:00:00',0.25,'2014-07-16 17:24:05','2015-01-04 21:33:28',0,0,783108,3253567,NULL),(242772923,'2014-07-16 00:00:00',0,NULL,'2015-01-04 00:00:00',1.69,'2014-07-16 22:58:48','2015-01-04 21:33:28',0,0,783108,3253911,NULL),(242902251,'2014-07-17 00:00:00',0,NULL,'2015-01-04 00:00:00',0.92,'2014-07-17 13:43:49','2015-01-04 21:33:28',0,0,783108,3254032,NULL),(242902296,'2014-07-17 00:00:00',0,NULL,'2015-01-04 00:00:00',0.25,'2014-07-17 13:43:57','2015-01-04 21:33:28',0,0,783108,3253567,NULL),(242902333,'2014-07-17 00:00:00',0,NULL,'2015-01-04 00:00:00',0.25,'2014-07-17 13:44:05','2015-01-04 21:33:28',0,0,783108,3253992,NULL),(242902423,'2014-07-17 00:00:00',0,NULL,'2015-01-04 00:00:00',1.78,'2014-07-17 13:44:24','2015-01-04 21:33:28',0,0,783108,3253566,NULL),(242908633,'2014-07-17 00:00:00',0,NULL,'2015-01-04 00:00:00',0.28,'2014-07-17 14:01:06','2015-01-04 21:33:28',0,0,783108,3253595,NULL),(242969106,'2014-07-17 00:00:00',0,NULL,'2015-01-04 00:00:00',0.67,'2014-07-17 16:38:12','2015-01-04 21:33:28',0,0,783108,3266878,NULL),(242974355,'2014-07-17 00:00:00',0,'Alexander di Chiara','2015-01-04 00:00:00',0.60,'2014-07-17 16:55:14','2015-01-04 21:33:28',0,0,783108,3254032,NULL),(243018561,'2014-07-17 00:00:00',0,NULL,'2015-01-04 00:00:00',3.33,'2014-07-17 19:36:19','2015-01-04 21:33:28',0,0,783108,3253992,NULL),(243027739,'2014-07-17 00:00:00',0,NULL,'2015-01-04 00:00:00',0.67,'2014-07-17 20:08:57','2015-01-04 21:33:28',0,0,783108,3253567,NULL),(243190792,'2014-07-18 00:00:00',0,NULL,'2015-01-04 00:00:00',2.40,'2014-07-18 12:52:35','2015-01-04 21:33:28',0,0,783108,3253992,NULL),(243233322,'2014-07-18 00:00:00',0,NULL,'2015-01-04 00:00:00',0.97,'2014-07-18 14:37:16','2015-01-04 21:33:28',0,0,783108,3254032,NULL),(243283448,'2014-07-18 00:00:00',0,NULL,'2015-01-04 00:00:00',1.99,'2014-07-18 16:22:23','2015-01-04 21:33:28',0,0,783108,3253568,NULL),(243335115,'2014-07-18 00:00:00',0,NULL,'2015-01-04 00:00:00',1.62,'2014-07-18 19:09:01','2015-01-04 21:33:28',0,0,783108,3253992,NULL),(243412675,'2014-07-18 00:00:00',0,NULL,'2015-01-04 00:00:00',1.53,'2014-07-18 23:22:33','2015-01-04 21:33:28',0,0,783108,3253992,NULL),(243447800,'2014-07-19 00:00:00',0,NULL,'2015-01-04 00:00:00',0.75,'2014-07-19 16:21:08','2015-01-04 21:33:28',0,0,783108,3254032,NULL),(243447825,'2014-07-19 00:00:00',0,NULL,'2015-01-04 00:00:00',0.10,'2014-07-19 16:21:42','2015-01-04 21:33:28',0,0,783108,3253566,NULL),(243447991,'2014-07-19 00:00:00',0,NULL,'2015-01-04 00:00:00',1.19,'2014-07-19 16:27:40','2015-01-04 21:33:28',0,0,783108,3253992,NULL),(243449492,'2014-07-19 00:00:00',0,NULL,'2015-01-04 00:00:00',0.72,'2014-07-19 17:18:27','2015-01-04 21:33:28',0,0,783108,3253992,NULL),(243450663,'2014-07-16 00:00:00',0,NULL,'2015-01-04 00:00:00',2.00,'2014-07-19 17:58:48','2015-01-04 21:33:44',0,0,785686,3253911,NULL),(243450798,'2014-07-19 00:00:00',0,NULL,'2015-01-04 00:00:00',1.00,'2014-07-19 18:02:36','2015-01-04 21:33:44',0,0,785686,3253911,NULL),(243458313,'2014-07-19 00:00:00',0,NULL,'2015-01-04 00:00:00',0.58,'2014-07-19 23:20:13','2015-01-04 21:33:28',0,0,783108,3253992,NULL),(243476008,'2014-07-20 00:00:00',0,NULL,'2015-01-04 00:00:00',0.51,'2014-07-20 14:36:36','2015-01-04 21:33:28',0,0,783108,3253566,NULL),(243482840,'2014-07-20 00:00:00',0,NULL,'2015-01-04 00:00:00',1.40,'2014-07-20 17:57:58','2015-01-04 21:33:28',0,0,783108,3253567,NULL),(243485042,'2014-07-20 00:00:00',0,NULL,'2015-01-04 00:00:00',0.62,'2014-07-20 18:57:35','2015-01-04 21:33:28',0,0,783108,3254032,NULL),(243488530,'2014-07-20 00:00:00',0,NULL,'2015-01-04 00:00:00',2.65,'2014-07-20 20:20:33','2015-01-04 21:33:28',0,0,783108,3253992,NULL),(243495459,'2014-07-20 00:00:00',0,NULL,'2015-01-04 00:00:00',0.33,'2014-07-20 22:20:11','2015-01-04 21:33:28',0,0,783108,3253566,NULL),(243510275,'2014-07-20 00:00:00',0,NULL,'2015-01-04 00:00:00',0.72,'2014-07-21 01:02:28','2015-01-04 21:33:28',0,0,783108,3253566,NULL),(243514974,'2014-07-20 00:00:00',0,NULL,'2015-01-04 00:00:00',0.40,'2014-07-21 01:49:53','2015-01-04 21:33:28',0,0,783108,3253911,NULL),(243518365,'2014-07-20 00:00:00',0,NULL,'2015-01-04 00:00:00',0.43,'2014-07-21 02:27:46','2015-01-04 21:33:28',0,0,783108,3253992,NULL),(243603785,'2014-07-21 00:00:00',0,NULL,'2015-01-04 00:00:00',2.32,'2014-07-21 11:26:01','2015-01-04 21:33:28',0,0,783108,3253568,NULL),(243610192,'2014-07-21 00:00:00',0,NULL,'2015-01-04 00:00:00',3.28,'2014-07-21 11:55:58','2015-01-04 21:33:28',0,0,783108,3253992,NULL),(243690667,'2014-07-21 00:00:00',0,NULL,'2015-01-04 00:00:00',0.47,'2014-07-21 14:39:23','2015-01-04 21:33:28',0,0,783108,3254032,NULL),(243738352,'2014-07-21 00:00:00',0,NULL,'2015-01-04 00:00:00',0.42,'2014-07-21 16:04:12','2015-01-04 21:33:28',0,0,783108,3254032,NULL),(243806834,'2014-07-21 00:00:00',0,NULL,'2015-01-04 00:00:00',0.44,'2014-07-21 18:51:52','2015-01-04 21:33:28',0,0,783108,3254032,NULL),(243896150,'2014-07-21 00:00:00',0,NULL,'2015-01-04 00:00:00',1.45,'2014-07-21 23:44:18','2015-01-04 21:33:28',0,0,783108,3253911,NULL),(243905788,'2014-07-21 00:00:00',0,'Planning networking between SL & WMC, Use-case diagram','2015-01-04 00:00:00',1.50,'2014-07-22 00:32:32','2015-01-04 21:33:44',0,0,785686,3253911,NULL),(243906889,'2014-07-21 00:00:00',0,NULL,'2015-01-04 00:00:00',0.14,'2014-07-22 00:39:32','2015-01-04 21:33:28',0,0,783108,3253567,NULL),(243999719,'2014-07-22 00:00:00',0,NULL,'2015-01-04 00:00:00',3.50,'2014-07-22 12:23:15','2015-01-04 21:33:28',0,0,783108,3253992,NULL),(244038181,'2014-07-22 00:00:00',0,NULL,'2015-01-04 00:00:00',2.07,'2014-07-22 14:06:43','2015-01-04 21:33:28',0,0,783108,3253568,NULL),(244160668,'2014-07-22 00:00:00',0,NULL,'2015-01-04 00:00:00',3.75,'2014-07-22 19:47:31','2015-01-04 21:33:28',0,0,783108,3253992,NULL),(244247656,'2014-07-22 00:00:00',0,NULL,'2015-01-04 00:00:00',0.01,'2014-07-23 03:47:50','2015-01-04 21:33:28',0,0,783108,3253992,NULL),(244308857,'2014-07-23 00:00:00',0,NULL,'2015-01-04 00:00:00',1.08,'2014-07-23 11:39:31','2015-01-04 21:33:28',0,0,783108,3254032,NULL),(244403820,'2014-07-23 00:00:00',0,NULL,'2015-01-04 00:00:00',0.50,'2014-07-23 16:13:38','2015-01-04 21:33:28',0,0,783108,3254032,NULL),(244403874,'2014-07-23 00:00:00',0,NULL,'2015-01-04 00:00:00',1.10,'2014-07-23 16:13:49','2015-01-04 21:33:28',0,0,783108,3253567,NULL),(244419972,'2014-07-23 00:00:00',0,NULL,'2015-01-04 00:00:00',4.00,'2014-07-23 16:59:14','2015-01-04 21:33:28',0,0,783108,3253992,NULL),(244500876,'2014-07-23 00:00:00',0,NULL,'2015-01-04 00:00:00',0.25,'2014-07-23 21:31:57','2015-01-04 21:33:28',0,0,783108,3254032,NULL),(244509869,'2014-07-23 00:00:00',0,NULL,'2015-01-04 00:00:00',0.25,'2014-07-23 22:04:40','2015-01-04 21:33:28',0,0,783108,3254032,NULL),(244532405,'2014-07-23 00:00:00',0,NULL,'2015-01-04 00:00:00',0.82,'2014-07-24 00:05:09','2015-01-04 21:33:28',0,0,783108,3253992,NULL),(244539553,'2014-07-23 00:00:00',0,NULL,'2015-01-04 00:00:00',0.71,'2014-07-24 00:57:10','2015-01-04 21:33:28',0,0,783108,3253911,NULL),(244540814,'2014-07-23 00:00:00',0,NULL,'2015-01-04 00:00:00',0.35,'2014-07-24 01:08:11','2015-01-04 21:33:28',0,0,783108,3253992,NULL),(244546257,'2014-07-23 00:00:00',0,NULL,'2015-01-04 00:00:00',0.15,'2014-07-24 02:00:36','2015-01-04 21:33:28',0,0,783108,3253992,NULL),(244556992,'2014-07-24 00:00:00',0,NULL,'2015-01-04 00:00:00',1.44,'2014-07-24 04:21:44','2015-01-04 21:33:28',0,0,783108,3253992,NULL),(244563536,'2014-07-24 00:00:00',0,NULL,'2015-01-04 00:00:00',4.46,'2014-07-24 05:41:35','2015-01-04 21:33:28',0,0,783108,3253992,NULL),(244727225,'2014-07-24 00:00:00',0,NULL,'2015-01-04 00:00:00',0.85,'2014-07-24 17:15:03','2015-01-04 21:33:28',0,0,783108,3253568,NULL),(244736573,'2014-07-24 00:00:00',0,NULL,'2015-01-04 00:00:00',0.33,'2014-07-24 17:47:06','2015-01-04 21:33:28',0,0,783108,3253992,NULL),(244846202,'2014-07-24 00:00:00',0,NULL,'2015-01-04 00:00:00',3.25,'2014-07-24 21:37:15','2015-01-04 21:33:28',0,0,783108,3253911,NULL),(244904296,'2014-07-25 00:00:00',0,NULL,'2015-01-04 00:00:00',4.71,'2014-07-25 04:55:56','2015-01-04 21:33:28',0,0,783108,3253992,NULL),(245047909,'2014-07-25 00:00:00',0,'She moved the theme folder','2015-01-04 00:00:00',1.13,'2014-07-25 15:32:38','2015-01-04 21:33:28',0,0,783108,3254032,NULL),(245078273,'2014-07-25 00:00:00',0,NULL,'2015-01-04 00:00:00',0.25,'2014-07-25 16:34:16','2015-01-04 21:33:28',0,0,783108,3253568,NULL),(245224948,'2014-07-25 00:00:00',0,NULL,'2015-01-04 00:00:00',0.37,'2014-07-25 21:50:24','2015-01-04 21:33:28',0,0,783108,3253568,NULL),(245246574,'2014-07-25 00:00:00',0,NULL,'2015-01-04 00:00:00',0.25,'2014-07-25 22:48:32','2015-01-04 21:33:28',0,0,783108,3253911,NULL),(245270587,'2014-07-25 00:00:00',0,NULL,'2015-01-04 00:00:00',1.39,'2014-07-26 02:55:24','2015-01-04 21:33:28',0,0,783108,3253992,NULL),(245289441,'2014-07-26 00:00:00',0,NULL,'2015-01-04 00:00:00',0.38,'2014-07-26 17:19:21','2015-01-04 21:33:28',0,0,783108,3254032,NULL),(245290168,'2014-07-26 00:00:00',0,NULL,'2015-01-04 00:00:00',3.68,'2014-07-26 17:48:07','2015-01-04 21:33:28',0,0,783108,3291311,NULL),(245294413,'2014-07-23 00:00:00',0,'Mockups','2015-01-04 00:00:00',2.00,'2014-07-26 20:08:10','2015-01-04 21:33:44',0,0,785686,3253992,NULL),(245294762,'2014-07-26 00:00:00',0,NULL,'2015-01-04 00:00:00',1.07,'2014-07-26 20:18:14','2015-01-04 21:33:28',0,0,783108,3253911,NULL),(245295829,'2014-07-26 00:00:00',0,'Video Player Research, JWPlayer vs FlowPlayer','2015-01-04 00:00:00',1.00,'2014-07-26 21:08:39','2015-01-04 21:33:44',0,0,785686,3253911,NULL),(245316374,'2014-07-27 00:00:00',0,NULL,'2015-01-04 00:00:00',0.33,'2014-07-27 15:00:37','2015-01-04 21:33:28',0,0,783108,3291311,NULL),(245316421,'2014-07-27 00:00:00',0,NULL,'2015-01-04 00:00:00',2.61,'2014-07-27 15:01:29','2015-01-04 21:33:28',0,0,783108,3253911,NULL),(245326933,'2014-07-27 00:00:00',0,NULL,'2015-01-04 00:00:00',0.11,'2014-07-27 19:28:20','2015-01-04 21:33:28',0,0,783108,3253566,NULL),(245512736,'2014-07-28 00:00:00',0,NULL,'2015-01-04 00:00:00',0.49,'2014-07-28 14:02:50','2015-01-04 21:33:28',0,0,783108,3254032,NULL),(245554056,'2014-07-28 00:00:00',0,NULL,'2015-01-04 00:00:00',0.72,'2014-07-28 15:12:16','2015-01-04 21:33:28',0,0,783108,3253566,NULL),(245595527,'2014-07-28 00:00:00',0,NULL,'2015-01-04 00:00:00',0.25,'2014-07-28 16:28:16','2015-01-04 21:33:28',0,0,783108,3253566,NULL),(245603074,'2014-07-28 00:00:00',0,NULL,'2015-01-04 00:00:00',0.35,'2014-07-28 16:44:38','2015-01-04 21:33:28',0,0,783108,3254032,NULL),(245637349,'2014-07-28 00:00:00',0,NULL,'2015-01-04 00:00:00',1.51,'2014-07-28 18:07:19','2015-01-04 21:33:28',0,0,783108,3253992,NULL),(245900960,'2014-07-29 00:00:00',0,NULL,'2015-01-04 00:00:00',1.75,'2014-07-29 14:50:46','2015-01-04 21:33:28',0,0,783108,3253566,NULL),(245901069,'2014-07-29 00:00:00',0,NULL,'2015-01-04 00:00:00',0.42,'2014-07-29 14:50:48','2015-01-04 21:33:28',0,0,783108,3254032,NULL),(245964808,'2014-07-29 00:00:00',0,NULL,'2015-01-04 00:00:00',0.53,'2014-07-29 17:28:36','2015-01-04 21:33:28',0,0,783108,3253566,NULL),(245965315,'2014-07-29 00:00:00',0,NULL,'2015-01-04 00:00:00',1.29,'2014-07-29 17:30:12','2015-01-04 21:33:28',0,0,783108,3253992,NULL),(246007419,'2014-07-29 00:00:00',0,NULL,'2015-01-04 00:00:00',2.36,'2014-07-29 19:54:41','2015-01-04 21:33:28',0,0,783108,3291311,NULL),(246506805,'2014-07-31 00:00:00',0,'ROOT_PATH_HTTPS / changes, data page, scheduled meeting, general Trello listing','2015-01-04 00:00:00',3.82,'2014-07-31 12:31:51','2015-01-04 21:33:28',0,0,783108,3253992,NULL),(246516479,'2014-07-31 00:00:00',0,NULL,'2015-01-04 00:00:00',1.06,'2014-07-31 13:02:00','2015-01-04 21:33:28',0,0,783108,3254032,NULL),(246628457,'2014-07-31 00:00:00',0,NULL,'2015-01-04 00:00:00',0.75,'2014-07-31 17:18:04','2015-01-04 21:33:28',0,0,783108,3254032,NULL),(246628513,'2014-07-31 00:00:00',0,NULL,'2015-01-04 00:00:00',3.17,'2014-07-31 17:18:14','2015-01-04 21:33:28',0,0,783108,3253992,NULL),(246662017,'2014-07-31 00:00:00',0,NULL,'2015-01-04 00:00:00',0.25,'2014-07-31 18:59:58','2015-01-04 21:33:28',0,0,783108,3254032,NULL),(246782231,'2014-07-31 00:00:00',0,NULL,'2015-01-04 00:00:00',2.00,'2014-08-01 03:15:26','2015-01-04 21:33:28',0,0,783108,3291311,NULL),(247137390,'2014-08-01 00:00:00',0,NULL,'2015-01-04 00:00:00',1.08,'2014-08-02 00:24:02','2015-01-04 21:33:28',0,0,783108,3254032,NULL),(247137543,'2014-08-01 00:00:00',0,NULL,'2015-01-04 00:00:00',1.00,'2014-08-02 00:25:43','2015-01-04 21:33:28',0,0,783108,3254032,NULL),(247137553,'2014-08-01 00:00:00',0,NULL,'2015-01-04 00:00:00',1.03,'2014-08-02 00:25:50','2015-01-04 21:33:28',0,0,783108,3253911,NULL),(247144900,'2014-08-01 00:00:00',0,NULL,'2015-01-04 00:00:00',0.38,'2014-08-02 02:01:50','2015-01-04 21:33:28',0,0,783108,3253992,NULL),(247174007,'2014-07-29 00:00:00',0,'Researched compiling flowplayer source code','2015-01-04 00:00:00',1.00,'2014-08-02 20:19:48','2015-01-04 21:33:44',0,0,785686,3253911,NULL),(247174961,'2014-08-02 00:00:00',0,NULL,'2015-01-04 00:00:00',0.52,'2014-08-02 20:54:23','2015-01-04 21:33:28',0,0,783108,3253992,NULL),(247355637,'2014-08-04 00:00:00',0,NULL,'2015-01-04 00:00:00',1.30,'2014-08-04 12:30:14','2015-01-04 21:33:28',0,0,783108,3253566,NULL),(247366504,'2014-08-04 00:00:00',0,'set up account for online accounting software - xero.','2015-01-04 00:00:00',0.50,'2014-08-04 12:55:58','2015-01-04 21:33:38',0,0,793671,3313391,NULL),(247368580,'2014-08-04 00:00:00',0,'phone call with Mike for WordPress project','2015-01-04 00:00:00',0.36,'2014-08-04 13:00:13','2015-01-04 21:33:38',0,0,793671,3313391,NULL),(247376374,'2014-08-04 00:00:00',0,NULL,'2015-01-04 00:00:00',0.56,'2014-08-04 13:15:42','2015-01-04 21:33:28',0,0,783108,3254032,NULL),(247380356,'2014-08-04 00:00:00',0,'jscript issue, links on homepage images, link back to homepage, banner, styling of products and products listing pages ','2015-01-04 00:00:00',2.00,'2014-08-04 13:22:39','2015-01-04 21:33:38',0,0,793671,3313391,NULL),(247404607,'2014-08-04 00:00:00',0,'Phone call with Josh','2015-01-04 00:00:00',1.25,'2014-08-04 14:03:32','2015-01-04 21:33:38',0,0,793671,3313391,NULL),(247432616,'2014-08-04 00:00:00',0,NULL,'2015-01-04 00:00:00',2.63,'2014-08-04 14:48:12','2015-01-04 21:33:28',0,0,783108,3253568,NULL),(247439140,'2014-08-04 00:00:00',0,'Tier 27 - basecamp, income.php file','2015-01-04 00:00:00',0.31,'2014-08-04 14:58:26','2015-01-04 21:33:38',0,0,793671,3313391,NULL),(247580845,'2014-08-04 00:00:00',0,NULL,'2015-01-04 00:00:00',0.51,'2014-08-04 20:41:03','2015-01-04 21:33:28',0,0,783108,3253992,NULL),(247608460,'2014-08-04 00:00:00',0,'Phone Call - Dylan.  discussed how he could fit into the business.  meeting in one month.  need to find out in the next month how he we can know if he\'s a fit or not.','2015-01-04 00:00:00',0.50,'2014-08-04 22:05:38','2015-01-04 21:33:38',0,0,793671,3313391,NULL),(247608641,'2014-08-04 00:00:00',0,NULL,'2015-01-04 00:00:00',0.13,'2014-08-04 22:05:55','2015-01-04 21:33:28',0,0,783108,3253992,NULL),(247626278,'2014-08-04 00:00:00',0,'Calculator','2015-01-04 00:00:00',0.13,'2014-08-04 23:23:28','2015-01-04 21:33:38',0,0,793671,3313391,NULL),(247730493,'2014-08-05 00:00:00',0,NULL,'2015-01-04 00:00:00',0.50,'2014-08-05 11:49:35','2015-01-04 21:33:38',0,0,793671,3317020,NULL),(247739500,'2014-08-05 00:00:00',0,NULL,'2015-01-04 00:00:00',4.27,'2014-08-05 12:26:51','2015-01-04 21:33:38',0,0,793671,3313390,NULL),(247755838,'2014-08-05 00:00:00',0,NULL,'2015-01-04 00:00:00',0.52,'2014-08-05 13:13:44','2015-01-04 21:33:28',0,0,783108,3254032,NULL),(247793700,'2014-08-05 00:00:00',0,'Phone call - Josh','2015-01-04 00:00:00',1.48,'2014-08-05 14:35:51','2015-01-04 21:33:38',0,0,793671,3313391,NULL),(247805901,'2014-08-05 00:00:00',0,'Bank of America Business Checking','2015-01-04 00:00:00',1.01,'2014-08-05 15:02:27','2015-01-04 21:33:28',0,0,783108,3253568,NULL),(247812979,'2014-08-05 00:00:00',0,NULL,'2015-01-04 00:00:00',1.04,'2014-08-05 15:17:34','2015-01-04 21:33:28',0,0,783108,3253567,NULL),(247825799,'2014-08-05 00:00:00',0,NULL,'2015-01-04 00:00:00',1.55,'2014-08-05 15:45:12','2015-01-04 21:33:28',0,0,783108,3253911,NULL),(247828509,'2014-08-05 00:00:00',0,'documentation readings / discussion.','2015-01-04 00:00:00',1.00,'2014-08-05 15:51:45','2015-01-04 21:33:38',0,0,793671,3253911,NULL),(247856393,'2014-08-05 00:00:00',0,NULL,'2015-01-04 00:00:00',2.24,'2014-08-05 17:01:25','2015-01-04 21:33:28',0,0,783108,3254032,NULL),(247879921,'2014-08-05 00:00:00',0,NULL,'2015-01-04 00:00:00',0.81,'2014-08-05 18:08:55','2015-01-04 21:33:38',0,0,793671,3254032,NULL),(247919742,'2014-08-05 00:00:00',0,'Accounting','2015-01-04 00:00:00',0.13,'2014-08-05 20:19:37','2015-01-04 21:33:28',0,0,783108,3253568,NULL),(247931780,'2014-08-05 00:00:00',0,'business development - updating my facebook page to show I work at Tier 27.','2015-01-04 00:00:00',0.33,'2014-08-05 20:56:55','2015-01-04 21:33:38',0,0,793671,3253566,NULL),(247935883,'2014-08-05 00:00:00',0,NULL,'2015-01-04 00:00:00',1.20,'2014-08-05 21:09:55','2015-01-04 21:33:28',0,0,783108,3253567,NULL),(247949892,'2014-08-05 00:00:00',0,'read over quote for josh','2015-01-04 00:00:00',0.03,'2014-08-05 21:53:41','2015-01-04 21:33:38',0,0,793671,3313391,NULL),(247958045,'2014-08-05 00:00:00',0,NULL,'2015-01-04 00:00:00',1.12,'2014-08-05 22:21:40','2015-01-04 21:33:28',0,0,783108,3253992,NULL),(248004788,'2014-08-05 00:00:00',0,NULL,'2015-01-04 00:00:00',0.35,'2014-08-06 03:33:59','2015-01-04 21:33:28',0,0,783108,3253992,NULL),(248109130,'2014-08-06 00:00:00',0,NULL,'2015-01-04 00:00:00',1.41,'2014-08-06 13:47:48','2015-01-04 21:33:28',0,0,783108,3253992,NULL),(248133787,'2014-08-06 00:00:00',0,NULL,'2015-01-04 00:00:00',0.11,'2014-08-06 14:45:45','2015-01-04 21:33:28',0,0,783108,3254032,NULL),(248148263,'2014-08-06 00:00:00',0,NULL,'2015-01-04 00:00:00',7.44,'2014-08-06 15:19:14','2015-01-04 21:33:28',0,0,783108,3253992,NULL),(248173641,'2014-08-06 00:00:00',0,'-Phone call with Jim.  Discussion of business-related material, \n-Ameritrade - altered stop orders on stocks, added stop orders to stocks, and purchased one new stock (CCC).','2015-01-04 00:00:00',1.52,'2014-08-06 16:22:44','2015-01-04 21:33:38',0,0,793671,3254032,NULL),(248184344,'2014-08-06 00:00:00',0,'Research into project, proposal development.','2015-01-04 00:00:00',0.58,'2014-08-06 16:53:03','2015-01-04 21:33:38',0,0,793671,3253911,NULL),(248217757,'2014-08-06 00:00:00',0,'Phone call.','2015-01-04 00:00:00',0.78,'2014-08-06 18:37:52','2015-01-04 21:33:38',0,0,793671,3313391,NULL),(248246845,'2014-08-06 00:00:00',0,'Wave Notes\n\nInvoicing\n\n-very similar to features of freshbooks\n-various options when sending invoice\n	-send with wave\n	-send with gmail\n	-or you can just share the url\n	-can include credit card processing fields to invoice by clicking accept credit cards button.  2.9% + .30\n-contest to win $200.  \n-recurring invoices\n\nEstimates\n\n-you can create estimates that can be converted to invoices once approved by client\n\nReceipts\n\n-receipts by wave app\n	-optical character recognition to scan receipts via image and add to account\n\nTransactions\n\n-add bank account\n-can import transactions to a business (can go back as far as possible, or pick specific date)\n-transactions categorize appropriately\n-takes care of debits and credits behind the scenes\n-you can split a transaction into multiple smaller parts, and move an item to personal.  if you\'ve co-mingled transactions between business and personal affairs, you can move that.\n\nMake sure wave pros are dedicated to ','2015-01-04 00:00:00',1.00,'2014-08-06 20:22:39','2015-01-04 21:33:38',0,0,793671,3313391,NULL),(248311277,'2014-08-06 00:00:00',0,NULL,'2015-01-04 00:00:00',0.19,'2014-08-07 01:13:05','2015-01-04 21:33:28',0,0,783108,3253911,NULL),(248394863,'2014-08-07 00:00:00',0,NULL,'2015-01-04 00:00:00',0.26,'2014-08-07 12:16:09','2015-01-04 21:33:38',0,0,793671,3313390,NULL),(248402948,'2014-08-07 00:00:00',0,'Phone call','2015-01-04 00:00:00',0.17,'2014-08-07 12:47:54','2015-01-04 21:33:38',0,0,793671,3313390,NULL),(248407400,'2014-08-07 00:00:00',0,'-phone call with Josh\n-emails\n-applied to elance job, received reply, looked into scope of work, applied again.','2015-01-04 00:00:00',1.24,'2014-08-07 13:01:58','2015-01-04 21:33:38',0,0,793671,3313391,NULL),(248409140,'2014-08-07 00:00:00',0,NULL,'2015-01-04 00:00:00',0.08,'2014-08-07 13:06:48','2015-01-04 21:33:38',0,0,793671,3254032,NULL),(248416290,'2014-08-07 00:00:00',0,'gathered mockup files, created local project and created initial files.','2015-01-04 00:00:00',0.51,'2014-08-07 13:25:56','2015-01-04 21:33:38',0,0,793671,3317020,NULL),(248419001,'2014-08-07 00:00:00',0,'Troubleshooting - attempt to remove adware.  adware was successfully removed!','2015-01-04 00:00:00',0.42,'2014-08-07 13:33:02','2015-01-04 21:33:38',0,0,793671,3313391,NULL),(248429565,'2014-08-07 00:00:00',0,'Research into header that becomes adhesive to top of screen at certain breakpoint.','2015-01-04 00:00:00',0.48,'2014-08-07 14:00:03','2015-01-04 21:33:38',0,0,793671,3253911,NULL),(248461014,'2014-08-07 00:00:00',0,NULL,'2015-01-04 00:00:00',0.26,'2014-08-07 15:12:24','2015-01-04 21:33:28',0,0,783108,3253566,NULL),(248482393,'2014-08-07 00:00:00',0,NULL,'2015-01-04 00:00:00',0.65,'2014-08-07 16:03:21','2015-01-04 21:33:28',0,0,783108,3254032,NULL),(248492556,'2014-08-07 00:00:00',0,NULL,'2015-01-04 00:00:00',2.55,'2014-08-07 16:30:02','2015-01-04 21:33:28',0,0,783108,3253992,NULL),(248493509,'2014-08-07 00:00:00',0,NULL,'2015-01-04 00:00:00',0.37,'2014-08-07 16:32:39','2015-01-04 21:33:38',0,0,793671,3325439,NULL),(248504443,'2014-08-07 00:00:00',0,NULL,'2015-01-04 00:00:00',0.09,'2014-08-07 17:03:23','2015-01-04 21:33:28',0,0,783108,3253567,NULL),(248537294,'2014-08-07 00:00:00',0,NULL,'2015-01-04 00:00:00',2.28,'2014-08-07 18:56:11','2015-01-04 21:33:38',0,0,793671,3313390,NULL),(248553915,'2014-08-07 00:00:00',0,NULL,'2015-01-04 00:00:00',0.29,'2014-08-07 19:57:25','2015-01-04 21:33:28',0,0,783108,3253911,NULL),(248582493,'2014-08-07 00:00:00',0,NULL,'2015-01-04 00:00:00',1.83,'2014-08-07 21:32:08','2015-01-04 21:33:28',0,0,783108,3253992,NULL),(248634478,'2014-08-07 00:00:00',0,NULL,'2015-01-04 00:00:00',0.67,'2014-08-08 01:09:07','2015-01-04 21:33:28',0,0,783108,3253992,NULL),(248646042,'2014-08-07 00:00:00',0,NULL,'2015-01-04 00:00:00',0.84,'2014-08-08 03:12:57','2015-01-04 21:33:38',0,0,793671,3313390,NULL),(248752714,'2014-08-08 00:00:00',0,NULL,'2015-01-04 00:00:00',0.44,'2014-08-08 13:48:54','2015-01-04 21:33:28',0,0,783108,3253566,NULL),(248762467,'2014-08-08 00:00:00',0,NULL,'2015-01-04 00:00:00',4.22,'2014-08-08 14:11:22','2015-01-04 21:33:28',0,0,783108,3253992,NULL),(248800693,'2014-08-08 00:00:00',0,NULL,'2015-01-04 00:00:00',0.54,'2014-08-08 15:30:08','2015-01-04 21:33:28',0,0,783108,3253992,NULL),(248815798,'2014-08-08 00:00:00',0,NULL,'2015-01-04 00:00:00',0.10,'2014-08-08 16:03:31','2015-01-04 21:33:28',0,0,783108,3254032,NULL),(248818565,'2014-08-08 00:00:00',0,NULL,'2015-01-04 00:00:00',0.30,'2014-08-08 16:10:15','2015-01-04 21:33:28',0,0,783108,3253606,NULL),(248819408,'2014-08-08 00:00:00',0,NULL,'2015-01-04 00:00:00',2.32,'2014-08-08 16:12:29','2015-01-04 21:33:38',0,0,793671,3313390,NULL),(248819553,'2014-08-08 00:00:00',0,'career discussion with Paul','2015-01-04 00:00:00',2.45,'2014-08-08 16:12:31','2015-01-04 21:33:38',0,0,793671,3254032,NULL),(248822856,'2014-08-08 00:00:00',0,NULL,'2015-01-04 00:00:00',0.55,'2014-08-08 16:21:08','2015-01-04 21:33:28',0,0,783108,3253568,NULL),(248825152,'2014-08-08 00:00:00',0,NULL,'2015-01-04 00:00:00',0.12,'2014-08-08 16:25:48','2015-01-04 21:33:28',0,0,783108,3254032,NULL),(248912532,'2014-08-08 00:00:00',0,NULL,'2015-01-04 00:00:00',0.04,'2014-08-08 20:43:04','2015-01-04 21:33:28',0,0,783108,3325439,NULL),(248988127,'2014-08-09 00:00:00',0,NULL,'2015-01-04 00:00:00',2.66,'2014-08-09 15:08:49','2015-01-04 21:33:38',0,0,793671,3313390,NULL),(248989641,'2014-08-09 00:00:00',0,'phone call with Mark, elance work, invoicing, business emails','2015-01-04 00:00:00',1.93,'2014-08-09 16:00:18','2015-01-04 21:33:38',0,0,793671,3313391,NULL),(248989845,'2014-08-09 00:00:00',0,NULL,'2015-01-04 00:00:00',1.57,'2014-08-09 16:06:13','2015-01-04 21:33:28',0,0,783108,3325439,NULL),(248992252,'2014-08-09 00:00:00',0,NULL,'2015-01-04 00:00:00',4.50,'2014-08-09 17:31:33','2015-01-04 21:33:28',0,0,783108,3253992,NULL),(248995343,'2014-08-09 00:00:00',0,NULL,'2015-01-04 00:00:00',0.57,'2014-08-09 19:00:08','2015-01-04 21:33:28',0,0,783108,3254032,NULL),(248999263,'2014-08-09 00:00:00',0,NULL,'2015-01-04 00:00:00',0.55,'2014-08-09 21:37:07','2015-01-04 21:33:28',0,0,783108,3253992,NULL),(249000007,'2014-08-09 00:00:00',0,NULL,'2015-01-04 00:00:00',0.63,'2014-08-09 22:11:39','2015-01-04 21:33:28',0,0,783108,3253606,NULL),(249002494,'2014-08-09 00:00:00',0,NULL,'2015-01-04 00:00:00',0.73,'2014-08-10 00:24:51','2015-01-04 21:33:28',0,0,783108,3253568,NULL),(249003135,'2014-08-09 00:00:00',0,NULL,'2015-01-04 00:00:00',1.00,'2014-08-10 01:07:45','2015-01-04 21:33:43',0,0,801525,3254032,NULL),(249019194,'2014-08-10 00:00:00',0,NULL,'2015-01-04 00:00:00',3.53,'2014-08-10 15:31:26','2015-01-04 21:33:28',0,0,783108,3253992,NULL),(249020562,'2014-08-10 00:00:00',0,'Wave configuration','2015-01-04 00:00:00',2.58,'2014-08-10 16:16:05','2015-01-04 21:33:38',0,0,793671,3313391,NULL),(249035962,'2014-08-10 00:00:00',0,NULL,'2015-01-04 00:00:00',0.19,'2014-08-10 21:51:15','2015-01-04 21:33:28',0,0,783108,3253566,NULL),(249036008,'2014-08-10 00:00:00',0,NULL,'2015-01-04 00:00:00',3.04,'2014-08-10 21:52:05','2015-01-04 21:33:28',0,0,783108,3253992,NULL),(249063255,'2014-08-10 00:00:00',0,NULL,'2015-01-04 00:00:00',0.38,'2014-08-11 02:36:05','2015-01-04 21:33:28',0,0,783108,3254032,NULL),(249177330,'2014-08-11 00:00:00',0,'-Meeting: Wave, Booking Widget, LMS\n-Phone call with Ryan Nuhfer\n-Email communication','2015-01-04 00:00:00',2.52,'2014-08-11 12:50:07','2015-01-04 21:33:38',0,0,793671,3254032,NULL),(249180865,'2014-08-11 00:00:00',0,NULL,'2015-01-04 00:00:00',0.33,'2014-08-11 12:58:03','2015-01-04 21:33:28',0,0,783108,3253566,NULL),(249186107,'2014-08-11 00:00:00',0,NULL,'2015-01-04 00:00:00',1.60,'2014-08-11 13:07:35','2015-01-04 21:33:28',0,0,783108,3253568,NULL),(249227582,'2014-08-11 00:00:00',0,NULL,'2015-01-04 00:00:00',0.53,'2014-08-11 14:15:07','2015-01-04 21:33:38',0,0,793671,3317020,NULL),(249237430,'2014-08-11 00:00:00',0,'communication with client as well.','2015-01-04 00:00:00',1.46,'2014-08-11 14:30:18','2015-01-04 21:33:38',0,0,793671,3313390,NULL),(249243356,'2014-08-11 00:00:00',0,NULL,'2015-01-04 00:00:00',1.80,'2014-08-11 14:40:06','2015-01-04 21:33:38',0,0,793671,3313390,NULL),(249255811,'2014-08-11 00:00:00',0,'Atlantic Broadband Internet Setup, Bank of America Credit Card Fee Refund, Amazon EC2 Fee Refund','2015-01-04 00:00:00',0.75,'2014-08-11 15:00:56','2015-01-04 21:33:28',0,0,783108,3253566,NULL),(249256315,'2014-08-11 00:00:00',0,NULL,'2015-01-04 00:00:00',0.50,'2014-08-11 15:01:17','2015-01-04 21:33:28',0,0,783108,3254032,NULL),(249269968,'2014-08-11 00:00:00',0,NULL,'2015-01-04 00:00:00',0.14,'2014-08-11 15:24:13','2015-01-04 21:33:28',0,0,783108,3253911,NULL),(249279539,'2014-08-11 00:00:00',0,NULL,'2015-01-04 00:00:00',2.81,'2014-08-11 15:41:22','2015-01-04 21:33:28',0,0,783108,3253992,NULL),(249305435,'2014-08-11 00:00:00',0,'Read three articles on strategies to increase business.','2015-01-04 00:00:00',0.76,'2014-08-11 16:29:43','2015-01-04 21:33:38',0,0,793671,3325439,NULL),(249344299,'2014-08-11 00:00:00',0,NULL,'2015-01-04 00:00:00',0.32,'2014-08-11 18:04:42','2015-01-04 21:33:38',0,0,793671,3313391,NULL),(249406899,'2014-08-11 00:00:00',0,NULL,'2015-01-04 00:00:00',0.17,'2014-08-11 21:08:35','2015-01-04 21:33:38',0,0,793671,3313390,NULL),(249407946,'2014-08-11 00:00:00',0,NULL,'2015-01-04 00:00:00',2.25,'2014-08-11 21:11:20','2015-01-04 21:33:28',0,0,783108,3253992,NULL),(249449359,'2014-08-11 00:00:00',0,NULL,'2015-01-04 00:00:00',2.50,'2014-08-11 23:52:39','2015-01-04 21:33:43',0,0,801525,3253992,NULL),(249449422,'2014-08-11 00:00:00',0,NULL,'2015-01-04 00:00:00',1.00,'2014-08-11 23:53:28','2015-01-04 21:33:43',0,0,801525,3253566,NULL),(249475199,'2014-08-11 00:00:00',0,NULL,'2015-01-04 00:00:00',1.23,'2014-08-12 03:26:07','2015-01-04 21:33:28',0,0,783108,3253567,NULL),(249481217,'2014-08-12 00:00:00',0,NULL,'2015-01-04 00:00:00',0.96,'2014-08-12 04:37:22','2015-01-04 21:33:38',0,0,793671,3254032,NULL),(249481638,'2014-08-12 00:00:00',0,'-Researched new time tracking tools (Toggl and Timely).\n-Read article on how many hours per week you should work.  \"increasing a team’s hours in the office by 50 percent (from 40 to 60 hours) does not result in 50 percent more output...In fact, the numbers may typically be something closer to 25-30 percent more work in 50 percent more time.\"','2015-01-04 00:00:00',0.71,'2014-08-12 04:42:06','2015-01-04 21:33:38',0,0,793671,3325439,NULL),(249483841,'2014-08-12 00:00:00',0,NULL,'2015-01-04 00:00:00',0.87,'2014-08-12 05:07:19','2015-01-04 21:33:28',0,0,783108,3253568,NULL),(249485924,'2014-08-12 00:00:00',0,NULL,'2015-01-04 00:00:00',1.16,'2014-08-12 05:32:03','2015-01-04 21:33:38',0,0,793671,3254032,NULL),(249550923,'2014-08-12 00:00:00',0,NULL,'2015-01-04 00:00:00',1.00,'2014-08-12 12:09:53','2015-01-04 21:33:43',0,0,801525,3253566,NULL),(249614677,'2014-08-12 00:00:00',0,NULL,'2015-01-04 00:00:00',0.28,'2014-08-12 14:52:24','2015-01-04 21:33:28',0,0,783108,3253567,NULL),(249617604,'2014-08-12 00:00:00',0,NULL,'2015-01-04 00:00:00',0.48,'2014-08-12 14:58:20','2015-01-04 21:33:28',0,0,783108,3253567,NULL),(249633449,'2014-08-12 00:00:00',0,NULL,'2015-01-04 00:00:00',1.17,'2014-08-12 15:34:58','2015-01-04 21:33:38',0,0,793671,3313390,NULL),(249652166,'2014-08-12 00:00:00',0,NULL,'2015-01-04 00:00:00',0.36,'2014-08-12 16:19:25','2015-01-04 21:33:28',0,0,783108,3253567,NULL),(249654385,'2014-08-12 00:00:00',0,'-Phone call with Paul','2015-01-04 00:00:00',1.68,'2014-08-12 16:25:11','2015-01-04 21:33:38',0,0,793671,3254032,NULL),(249664459,'2014-08-12 00:00:00',0,NULL,'2015-01-04 00:00:00',0.18,'2014-08-12 16:54:25','2015-01-04 21:33:28',0,0,783108,3253567,NULL),(249669891,'2014-08-12 00:00:00',0,NULL,'2015-01-04 00:00:00',0.12,'2014-08-12 17:11:36','2015-01-04 21:33:28',0,0,783108,3254032,NULL),(249680525,'2014-08-12 00:00:00',0,NULL,'2015-01-04 00:00:00',1.83,'2014-08-12 17:46:19','2015-01-04 21:33:28',0,0,783108,3253992,NULL),(249725434,'2014-08-12 00:00:00',0,NULL,'2015-01-04 00:00:00',0.36,'2014-08-12 20:22:07','2015-01-04 21:33:38',0,0,793671,3313390,NULL),(249760055,'2014-08-12 00:00:00',0,NULL,'2015-01-04 00:00:00',0.40,'2014-08-12 22:20:04','2015-01-04 21:33:28',0,0,783108,3253992,NULL),(249787089,'2014-08-12 00:00:00',0,'helped Dad with excel document issue\nscheduling','2015-01-04 00:00:00',0.58,'2014-08-13 00:52:29','2015-01-04 21:33:38',0,0,793671,3313391,NULL),(249790386,'2014-08-11 00:00:00',0,'Flowplayer work','2015-01-04 00:00:00',1.00,'2014-08-13 01:16:07','2015-01-04 21:33:44',0,0,785686,3313390,NULL),(249793811,'2014-08-12 00:00:00',0,NULL,'2015-01-04 00:00:00',0.30,'2014-08-13 01:48:58','2015-01-04 21:33:38',0,0,793671,3254032,NULL),(249803207,'2014-08-12 00:00:00',0,'conversation with Keith.\nthe more difficult problems to solve, in order of difficulty\n-are tracking seconds\n-preventing a user from watching a video in flowplayer without tracking seconds\n-and preventing users from watching videos outside of flowplayer','2015-01-04 00:00:00',0.42,'2014-08-13 03:32:23','2015-01-04 21:33:38',0,0,793671,3254032,NULL),(249806582,'2014-08-12 00:00:00',0,'flowplayer client-side groundwork','2015-01-04 00:00:00',2.00,'2014-08-13 04:17:48','2015-01-04 21:33:44',0,0,785686,3253992,NULL),(249806600,'2014-08-12 00:00:00',0,'Configured local testing environment','2015-01-04 00:00:00',1.00,'2014-08-13 04:18:10','2015-01-04 21:33:44',0,0,785686,3253567,NULL),(249854113,'2014-08-13 00:00:00',0,NULL,'2015-01-04 00:00:00',1.33,'2014-08-13 10:01:23','2015-01-04 21:33:28',0,0,783108,3253566,NULL),(249950077,'2014-08-13 00:00:00',0,NULL,'2015-01-04 00:00:00',1.39,'2014-08-13 15:29:06','2015-01-04 21:33:38',0,0,793671,3317020,NULL),(249951570,'2014-08-13 00:00:00',0,NULL,'2015-01-04 00:00:00',0.16,'2014-08-13 15:31:28','2015-01-04 21:33:38',0,0,793671,3253567,NULL),(249953834,'2014-08-13 00:00:00',0,NULL,'2015-01-04 00:00:00',0.13,'2014-08-13 15:37:02','2015-01-04 21:33:28',0,0,783108,3253911,NULL),(249961753,'2014-08-13 00:00:00',0,NULL,'2015-01-04 00:00:00',1.22,'2014-08-13 15:55:39','2015-01-04 21:33:38',0,0,793671,3254032,NULL),(249970102,'2014-08-13 00:00:00',0,NULL,'2015-01-04 00:00:00',0.78,'2014-08-13 16:17:24','2015-01-04 21:33:28',0,0,783108,3253567,NULL),(249977470,'2014-08-13 00:00:00',0,NULL,'2015-01-04 00:00:00',1.72,'2014-08-13 16:36:27','2015-01-04 21:33:38',0,0,793671,3313391,NULL),(249981566,'2014-08-13 00:00:00',0,NULL,'2015-01-04 00:00:00',0.54,'2014-08-13 16:49:09','2015-01-04 21:33:28',0,0,783108,3254032,NULL),(249991385,'2014-08-13 00:00:00',0,NULL,'2015-01-04 00:00:00',0.79,'2014-08-13 17:18:43','2015-01-04 21:33:28',0,0,783108,3253992,NULL),(250003840,'2014-08-13 00:00:00',0,NULL,'2015-01-04 00:00:00',1.07,'2014-08-13 18:00:53','2015-01-04 21:33:28',0,0,783108,3253568,NULL),(250020116,'2014-08-13 00:00:00',0,NULL,'2015-01-04 00:00:00',0.50,'2014-08-13 19:01:29','2015-01-04 21:33:28',0,0,783108,3253567,NULL),(250114396,'2014-08-13 00:00:00',0,NULL,'2015-01-04 00:00:00',1.00,'2014-08-14 02:41:13','2015-01-04 21:33:43',0,0,801525,3253566,NULL),(250121058,'2014-08-13 00:00:00',0,'Clientside flowplayer development','2015-01-04 00:00:00',3.00,'2014-08-14 04:08:59','2015-01-04 21:33:44',0,0,785686,3253992,NULL),(250122997,'2014-08-13 00:00:00',0,NULL,'2015-01-04 00:00:00',0.50,'2014-08-14 04:34:29','2015-01-04 21:33:28',0,0,783108,3253992,NULL),(250123041,'2014-08-14 00:00:00',0,NULL,'2015-01-04 00:00:00',0.39,'2014-08-14 04:35:06','2015-01-04 21:33:28',0,0,783108,3253567,NULL),(250209138,'2014-08-14 00:00:00',0,NULL,'2015-01-04 00:00:00',2.77,'2014-08-14 13:22:49','2015-01-04 21:33:38',0,0,793671,3313390,NULL),(250214633,'2014-08-14 00:00:00',0,NULL,'2015-01-04 00:00:00',0.48,'2014-08-14 13:37:29','2015-01-04 21:33:38',0,0,793671,3313391,NULL),(250238349,'2014-08-14 00:00:00',0,NULL,'2015-01-04 00:00:00',0.55,'2014-08-14 14:34:45','2015-01-04 21:33:38',0,0,793671,3325439,NULL),(250268451,'2014-08-14 00:00:00',0,NULL,'2015-01-04 00:00:00',0.13,'2014-08-14 15:47:36','2015-01-04 21:33:38',0,0,793671,3313390,NULL),(250336001,'2014-08-14 00:00:00',0,NULL,'2015-01-04 00:00:00',1.33,'2014-08-14 19:25:56','2015-01-04 21:33:38',0,0,793671,3254032,NULL),(250357759,'2014-08-14 00:00:00',0,'Starting work for the day, checking and responding to emails.','2015-01-04 00:00:00',0.20,'2014-08-14 20:44:24','2015-01-04 21:33:28',0,0,783108,3254032,NULL),(250401875,'2014-08-14 00:00:00',0,NULL,'2015-01-04 00:00:00',0.76,'2014-08-14 23:45:08','2015-01-04 21:33:28',0,0,783108,3291311,NULL),(250401920,'2014-08-14 00:00:00',0,NULL,'2015-01-04 00:00:00',1.54,'2014-08-14 23:45:19','2015-01-04 21:33:38',0,0,793671,3291311,NULL),(250408341,'2014-08-14 00:00:00',0,'Meeting with Ryan and Jim','2015-01-04 00:00:00',1.00,'2014-08-15 00:31:32','2015-01-04 21:33:28',0,0,783108,3253568,NULL),(250409072,'2014-08-14 00:00:00',0,'Worked out a plan to debug the job posting plugin, in order to fix the mandatory feature.','2015-01-04 00:00:00',0.92,'2014-08-15 00:36:47','2015-01-04 21:33:28',0,0,783108,3317020,NULL),(250416709,'2014-08-14 00:00:00',0,NULL,'2015-01-04 00:00:00',0.47,'2014-08-15 01:38:06','2015-01-04 21:33:28',0,0,783108,3253992,NULL),(250416836,'2014-08-14 00:00:00',0,NULL,'2015-01-04 00:00:00',0.31,'2014-08-15 01:39:28','2015-01-04 21:33:28',0,0,783108,3253992,NULL),(250422398,'2014-08-14 00:00:00',0,NULL,'2015-01-04 00:00:00',0.73,'2014-08-15 02:32:33','2015-01-04 21:33:28',0,0,783108,3291311,NULL),(250427959,'2014-08-14 00:00:00',0,NULL,'2015-01-04 00:00:00',3.50,'2014-08-15 03:42:09','2015-01-04 21:33:43',0,0,801525,3253566,NULL),(250437582,'2014-08-14 00:00:00',0,'Really an hour and a half conversation with Keith about business development. Why aren\'t we seeking funding? Why aren\'t we trying to get accelerated?','2015-01-04 00:00:00',0.50,'2014-08-15 05:05:30','2015-01-04 21:33:28',0,0,783108,3253568,NULL),(250512255,'2014-08-15 00:00:00',0,'Meeting with Jessica to discuss the next three weeks.','2015-01-04 00:00:00',0.38,'2014-08-15 13:16:19','2015-01-04 21:33:28',0,0,783108,3253567,NULL),(250524284,'2014-08-15 00:00:00',0,'-emails to Josh and Ryan Nuhfer\n-thoughts about business\n-thoughts about snail mail campaign / work that needs done to site before that can happen\n-boa account / merchant services research\n-setup email for keith\n-elance - applied for two jobs.\n-braintree','2015-01-04 00:00:00',2.41,'2014-08-15 13:48:42','2015-01-04 21:33:38',0,0,793671,3313391,NULL),(250524388,'2014-08-15 00:00:00',0,'http://www.forbes.com/sites/michaelsimmons/2013/05/13/is-the-70-hour-work-week-worth-the-sacrifice/\n\nhttp://unreasonable.is/opinion/do-you-have-to-work-100-hours-a-week-to-put-a-dent-on-history/','2015-01-04 00:00:00',0.39,'2014-08-15 13:49:00','2015-01-04 21:33:38',0,0,793671,3325439,NULL),(250550821,'2014-08-15 00:00:00',0,'Responding to emails, writing to MBC','2015-01-04 00:00:00',0.63,'2014-08-15 14:49:20','2015-01-04 21:33:28',0,0,783108,3254032,NULL),(250562689,'2014-08-15 00:00:00',0,NULL,'2015-01-04 00:00:00',3.07,'2014-08-15 15:14:14','2015-01-04 21:33:28',0,0,783108,3253992,NULL),(250565255,'2014-08-15 00:00:00',0,NULL,'2015-01-04 00:00:00',2.27,'2014-08-15 15:19:28','2015-01-04 21:33:38',0,0,793671,3313390,NULL),(250565402,'2014-08-15 00:00:00',0,NULL,'2015-01-04 00:00:00',0.08,'2014-08-15 15:19:45','2015-01-04 21:33:38',0,0,793671,3253567,NULL),(250568705,'2014-08-15 00:00:00',0,NULL,'2015-01-04 00:00:00',1.34,'2014-08-15 15:26:28','2015-01-04 21:33:38',0,0,793671,3253567,NULL),(250575771,'2014-08-15 00:00:00',0,'Responding to Ryan about ALERT','2015-01-04 00:00:00',0.93,'2014-08-15 15:41:06','2015-01-04 21:33:28',0,0,783108,3253568,NULL),(250605588,'2014-08-15 00:00:00',0,'Bank of America Merchant Services, Don Glidewell','2015-01-04 00:00:00',0.39,'2014-08-15 16:53:42','2015-01-04 21:33:28',0,0,783108,3253568,NULL),(250609209,'2014-08-15 00:00:00',0,NULL,'2015-01-04 00:00:00',0.21,'2014-08-15 17:04:07','2015-01-04 21:33:38',0,0,793671,3254032,NULL),(250622058,'2014-08-15 00:00:00',0,NULL,'2015-01-04 00:00:00',0.35,'2014-08-15 17:47:47','2015-01-04 21:33:28',0,0,783108,3254032,NULL),(250684795,'2014-08-15 00:00:00',0,'Worked with the search page.','2015-01-04 00:00:00',1.90,'2014-08-15 20:56:45','2015-01-04 21:33:28',0,0,783108,3253992,NULL),(250739390,'2014-08-15 00:00:00',0,NULL,'2015-01-04 00:00:00',0.18,'2014-08-16 01:58:52','2015-01-04 21:33:38',0,0,793671,3254032,NULL),(250741449,'2014-08-15 00:00:00',0,NULL,'2015-01-04 00:00:00',4.00,'2014-08-16 02:57:40','2015-01-04 21:33:43',0,0,801525,3253992,NULL),(250741535,'2014-08-15 00:00:00',0,'Worked with Matt on JTH development.','2015-01-04 00:00:00',3.00,'2014-08-16 03:01:17','2015-01-04 21:33:28',0,0,783108,3325439,NULL),(250742984,'2014-08-15 00:00:00',0,'Created admin interface to view users','2015-01-04 00:00:00',1.00,'2014-08-16 03:48:50','2015-01-04 21:33:28',0,0,783108,3253992,NULL),(250755887,'2014-08-16 00:00:00',0,NULL,'2015-01-04 00:00:00',0.28,'2014-08-16 14:58:18','2015-01-04 21:33:28',0,0,783108,3254032,NULL),(250755903,'2014-08-16 00:00:00',0,NULL,'2015-01-04 00:00:00',0.03,'2014-08-16 14:58:41','2015-01-04 21:33:28',0,0,783108,3253567,NULL),(250755962,'2014-08-16 00:00:00',0,'Preparing to move Paul DiCesare\'s sites off our server.','2015-01-04 00:00:00',0.34,'2014-08-16 15:01:15','2015-01-04 21:33:28',0,0,783108,3253566,NULL),(250756756,'2014-08-16 00:00:00',0,'Mostly work on our website, and some discussion about project sourcing and Elance.','2015-01-04 00:00:00',6.59,'2014-08-16 15:26:04','2015-01-04 21:33:28',0,0,783108,3253568,NULL),(250757014,'2014-08-16 00:00:00',0,NULL,'2015-01-04 00:00:00',0.77,'2014-08-16 15:36:19','2015-01-04 21:33:38',0,0,793671,3325439,NULL),(250757022,'2014-08-16 00:00:00',0,NULL,'2015-01-04 00:00:00',0.42,'2014-08-16 15:36:37','2015-01-04 21:33:38',0,0,793671,3313391,NULL),(250757056,'2014-08-16 00:00:00',0,'Research into website portfolio examples.','2015-01-04 00:00:00',0.66,'2014-08-16 15:37:39','2015-01-04 21:33:38',0,0,793671,3253911,NULL),(250758498,'2014-08-16 00:00:00',0,'-discussion with Josh on gchat\n-discussion with Josh about business development - get Dylan on elance\n-build elance portfolio, build linkedin profile\n-discussion with Dylan, regarding future business plan.','2015-01-04 00:00:00',1.07,'2014-08-16 16:14:56','2015-01-04 21:33:38',0,0,793671,3254032,NULL),(250760073,'2014-08-16 00:00:00',0,NULL,'2015-01-04 00:00:00',0.44,'2014-08-16 16:54:37','2015-01-04 21:33:28',0,0,783108,3253992,NULL),(250760691,'2014-08-16 00:00:00',0,NULL,'2015-01-04 00:00:00',3.50,'2014-08-16 17:13:13','2015-01-04 21:33:43',0,0,801525,3253992,NULL),(250761571,'2014-08-16 00:00:00',0,NULL,'2015-01-04 00:00:00',4.43,'2014-08-16 17:42:15','2015-01-04 21:33:28',0,0,783108,3253992,NULL),(250762235,'2014-08-16 00:00:00',0,NULL,'2015-01-04 00:00:00',0.59,'2014-08-16 18:02:02','2015-01-04 21:33:38',0,0,793671,3313390,NULL),(250774294,'2014-08-16 00:00:00',0,'Smart Passive Income with dinner','2015-01-04 00:00:00',0.29,'2014-08-17 01:33:59','2015-01-04 21:33:28',0,0,783108,3325439,NULL),(250788161,'2014-08-17 00:00:00',0,'-setup Tier 27 Elance account\n-edited Linkedin profile\n-send brief proposal for work on linkeding\n-looked over laravel site\n-prep for meeting with Dylan','2015-01-04 00:00:00',2.29,'2014-08-17 13:14:02','2015-01-04 21:33:38',0,0,793671,3313391,NULL),(250791620,'2014-08-17 00:00:00',0,NULL,'2015-01-04 00:00:00',0.06,'2014-08-17 14:51:33','2015-01-04 21:33:28',0,0,783108,3254032,NULL),(250791644,'2014-08-17 00:00:00',0,NULL,'2015-01-04 00:00:00',0.65,'2014-08-17 14:52:13','2015-01-04 21:33:28',0,0,783108,3254032,NULL),(250792420,'2014-08-17 00:00:00',0,NULL,'2015-01-04 00:00:00',2.25,'2014-08-17 15:13:05','2015-01-04 21:33:28',0,0,783108,3253992,NULL),(250793251,'2014-08-17 00:00:00',0,NULL,'2015-01-04 00:00:00',0.34,'2014-08-17 15:42:07','2015-01-04 21:33:28',0,0,783108,3253567,NULL),(250795862,'2014-08-17 00:00:00',0,NULL,'2015-01-04 00:00:00',0.89,'2014-08-17 16:58:58','2015-01-04 21:33:28',0,0,783108,3254032,NULL),(250797651,'2014-08-17 00:00:00',0,'Talking with Alejandro about business ventures. This may be a regular occurrence.','2015-01-04 00:00:00',0.33,'2014-08-17 17:41:59','2015-01-04 21:33:28',0,0,783108,3253568,NULL),(250808164,'2014-08-17 00:00:00',0,'Website','2015-01-04 00:00:00',0.22,'2014-08-17 20:59:25','2015-01-04 21:33:28',0,0,783108,3253568,NULL),(250810362,'2014-08-17 00:00:00',0,NULL,'2015-01-04 00:00:00',1.21,'2014-08-17 21:38:15','2015-01-04 21:33:38',0,0,793671,3254032,NULL),(250811038,'2014-08-17 00:00:00',0,NULL,'2015-01-04 00:00:00',1.97,'2014-08-17 21:50:29','2015-01-04 21:33:28',0,0,783108,3253992,NULL),(250821447,'2014-08-17 00:00:00',0,NULL,'2015-01-04 00:00:00',1.18,'2014-08-17 23:58:48','2015-01-04 21:33:28',0,0,783108,3253992,NULL),(250823933,'2014-08-17 00:00:00',0,NULL,'2015-01-04 00:00:00',1.50,'2014-08-18 00:25:14','2015-01-04 21:33:43',0,0,801525,3253992,NULL),(250828818,'2014-08-17 00:00:00',0,NULL,'2015-01-04 00:00:00',2.74,'2014-08-18 01:16:23','2015-01-04 21:33:28',0,0,783108,3253992,NULL),(250829613,'2014-08-17 00:00:00',0,'phone calls ryan','2015-01-04 00:00:00',0.42,'2014-08-18 01:25:06','2015-01-04 21:33:22',0,0,806530,3254032,NULL),(250829794,'2014-08-17 00:00:00',0,NULL,'2015-01-04 00:00:00',0.00,'2014-08-18 01:27:51','2015-01-04 21:33:22',0,0,806530,3253911,NULL),(250932411,'2014-08-18 00:00:00',0,NULL,'2015-01-04 00:00:00',4.00,'2014-08-18 11:44:11','2015-01-04 21:33:43',0,0,801525,3254032,NULL),(250961835,'2014-08-18 00:00:00',0,'read article on JS frameworks. (http://bitworking.org/news/2014/05/zero_framework_manifesto)\n-widgets built for framework A don\'t work in framework B. That\'s lost effort.','2015-01-04 00:00:00',0.63,'2014-08-18 13:09:32','2015-01-04 21:33:38',0,0,793671,3325439,NULL),(250980445,'2014-08-18 00:00:00',0,NULL,'2015-01-04 00:00:00',0.81,'2014-08-18 13:41:25','2015-01-04 21:33:38',0,0,793671,3254032,NULL),(250989117,'2014-08-18 00:00:00',0,NULL,'2015-01-04 00:00:00',0.34,'2014-08-18 13:55:28','2015-01-04 21:33:38',0,0,793671,3254032,NULL),(251003525,'2014-08-18 00:00:00',0,NULL,'2015-01-04 00:00:00',1.82,'2014-08-18 14:16:23','2015-01-04 21:33:38',0,0,793671,3317020,NULL),(251008295,'2014-08-18 00:00:00',0,NULL,'2015-01-04 00:00:00',0.27,'2014-08-18 14:23:40','2015-01-04 21:33:28',0,0,783108,3254032,NULL),(251008366,'2014-08-18 00:00:00',0,NULL,'2015-01-04 00:00:00',0.57,'2014-08-18 14:23:48','2015-01-04 21:33:28',0,0,783108,3254032,NULL),(251027533,'2014-08-18 00:00:00',0,NULL,'2015-01-04 00:00:00',3.34,'2014-08-18 14:53:29','2015-01-04 21:33:28',0,0,783108,3253992,NULL),(251033506,'2014-08-18 00:00:00',0,NULL,'2015-01-04 00:00:00',0.60,'2014-08-18 15:03:29','2015-01-04 21:33:28',0,0,783108,3253568,NULL),(251033833,'2014-08-18 00:00:00',0,NULL,'2015-01-04 00:00:00',0.61,'2014-08-18 15:04:02','2015-01-04 21:33:38',0,0,793671,3254032,NULL),(251038254,'2014-08-12 00:00:00',0,'site migration/db configuration (date might be off, but emails can timestamp this and I\'m underclocking)','2015-01-04 00:00:00',0.50,'2014-08-18 15:11:41','2015-01-04 21:33:28',0,0,783108,3253992,NULL),(251072005,'2014-08-18 00:00:00',0,NULL,'2015-01-04 00:00:00',0.74,'2014-08-18 16:11:12','2015-01-04 21:33:38',0,0,793671,3317020,NULL),(251157890,'2014-08-18 00:00:00',0,NULL,'2015-01-04 00:00:00',1.60,'2014-08-18 19:56:37','2015-01-04 21:33:38',0,0,793671,3291311,NULL),(251164229,'2014-08-18 00:00:00',0,NULL,'2015-01-04 00:00:00',1.65,'2014-08-18 20:13:38','2015-01-04 21:33:28',0,0,783108,3291311,NULL),(251204917,'2014-08-18 00:00:00',0,NULL,'2015-01-04 00:00:00',2.89,'2014-08-18 22:09:09','2015-01-04 21:33:28',0,0,783108,3355127,NULL),(251234652,'2014-08-18 00:00:00',0,'Meeting with Jessica','2015-01-04 00:00:00',0.52,'2014-08-19 00:31:45','2015-01-04 21:33:28',0,0,783108,3253567,NULL),(251254536,'2014-08-18 00:00:00',0,NULL,'2015-01-04 00:00:00',0.06,'2014-08-19 03:40:56','2015-01-04 21:33:28',0,0,783108,3253566,NULL),(251254829,'2014-08-18 00:00:00',0,NULL,'2015-01-04 00:00:00',0.12,'2014-08-19 03:44:33','2015-01-04 21:33:28',0,0,783108,3253566,NULL),(251255403,'2014-08-18 00:00:00',0,'Updating my schedule','2015-01-04 00:00:00',0.25,'2014-08-19 03:51:34','2015-01-04 21:33:28',0,0,783108,3253567,NULL),(251256400,'2014-08-19 00:00:00',0,NULL,'2015-01-04 00:00:00',1.30,'2014-08-19 04:02:55','2015-01-04 21:33:38',0,0,793671,3317020,NULL),(251271465,'2014-08-19 00:00:00',0,NULL,'2015-01-04 00:00:00',4.88,'2014-08-19 06:36:29','2015-01-04 21:33:38',0,0,793671,3313390,NULL),(251307235,'2014-08-19 00:00:00',0,'work calendar for 8/19\n-wave, checks for contractors\n-financing - draws for me and Jim','2015-01-04 00:00:00',2.82,'2014-08-19 09:55:20','2015-01-04 21:33:38',0,0,793671,3313391,NULL),(251370359,'2014-08-19 00:00:00',0,NULL,'2015-01-04 00:00:00',0.08,'2014-08-19 14:02:19','2015-01-04 21:33:28',0,0,783108,3254032,NULL),(251372667,'2014-08-19 00:00:00',0,NULL,'2015-01-04 00:00:00',0.70,'2014-08-19 14:07:19','2015-01-04 21:33:28',0,0,783108,3253992,NULL),(251379877,'2014-08-19 00:00:00',0,NULL,'2015-01-04 00:00:00',0.59,'2014-08-19 14:23:04','2015-01-04 21:33:28',0,0,783108,3254032,NULL),(251396679,'2014-08-19 00:00:00',0,NULL,'2015-01-04 00:00:00',0.23,'2014-08-19 14:59:10','2015-01-04 21:33:28',0,0,783108,3253568,NULL),(251400176,'2014-08-19 00:00:00',0,NULL,'2015-01-04 00:00:00',2.14,'2014-08-19 15:06:38','2015-01-04 21:33:28',0,0,783108,3355127,NULL),(251455285,'2014-08-19 00:00:00',0,NULL,'2015-01-04 00:00:00',0.03,'2014-08-19 17:18:54','2015-01-04 21:33:38',0,0,793671,3254032,NULL),(251470981,'2014-08-19 00:00:00',0,NULL,'2015-01-04 00:00:00',3.88,'2014-08-19 18:09:16','2015-01-04 21:33:28',0,0,783108,3253992,NULL),(251486456,'2014-08-19 00:00:00',0,NULL,'2015-01-04 00:00:00',0.93,'2014-08-19 19:00:55','2015-01-04 21:33:28',0,0,783108,3358283,NULL),(251498053,'2014-08-19 00:00:00',0,NULL,'2015-01-04 00:00:00',1.68,'2014-08-19 19:39:38','2015-01-04 21:33:38',0,0,793671,3253911,NULL),(251566451,'2014-08-19 00:00:00',0,'Mastermind Meeting with Keith and Nathan','2015-01-04 00:00:00',1.28,'2014-08-20 00:08:48','2015-01-04 21:33:28',0,0,783108,3253568,NULL),(251580341,'2014-08-16 00:00:00',0,'Flowplayer wrapper functionality','2015-01-04 00:00:00',4.00,'2014-08-20 02:01:40','2015-01-04 21:33:44',0,0,785686,3253992,NULL),(251580363,'2014-08-17 00:00:00',0,'Flowplayer wrapper functionality','2015-01-04 00:00:00',2.00,'2014-08-20 02:01:51','2015-01-04 21:33:44',0,0,785686,3253992,NULL),(251586903,'2014-08-19 00:00:00',0,'Added ability to disable player when time is out','2015-01-04 00:00:00',1.00,'2014-08-20 03:17:26','2015-01-04 21:33:44',0,0,785686,3253992,NULL),(251590639,'2014-08-20 00:00:00',0,NULL,'2015-01-04 00:00:00',1.16,'2014-08-20 04:07:39','2015-01-04 21:33:38',0,0,793671,3313390,NULL),(251697962,'2014-08-20 00:00:00',0,NULL,'2015-01-04 00:00:00',1.07,'2014-08-20 14:02:39','2015-01-04 21:33:29',0,0,783108,3253992,NULL),(251716264,'2014-08-20 00:00:00',0,'Elance - contacting about merging profiles','2015-01-04 00:00:00',0.49,'2014-08-20 14:47:25','2015-01-04 21:33:28',0,0,783108,3253568,NULL),(251725605,'2014-08-20 00:00:00',0,'Transferring money from Bank of America is not possible yet.','2015-01-04 00:00:00',0.11,'2014-08-20 15:09:20','2015-01-04 21:33:28',0,0,783108,3358283,NULL),(251728079,'2014-08-20 00:00:00',0,'Talked with Yale today. Went well, I think. Ryan Nuhfer.','2015-01-04 00:00:00',0.42,'2014-08-20 15:15:22','2015-01-04 21:33:28',0,0,783108,3254032,NULL),(251728433,'2014-08-20 00:00:00',0,NULL,'2015-01-04 00:00:00',0.09,'2014-08-20 15:16:12','2015-01-04 21:33:29',0,0,783108,3253992,NULL),(251730756,'2014-08-20 00:00:00',0,NULL,'2015-01-04 00:00:00',4.26,'2014-08-20 15:21:58','2015-01-04 21:33:29',0,0,783108,3253992,NULL),(251737798,'2014-08-20 00:00:00',0,'updated drawable spreadsheet (10 min)','2015-01-04 00:00:00',0.81,'2014-08-20 15:38:16','2015-01-04 21:33:38',0,0,793671,3313391,NULL),(251740487,'2014-08-20 00:00:00',0,'phone call w/ Josh regarding Forester\n-phone call w/ Dylan to set up meeting\n-phone call w/ Josh regarding schedule tomorrow\n-phone call w/ Josh regarding Bob Graham','2015-01-04 00:00:00',0.98,'2014-08-20 15:45:10','2015-01-04 21:33:38',0,0,793671,3254032,NULL),(251742027,'2014-08-20 00:00:00',0,'Talking with Ryan','2015-01-04 00:00:00',1.52,'2014-08-20 15:48:57','2015-01-04 21:33:28',0,0,783108,3253568,NULL),(251756647,'2014-08-20 00:00:00',0,NULL,'2015-01-04 00:00:00',2.12,'2014-08-20 16:27:14','2015-01-04 21:33:38',0,0,793671,3317020,NULL),(251758969,'2014-08-20 00:00:00',0,'put together word document','2015-01-04 00:00:00',1.43,'2014-08-20 16:33:29','2015-01-04 21:33:38',0,0,793671,3313391,NULL),(251769461,'2014-08-20 00:00:00',0,NULL,'2015-01-04 00:00:00',0.83,'2014-08-20 17:01:24','2015-01-04 21:33:29',0,0,783108,3254032,NULL),(251775131,'2014-08-20 00:00:00',0,'meeting with Dylan','2015-01-04 00:00:00',1.17,'2014-08-20 17:18:22','2015-01-04 21:33:38',0,0,793671,3325439,NULL),(251778951,'2014-08-20 00:00:00',0,NULL,'2015-01-04 00:00:00',0.97,'2014-08-20 17:30:31','2015-01-04 21:33:22',0,0,806530,3253566,NULL),(251805097,'2014-08-20 00:00:00',0,NULL,'2015-01-04 00:00:00',0.88,'2014-08-20 18:57:57','2015-01-04 21:33:29',0,0,783108,3254032,NULL),(251842901,'2014-08-20 00:00:00',0,NULL,'2015-01-04 00:00:00',0.59,'2014-08-20 21:06:26','2015-01-04 21:33:29',0,0,783108,3291311,NULL),(251843416,'2014-08-20 00:00:00',0,NULL,'2015-01-04 00:00:00',0.50,'2014-08-20 21:08:21','2015-01-04 21:33:38',0,0,793671,3254032,NULL),(251869209,'2014-08-20 00:00:00',0,NULL,'2015-01-04 00:00:00',1.37,'2014-08-20 22:53:37','2015-01-04 21:33:29',0,0,783108,3253992,NULL),(251888535,'2014-08-20 00:00:00',0,NULL,'2015-01-04 00:00:00',2.75,'2014-08-21 00:48:35','2015-01-04 21:33:43',0,0,801525,3253992,NULL),(251889766,'2014-08-20 00:00:00',0,NULL,'2015-01-04 00:00:00',0.01,'2014-08-21 00:58:17','2015-01-04 21:33:28',0,0,783108,3253567,NULL),(251892712,'2014-08-20 00:00:00',0,'Added chosen select to videos page','2015-01-04 00:00:00',2.33,'2014-08-21 01:25:29','2015-01-04 21:33:44',0,0,785686,3253992,NULL),(251904362,'2014-08-20 00:00:00',0,NULL,'2015-01-04 00:00:00',0.19,'2014-08-21 03:40:55','2015-01-04 21:33:28',0,0,783108,3253567,NULL),(251905970,'2014-08-21 00:00:00',0,'Finances - drawables\n-scheduling (9/21)\n-stock market\n-arranged two meetings\n-scheduling (9/22)','2015-01-04 00:00:00',1.35,'2014-08-21 04:02:18','2015-01-04 21:33:38',0,0,793671,3313391,NULL),(252010821,'2014-08-21 00:00:00',0,NULL,'2015-01-04 00:00:00',0.33,'2014-08-21 14:00:15','2015-01-04 21:33:29',0,0,783108,3254032,NULL),(252013646,'2014-08-21 00:00:00',0,'Journal to Health, Sexlove, Mission Bowling Club, Aware','2015-01-04 00:00:00',0.26,'2014-08-21 14:07:17','2015-01-04 21:33:29',0,0,783108,3253567,NULL),(252018883,'2014-08-21 00:00:00',0,NULL,'2015-01-04 00:00:00',0.26,'2014-08-21 14:19:10','2015-01-04 21:33:29',0,0,783108,3254032,NULL),(252021602,'2014-08-21 00:00:00',0,NULL,'2015-01-04 00:00:00',0.38,'2014-08-21 14:25:25','2015-01-04 21:33:29',0,0,783108,3253992,NULL),(252025610,'2014-08-21 00:00:00',0,NULL,'2015-01-04 00:00:00',0.20,'2014-08-21 14:35:05','2015-01-04 21:33:38',0,0,793671,3313390,NULL),(252034834,'2014-08-21 00:00:00',0,'Meeting+','2015-01-04 00:00:00',1.42,'2014-08-21 14:57:46','2015-01-04 21:33:29',0,0,783108,3253568,NULL),(252035728,'2014-08-21 00:00:00',0,NULL,'2015-01-04 00:00:00',1.65,'2014-08-21 14:59:53','2015-01-04 21:33:29',0,0,783108,3253992,NULL),(252063170,'2014-08-21 00:00:00',0,'This includes the meeting.','2015-01-04 00:00:00',3.72,'2014-08-21 16:05:58','2015-01-04 21:33:29',0,0,783108,3291311,NULL),(252063728,'2014-08-21 00:00:00',0,NULL,'2015-01-04 00:00:00',3.06,'2014-08-21 16:06:43','2015-01-04 21:33:38',0,0,793671,3291311,NULL),(252114219,'2014-08-21 00:00:00',0,NULL,'2015-01-04 00:00:00',1.00,'2014-08-21 18:31:30','2015-01-04 21:33:38',0,0,793671,3364869,NULL),(252159627,'2014-08-21 00:00:00',0,NULL,'2015-01-04 00:00:00',0.10,'2014-08-21 21:07:40','2015-01-04 21:33:29',0,0,783108,3254032,NULL),(252211777,'2014-08-21 00:00:00',0,NULL,'2015-01-04 00:00:00',1.25,'2014-08-22 01:36:04','2015-01-04 21:33:43',0,0,801525,3253992,NULL),(252215588,'2014-08-21 00:00:00',0,'meeting at Christie\'s','2015-01-04 00:00:00',1.25,'2014-08-22 02:14:16','2015-01-04 21:33:38',0,0,793671,3254032,NULL),(252226237,'2014-08-22 00:00:00',0,NULL,'2015-01-04 00:00:00',0.70,'2014-08-22 04:22:35','2015-01-04 21:33:38',0,0,793671,3313390,NULL),(252377552,'2014-08-22 00:00:00',0,NULL,'2015-01-04 00:00:00',3.00,'2014-08-22 15:26:04','2015-01-04 21:33:43',0,0,801525,3253566,NULL),(252380910,'2014-08-22 00:00:00',0,NULL,'2015-01-04 00:00:00',0.28,'2014-08-22 15:32:34','2015-01-04 21:33:38',0,0,793671,3313390,NULL),(252389838,'2014-08-22 00:00:00',0,NULL,'2015-01-04 00:00:00',0.03,'2014-08-22 15:52:15','2015-01-04 21:33:38',0,0,793671,3254032,NULL),(252402787,'2014-08-22 00:00:00',0,NULL,'2015-01-04 00:00:00',0.02,'2014-08-22 16:21:06','2015-01-04 21:33:29',0,0,783108,3254032,NULL),(252412603,'2014-08-22 00:00:00',0,NULL,'2015-01-04 00:00:00',1.39,'2014-08-22 16:46:30','2015-01-04 21:33:29',0,0,783108,3253992,NULL),(252419219,'2014-08-22 00:00:00',0,NULL,'2015-01-04 00:00:00',2.88,'2014-08-22 17:05:44','2015-01-04 21:33:38',0,0,793671,3313390,NULL),(252422358,'2014-08-22 00:00:00',0,'finances - checks.\n-cashed check / updated drawable','2015-01-04 00:00:00',2.00,'2014-08-22 17:15:57','2015-01-04 21:33:38',0,0,793671,3313391,NULL),(252481462,'2014-08-22 00:00:00',0,NULL,'2015-01-04 00:00:00',0.24,'2014-08-22 20:21:20','2015-01-04 21:33:29',0,0,783108,3253568,NULL),(252482613,'2014-08-22 00:00:00',0,NULL,'2015-01-04 00:00:00',0.87,'2014-08-22 20:23:39','2015-01-04 21:33:29',0,0,783108,3254032,NULL),(252489299,'2014-08-22 00:00:00',0,NULL,'2015-01-04 00:00:00',1.04,'2014-08-22 20:39:52','2015-01-04 21:33:29',0,0,783108,3253992,NULL),(252570494,'2014-08-23 00:00:00',0,NULL,'2015-01-04 00:00:00',1.29,'2014-08-23 13:54:56','2015-01-04 21:33:29',0,0,783108,3254032,NULL),(252572744,'2014-08-23 00:00:00',0,NULL,'2015-01-04 00:00:00',1.06,'2014-08-23 15:04:32','2015-01-04 21:33:29',0,0,783108,3291311,NULL),(252572783,'2014-08-23 00:00:00',0,'Portfolio Redesign','2015-01-04 00:00:00',0.58,'2014-08-23 15:04:40','2015-01-04 21:33:38',0,0,793671,3313390,NULL),(252575212,'2014-08-23 00:00:00',0,NULL,'2015-01-04 00:00:00',4.52,'2014-08-23 16:12:04','2015-01-04 21:33:29',0,0,783108,3253992,NULL),(252584027,'2014-08-23 00:00:00',0,NULL,'2015-01-04 00:00:00',0.13,'2014-08-23 21:09:44','2015-01-04 21:33:29',0,0,783108,3253992,NULL),(252584729,'2014-08-23 00:00:00',0,NULL,'2015-01-04 00:00:00',5.22,'2014-08-23 21:40:06','2015-01-04 21:33:29',0,0,783108,3253992,NULL),(252586204,'2014-08-23 00:00:00',0,'Testing and Formalizing Issues','2015-01-04 00:00:00',0.63,'2014-08-23 22:40:20','2015-01-04 21:33:44',0,0,785686,3253992,NULL),(252586767,'2014-08-23 00:00:00',0,NULL,'2015-01-04 00:00:00',0.55,'2014-08-23 23:03:51','2015-01-04 21:33:29',0,0,783108,3253992,NULL),(252587085,'2014-08-23 00:00:00',0,'Jessica','2015-01-04 00:00:00',0.35,'2014-08-23 23:22:37','2015-01-04 21:33:29',0,0,783108,3253567,NULL),(252590389,'2014-08-23 00:00:00',0,'Keith','2015-01-04 00:00:00',1.03,'2014-08-24 02:42:36','2015-01-04 21:33:29',0,0,783108,3253568,NULL),(252604944,'2014-08-24 00:00:00',0,NULL,'2015-01-04 00:00:00',0.21,'2014-08-24 15:16:58','2015-01-04 21:33:29',0,0,783108,3253992,NULL),(252605012,'2014-08-23 00:00:00',0,NULL,'2015-01-04 00:00:00',1.00,'2014-08-24 15:18:31','2015-01-04 21:33:38',0,0,793671,3291311,NULL),(252605238,'2014-08-24 00:00:00',0,'Portfolio Redesign','2015-01-04 00:00:00',1.43,'2014-08-24 15:26:32','2015-01-04 21:33:38',0,0,793671,3313390,NULL),(252605318,'2014-08-24 00:00:00',0,NULL,'2015-01-04 00:00:00',4.29,'2014-08-24 15:30:31','2015-01-04 21:33:29',0,0,783108,3253992,NULL),(252609575,'2014-08-24 00:00:00',0,'Fixing Bugs and feature implementation','2015-01-04 00:00:00',1.93,'2014-08-24 17:39:05','2015-01-04 21:33:44',0,0,785686,3253992,NULL),(252619589,'2014-08-24 00:00:00',0,'AWARE','2015-01-04 00:00:00',1.17,'2014-08-24 21:20:55','2015-01-04 21:33:29',0,0,783108,3253567,NULL),(252619910,'2014-08-24 00:00:00',0,'keith - branching minds\nSL\nAWARE\nMBC\nTokome\nPortfolio','2015-01-04 00:00:00',4.48,'2014-08-24 21:26:16','2015-01-04 21:33:38',0,0,793671,3291311,NULL),(252627236,'2014-08-24 00:00:00',0,'ESM','2015-01-04 00:00:00',1.21,'2014-08-24 23:08:27','2015-01-04 21:33:29',0,0,783108,3253567,NULL),(252634303,'2014-08-24 00:00:00',0,'Mission Bowling Club','2015-01-04 00:00:00',0.90,'2014-08-25 00:20:23','2015-01-04 21:33:29',0,0,783108,3253567,NULL),(252639031,'2014-08-24 00:00:00',0,'Sexlove','2015-01-04 00:00:00',0.52,'2014-08-25 01:14:54','2015-01-04 21:33:29',0,0,783108,3253567,NULL),(252641118,'2014-08-24 00:00:00',0,NULL,'2015-01-04 00:00:00',1.01,'2014-08-25 01:33:40','2015-01-04 21:33:29',0,0,783108,3253568,NULL),(252663896,'2014-08-25 00:00:00',0,NULL,'2015-01-04 00:00:00',0.52,'2014-08-25 05:19:30','2015-01-04 21:33:38',0,0,793671,3317020,NULL),(252665067,'2014-08-25 00:00:00',0,NULL,'2015-01-04 00:00:00',0.07,'2014-08-25 05:30:12','2015-01-04 21:33:38',0,0,793671,3317020,NULL),(252667560,'2014-08-25 00:00:00',0,NULL,'2015-01-04 00:00:00',4.97,'2014-08-25 05:51:36','2015-01-04 21:33:38',0,0,793671,3313390,NULL),(252672897,'2014-08-25 00:00:00',0,'branching minds','2015-01-04 00:00:00',0.32,'2014-08-25 06:26:15','2015-01-04 21:33:38',0,0,793671,3253566,NULL),(252681390,'2014-08-25 00:00:00',0,'planning\n-site update discussion - about page, portfolio page','2015-01-04 00:00:00',1.21,'2014-08-25 07:07:44','2015-01-04 21:33:38',0,0,793671,3313391,NULL),(252733040,'2014-08-25 00:00:00',0,NULL,'2015-01-04 00:00:00',1.06,'2014-08-25 12:14:07','2015-01-04 21:33:29',0,0,783108,3254032,NULL),(252753042,'2014-08-25 00:00:00',0,NULL,'2015-01-04 00:00:00',0.62,'2014-08-25 13:07:09','2015-01-04 21:33:29',0,0,783108,3291311,NULL),(252773223,'2014-08-25 00:00:00',0,'MBC','2015-01-04 00:00:00',0.15,'2014-08-25 13:44:01','2015-01-04 21:33:29',0,0,783108,3254032,NULL),(252904674,'2014-08-25 00:00:00',0,NULL,'2015-01-04 00:00:00',0.28,'2014-08-25 18:01:42','2015-01-04 21:33:38',0,0,793671,3254032,NULL),(252951688,'2014-08-25 00:00:00',0,NULL,'2015-01-04 00:00:00',0.47,'2014-08-25 20:15:17','2015-01-04 21:33:38',0,0,793671,3291311,NULL),(252953096,'2014-08-25 00:00:00',0,NULL,'2015-01-04 00:00:00',0.36,'2014-08-25 20:19:03','2015-01-04 21:33:29',0,0,783108,3254032,NULL),(252968916,'2014-08-25 00:00:00',0,NULL,'2015-01-04 00:00:00',0.08,'2014-08-25 21:02:09','2015-01-04 21:33:29',0,0,783108,3253567,NULL),(252978879,'2014-08-25 00:00:00',0,NULL,'2015-01-04 00:00:00',0.31,'2014-08-25 21:27:32','2015-01-04 21:33:29',0,0,783108,3253992,NULL),(252992015,'2014-08-25 00:00:00',0,NULL,'2015-01-04 00:00:00',0.24,'2014-08-25 22:06:42','2015-01-04 21:33:29',0,0,783108,3254032,NULL),(253005615,'2014-08-25 00:00:00',0,NULL,'2015-01-04 00:00:00',0.06,'2014-08-25 23:01:18','2015-01-04 21:33:29',0,0,783108,3253568,NULL),(253010545,'2014-08-25 00:00:00',0,NULL,'2015-01-04 00:00:00',0.01,'2014-08-25 23:21:20','2015-01-04 21:33:29',0,0,783108,3253992,NULL),(253011097,'2014-08-25 00:00:00',0,NULL,'2015-01-04 00:00:00',1.22,'2014-08-25 23:24:28','2015-01-04 21:33:29',0,0,783108,3291311,NULL),(253011581,'2014-08-25 00:00:00',0,NULL,'2015-01-04 00:00:00',1.17,'2014-08-25 23:26:29','2015-01-04 21:33:38',0,0,793671,3291311,NULL),(253037505,'2014-08-25 00:00:00',0,'Bug fixes','2015-01-04 00:00:00',1.80,'2014-08-26 02:19:28','2015-01-04 21:33:44',0,0,785686,3253992,NULL),(253185631,'2014-08-26 00:00:00',0,NULL,'2015-01-04 00:00:00',0.40,'2014-08-26 14:28:31','2015-01-04 21:33:29',0,0,783108,3253992,NULL),(253188058,'2014-08-26 00:00:00',0,'planning\n-discussion with Josh\n-Portfolio redesign\n-discussion with Josh','2015-01-04 00:00:00',5.91,'2014-08-26 14:33:46','2015-01-04 21:33:38',0,0,793671,3313391,NULL),(253192730,'2014-08-26 00:00:00',0,NULL,'2015-01-04 00:00:00',0.09,'2014-08-26 14:44:23','2015-01-04 21:33:38',0,0,793671,3254032,NULL),(253200300,'2014-08-26 00:00:00',0,NULL,'2015-01-04 00:00:00',1.00,'2014-08-26 14:59:30','2015-01-04 21:33:38',0,0,793671,3313390,NULL),(253205395,'2014-08-26 00:00:00',0,NULL,'2015-01-04 00:00:00',0.12,'2014-08-26 15:10:12','2015-01-04 21:33:29',0,0,783108,3254032,NULL),(253208691,'2014-08-26 00:00:00',0,NULL,'2015-01-04 00:00:00',0.05,'2014-08-26 15:17:38','2015-01-04 21:33:38',0,0,793671,3254032,NULL),(253209485,'2014-08-26 00:00:00',0,NULL,'2015-01-04 00:00:00',0.32,'2014-08-26 15:19:26','2015-01-04 21:33:29',0,0,783108,3253992,NULL),(253269686,'2014-08-26 00:00:00',0,NULL,'2015-01-04 00:00:00',0.10,'2014-08-26 17:52:20','2015-01-04 21:33:38',0,0,793671,3313390,NULL),(253373103,'2014-08-26 00:00:00',0,'Mastermind meeting','2015-01-04 00:00:00',1.45,'2014-08-27 00:01:33','2015-01-04 21:33:29',0,0,783108,3253568,NULL),(253384454,'2014-08-26 00:00:00',0,'Talking with Ryan','2015-01-04 00:00:00',0.55,'2014-08-27 01:22:26','2015-01-04 21:33:29',0,0,783108,3253568,NULL),(253388073,'2014-08-26 00:00:00',0,NULL,'2015-01-04 00:00:00',0.74,'2014-08-27 01:56:02','2015-01-04 21:33:29',0,0,783108,3291311,NULL),(253392160,'2014-08-26 00:00:00',0,NULL,'2015-01-04 00:00:00',0.08,'2014-08-27 02:40:41','2015-01-04 21:33:29',0,0,783108,3317020,NULL),(253392162,'2014-08-26 00:00:00',0,NULL,'2015-01-04 00:00:00',2.00,'2014-08-27 02:40:41','2015-01-04 21:33:44',0,0,785686,3291311,NULL),(253392591,'2014-08-26 00:00:00',0,'Django, and other framework research','2015-01-04 00:00:00',0.21,'2014-08-27 02:46:22','2015-01-04 21:33:29',0,0,783108,3291311,NULL),(253394489,'2014-08-26 00:00:00',0,'Django','2015-01-04 00:00:00',0.03,'2014-08-27 03:09:44','2015-01-04 21:33:29',0,0,783108,3325439,NULL),(253394550,'2014-08-26 00:00:00',0,NULL,'2015-01-04 00:00:00',0.65,'2014-08-27 03:10:29','2015-01-04 21:33:38',0,0,793671,3291311,NULL),(253395917,'2014-08-26 00:00:00',0,NULL,'2015-01-04 00:00:00',0.11,'2014-08-27 03:26:29','2015-01-04 21:33:29',0,0,783108,3254032,NULL),(253399115,'2014-08-27 00:00:00',0,'Portfolio & About Page\n-phone call with Josh','2015-01-04 00:00:00',2.93,'2014-08-27 04:03:04','2015-01-04 21:33:38',0,0,793671,3313390,NULL),(253486004,'2014-08-27 00:00:00',0,NULL,'2015-01-04 00:00:00',0.36,'2014-08-27 12:59:05','2015-01-04 21:33:29',0,0,783108,3254032,NULL),(253488685,'2014-08-27 00:00:00',0,NULL,'2015-01-04 00:00:00',0.42,'2014-08-27 13:06:22','2015-01-04 21:33:29',0,0,783108,3254032,NULL),(253498579,'2014-08-27 00:00:00',0,NULL,'2015-01-04 00:00:00',0.90,'2014-08-27 13:31:47','2015-01-04 21:33:29',0,0,783108,3253992,NULL),(253498643,'2014-08-27 00:00:00',0,'Mostly the website - the portfolio page content','2015-01-04 00:00:00',1.62,'2014-08-27 13:31:57','2015-01-04 21:33:29',0,0,783108,3253568,NULL),(253532842,'2014-08-27 00:00:00',0,NULL,'2015-01-04 00:00:00',6.44,'2014-08-27 14:53:32','2015-01-04 21:33:29',0,0,783108,3253992,NULL),(253538292,'2014-08-27 00:00:00',0,NULL,'2015-01-04 00:00:00',1.36,'2014-08-27 15:05:51','2015-01-04 21:33:38',0,0,793671,3291311,NULL),(253562385,'2014-08-27 00:00:00',0,NULL,'2015-01-04 00:00:00',0.27,'2014-08-27 16:02:34','2015-01-04 21:33:29',0,0,783108,3254032,NULL),(253624964,'2014-08-27 00:00:00',0,NULL,'2015-01-04 00:00:00',0.15,'2014-08-27 19:08:31','2015-01-04 21:33:38',0,0,793671,3313390,NULL),(253632253,'2014-08-27 00:00:00',0,'Built homepage for Giammetti','2015-01-04 00:00:00',1.46,'2014-08-27 19:34:30','2015-01-04 21:33:38',0,0,793671,3313391,NULL),(253649044,'2014-08-27 00:00:00',0,NULL,'2015-01-04 00:00:00',0.17,'2014-08-27 20:33:21','2015-01-04 21:33:38',0,0,793671,3253992,NULL),(253677278,'2014-08-27 00:00:00',0,'Meeting with David and co.','2015-01-04 00:00:00',1.48,'2014-08-27 22:09:46','2015-01-04 21:33:44',0,0,785686,3253567,NULL),(253681489,'2014-08-27 00:00:00',0,NULL,'2015-01-04 00:00:00',0.01,'2014-08-27 22:27:45','2015-01-04 21:33:29',0,0,783108,3253567,NULL),(253681722,'2014-08-27 00:00:00',0,NULL,'2015-01-04 00:00:00',0.24,'2014-08-27 22:28:48','2015-01-04 21:33:29',0,0,783108,3254032,NULL),(253711302,'2014-08-27 00:00:00',0,NULL,'2015-01-04 00:00:00',0.67,'2014-08-28 01:16:46','2015-01-04 21:33:29',0,0,783108,3253992,NULL),(253711883,'2014-08-27 00:00:00',0,NULL,'2015-01-04 00:00:00',2.05,'2014-08-28 01:21:58','2015-01-04 21:33:38',0,0,793671,3313390,NULL),(253715204,'2014-08-27 00:00:00',0,NULL,'2015-01-04 00:00:00',0.28,'2014-08-28 01:57:41','2015-01-04 21:33:29',0,0,783108,3253567,NULL),(253845846,'2014-08-28 00:00:00',0,'Mostly talking with Alex...also responding to emails from Alejandro, Alex (Connections), Bob Graham, and Paul DiCesare.','2015-01-04 00:00:00',0.88,'2014-08-28 14:21:03','2015-01-04 21:33:29',0,0,783108,3254032,NULL),(253858438,'2014-08-28 00:00:00',0,NULL,'2015-01-04 00:00:00',0.37,'2014-08-28 14:50:40','2015-01-04 21:33:29',0,0,783108,3254032,NULL),(253868741,'2014-08-28 00:00:00',0,NULL,'2015-01-04 00:00:00',0.59,'2014-08-28 15:13:27','2015-01-04 21:33:29',0,0,783108,3254032,NULL),(253879333,'2014-08-28 00:00:00',0,NULL,'2015-01-04 00:00:00',0.70,'2014-08-28 15:37:18','2015-01-04 21:33:29',0,0,783108,3253992,NULL),(253884724,'2014-08-28 00:00:00',0,NULL,'2015-01-04 00:00:00',0.20,'2014-08-28 15:49:24','2015-01-04 21:33:29',0,0,783108,3253992,NULL),(253902556,'2014-08-28 00:00:00',0,'Setting up Mike Smith in Harvest.','2015-01-04 00:00:00',0.03,'2014-08-28 16:34:23','2015-01-04 21:33:29',0,0,783108,3253567,NULL),(253903177,'2014-08-28 00:00:00',0,NULL,'2015-01-04 00:00:00',2.38,'2014-08-28 16:36:09','2015-01-04 21:33:29',0,0,783108,3317020,NULL),(253904917,'2014-08-28 00:00:00',0,NULL,'2015-01-04 00:00:00',0.18,'2014-08-28 16:41:23','2015-01-04 21:33:38',0,0,793671,3253992,NULL),(253908621,'2014-08-28 00:00:00',0,NULL,'2015-01-04 00:00:00',2.44,'2014-08-28 16:52:25','2015-01-04 21:33:38',0,0,793671,3317020,NULL),(253919575,'2014-08-28 00:00:00',0,'Tier 27 meeting','2015-01-04 00:00:00',2.43,'2014-08-28 17:26:11','2015-01-04 21:33:38',0,0,793671,3313391,NULL),(253933592,'2014-08-28 00:00:00',0,NULL,'2015-01-04 00:00:00',1.11,'2014-08-28 18:11:06','2015-01-04 21:33:29',0,0,783108,3253568,NULL),(253985816,'2014-08-28 00:00:00',0,'Deacon Alex','2015-01-04 00:00:00',0.47,'2014-08-28 20:55:26','2015-01-04 21:33:29',0,0,783108,3254032,NULL),(254006061,'2014-08-28 00:00:00',0,NULL,'2015-01-04 00:00:00',2.53,'2014-08-28 21:56:55','2015-01-04 21:33:29',0,0,783108,3253992,NULL),(254050160,'2014-08-28 00:00:00',0,NULL,'2015-01-04 00:00:00',0.03,'2014-08-29 01:54:13','2015-01-04 21:33:38',0,0,793671,3254032,NULL),(254053804,'2014-08-28 00:00:00',0,NULL,'2015-01-04 00:00:00',0.01,'2014-08-29 02:27:23','2015-01-04 21:33:44',0,0,785686,3253992,NULL),(254172792,'2014-08-29 00:00:00',0,NULL,'2015-01-04 00:00:00',0.08,'2014-08-29 13:36:39','2015-01-04 21:33:29',0,0,783108,3253992,NULL),(254174336,'2014-08-29 00:00:00',0,NULL,'2015-01-04 00:00:00',7.21,'2014-08-29 13:40:16','2015-01-04 21:33:29',0,0,783108,3253992,NULL),(254178437,'2014-08-29 00:00:00',0,'searched for jobs on Elance\n-applied for job / communicated with person hiring for job\n-reached out to two clients - CP and AS\n-updated logo\n-fb page overhaul','2015-01-04 00:00:00',4.07,'2014-08-29 13:49:13','2015-01-04 21:33:38',0,0,793671,3313391,NULL),(254179461,'2014-08-29 00:00:00',0,NULL,'2015-01-04 00:00:00',0.29,'2014-08-29 13:51:25','2015-01-04 21:33:29',0,0,783108,3254032,NULL),(254185993,'2014-08-29 00:00:00',0,NULL,'2015-01-04 00:00:00',1.08,'2014-08-29 14:05:25','2015-01-04 21:33:38',0,0,793671,3317020,NULL),(254198887,'2014-08-29 00:00:00',0,NULL,'2015-01-04 00:00:00',1.88,'2014-08-29 14:29:46','2015-01-04 21:33:29',0,0,783108,3253566,NULL),(254224002,'2014-08-29 00:00:00',0,NULL,'2015-01-04 00:00:00',0.62,'2014-08-29 15:16:53','2015-01-04 21:33:38',0,0,793671,3253911,NULL),(254232394,'2014-08-29 00:00:00',0,NULL,'2015-01-04 00:00:00',0.39,'2014-08-29 15:32:21','2015-01-04 21:33:29',0,0,783108,3254032,NULL),(254235750,'2014-08-29 00:00:00',0,'Paul DiCesare','2015-01-04 00:00:00',0.09,'2014-08-29 15:39:05','2015-01-04 21:33:29',0,0,783108,3254032,NULL),(254243861,'2014-08-29 00:00:00',0,NULL,'2015-01-04 00:00:00',0.30,'2014-08-29 15:54:31','2015-01-04 21:33:38',0,0,793671,3317020,NULL),(254272692,'2014-08-29 00:00:00',0,'Wedding Registry Application','2015-01-04 00:00:00',0.15,'2014-08-29 16:55:11','2015-01-04 21:33:29',0,0,783108,3253568,NULL),(254413855,'2014-08-29 00:00:00',0,NULL,'2015-01-04 00:00:00',0.77,'2014-08-30 00:39:55','2015-01-04 21:33:38',0,0,793671,3254032,NULL),(254421676,'2014-08-29 00:00:00',0,NULL,'2015-01-04 00:00:00',0.03,'2014-08-30 02:59:02','2015-01-04 21:33:29',0,0,783108,3254032,NULL),(254435373,'2014-08-30 00:00:00',0,NULL,'2015-01-04 00:00:00',0.21,'2014-08-30 13:34:26','2015-01-04 21:33:38',0,0,793671,3254032,NULL),(254435650,'2014-08-30 00:00:00',0,'external links on Portfolio page were broken\n-changed font family in header\n-applied for jobs on elance','2015-01-04 00:00:00',1.40,'2014-08-30 13:42:48','2015-01-04 21:33:38',0,0,793671,3313391,NULL),(254436470,'2014-08-30 00:00:00',0,NULL,'2015-01-04 00:00:00',0.62,'2014-08-30 14:07:29','2015-01-04 21:33:38',0,0,793671,3317020,NULL),(254440093,'2014-08-30 00:00:00',0,NULL,'2015-01-04 00:00:00',0.10,'2014-08-30 15:54:39','2015-01-04 21:33:29',0,0,783108,3254032,NULL),(254440133,'2014-08-30 00:00:00',0,NULL,'2015-01-04 00:00:00',1.02,'2014-08-30 15:56:36','2015-01-04 21:33:29',0,0,783108,3253992,NULL),(254440462,'2014-08-30 00:00:00',0,NULL,'2015-01-04 00:00:00',8.23,'2014-08-30 16:09:24','2015-01-04 21:33:29',0,0,783108,3253992,NULL),(254440991,'2014-08-30 00:00:00',0,NULL,'2015-01-04 00:00:00',1.63,'2014-08-30 16:24:58','2015-01-04 21:33:38',0,0,793671,3254032,NULL),(254452994,'2014-08-30 00:00:00',0,NULL,'2015-01-04 00:00:00',0.01,'2014-08-30 22:22:08','2015-01-04 21:33:29',0,0,783108,3254032,NULL),(254454948,'2014-08-30 00:00:00',0,NULL,'2015-01-04 00:00:00',0.33,'2014-08-30 23:56:53','2015-01-04 21:33:29',0,0,783108,3253568,NULL),(254460613,'2014-08-31 00:00:00',0,NULL,'2015-01-04 00:00:00',0.74,'2014-08-31 05:20:54','2015-01-04 21:33:38',0,0,793671,3254032,NULL),(254460696,'2014-08-31 00:00:00',0,NULL,'2015-01-04 00:00:00',0.33,'2014-08-31 05:26:00','2015-01-04 21:33:38',0,0,793671,3253566,NULL),(254460724,'2014-08-31 00:00:00',0,NULL,'2015-01-04 00:00:00',1.15,'2014-08-31 05:28:02','2015-01-04 21:33:38',0,0,793671,3313390,NULL),(254461856,'2014-08-31 00:00:00',0,NULL,'2015-01-04 00:00:00',1.72,'2014-08-31 06:37:11','2015-01-04 21:33:38',0,0,793671,3317020,NULL),(254462507,'2014-08-31 00:00:00',0,'elance\n-contacted matt g.\n-made header with bootstrap template\n-applied for 2 more jobs on elance.','2015-01-04 00:00:00',1.41,'2014-08-31 07:06:23','2015-01-04 21:33:38',0,0,793671,3313391,NULL),(254462788,'2014-08-30 00:00:00',0,NULL,'2015-01-04 00:00:00',2.00,'2014-08-31 07:22:47','2015-01-04 21:33:38',0,0,793671,3317020,NULL),(254472864,'2014-08-31 00:00:00',0,NULL,'2015-01-04 00:00:00',0.19,'2014-08-31 14:14:39','2015-01-04 21:33:29',0,0,783108,3254032,NULL),(254472953,'2014-08-31 00:00:00',0,NULL,'2015-01-04 00:00:00',9.84,'2014-08-31 14:17:21','2015-01-04 21:33:29',0,0,783108,3253992,NULL),(254473077,'2014-08-31 00:00:00',0,NULL,'2015-01-04 00:00:00',1.11,'2014-08-31 14:20:30','2015-01-04 21:33:29',0,0,783108,3254032,NULL),(254483696,'2014-08-31 00:00:00',0,NULL,'2015-01-04 00:00:00',1.06,'2014-08-31 18:40:59','2015-01-04 21:33:29',0,0,783108,3254032,NULL),(254487626,'2014-08-31 00:00:00',0,NULL,'2015-01-04 00:00:00',0.25,'2014-08-31 19:58:50','2015-01-04 21:33:29',0,0,783108,3253992,NULL),(254638714,'2014-09-01 00:00:00',0,NULL,'2015-01-04 00:00:00',0.22,'2014-09-01 13:22:43','2015-01-04 21:33:29',0,0,783108,3254032,NULL),(254639008,'2014-09-01 00:00:00',0,NULL,'2015-01-04 00:00:00',0.33,'2014-09-01 13:24:08','2015-01-04 21:33:29',0,0,783108,3253992,NULL),(254641673,'2014-09-01 00:00:00',0,NULL,'2015-01-04 00:00:00',0.18,'2014-09-01 13:36:43','2015-01-04 21:33:29',0,0,783108,3254032,NULL),(254654228,'2014-09-01 00:00:00',0,NULL,'2015-01-04 00:00:00',0.32,'2014-09-01 14:31:11','2015-01-04 21:33:29',0,0,783108,3254032,NULL),(254660000,'2014-09-01 00:00:00',0,NULL,'2015-01-04 00:00:00',3.24,'2014-09-01 14:57:19','2015-01-04 21:33:29',0,0,783108,3253992,NULL),(254661887,'2014-09-01 00:00:00',0,NULL,'2015-01-04 00:00:00',0.95,'2014-09-01 15:06:11','2015-01-04 21:33:38',0,0,793671,3313391,NULL),(254661931,'2014-09-01 00:00:00',0,NULL,'2015-01-04 00:00:00',0.33,'2014-09-01 15:06:15','2015-01-04 21:33:38',0,0,793671,3254032,NULL),(254665240,'2014-09-01 00:00:00',0,NULL,'2015-01-04 00:00:00',0.03,'2014-09-01 15:21:00','2015-01-04 21:33:29',0,0,783108,3254032,NULL),(254665440,'2014-09-01 00:00:00',0,NULL,'2015-01-04 00:00:00',2.99,'2014-09-01 15:21:50','2015-01-04 21:33:29',0,0,783108,3253992,NULL),(254678376,'2014-09-01 00:00:00',0,NULL,'2015-01-04 00:00:00',0.35,'2014-09-01 16:25:03','2015-01-04 21:33:29',0,0,783108,3253567,NULL),(254678688,'2014-09-01 00:00:00',0,NULL,'2015-01-04 00:00:00',0.40,'2014-09-01 16:26:40','2015-01-04 21:33:38',0,0,793671,3254032,NULL),(254678885,'2014-09-01 00:00:00',0,NULL,'2015-01-04 00:00:00',0.60,'2014-09-01 16:27:56','2015-01-04 21:33:38',0,0,793671,3313390,NULL),(254704004,'2014-09-01 00:00:00',0,NULL,'2015-01-04 00:00:00',0.33,'2014-09-01 20:03:53','2015-01-04 21:33:38',0,0,793671,3254032,NULL),(254749709,'2014-09-01 00:00:00',0,NULL,'2015-01-04 00:00:00',4.12,'2014-09-01 23:19:29','2015-01-04 21:33:29',0,0,783108,3253992,NULL),(254864957,'2014-09-02 00:00:00',0,NULL,'2015-01-04 00:00:00',2.71,'2014-09-02 11:52:06','2015-01-04 21:33:38',0,0,793671,3254032,NULL),(254869664,'2014-09-02 00:00:00',0,NULL,'2015-01-04 00:00:00',0.78,'2014-09-02 12:08:14','2015-01-04 21:33:44',0,0,785686,3253992,NULL),(254875484,'2014-09-02 00:00:00',0,NULL,'2015-01-04 00:00:00',0.57,'2014-09-02 12:24:18','2015-01-04 21:33:29',0,0,783108,3254032,NULL),(254881142,'2014-09-02 00:00:00',0,'finances\n-discussion with jim','2015-01-04 00:00:00',1.80,'2014-09-02 12:38:06','2015-01-04 21:33:38',0,0,793671,3313391,NULL),(254885409,'2014-09-02 00:00:00',0,NULL,'2015-01-04 00:00:00',0.93,'2014-09-02 12:46:42','2015-01-04 21:33:29',0,0,783108,3254032,NULL),(254885586,'2014-09-02 00:00:00',0,NULL,'2015-01-04 00:00:00',0.76,'2014-09-02 12:47:01','2015-01-04 21:33:38',0,0,793671,3291311,NULL),(254952567,'2014-09-02 00:00:00',0,NULL,'2015-01-04 00:00:00',0.23,'2014-09-02 14:27:31','2015-01-04 21:33:38',0,0,793671,3254032,NULL),(254955009,'2014-09-02 00:00:00',0,NULL,'2015-01-04 00:00:00',8.34,'2014-09-02 14:31:20','2015-01-04 21:33:29',0,0,783108,3253992,NULL),(254973653,'2014-09-02 00:00:00',0,'Created \"stuff\", phoned BoA to sort out transfers','2015-01-04 00:00:00',0.36,'2014-09-02 14:58:40','2015-01-04 21:33:29',0,0,783108,3358283,NULL),(255086611,'2014-09-02 00:00:00',0,NULL,'2015-01-04 00:00:00',0.46,'2014-09-02 18:29:19','2015-01-04 21:33:29',0,0,783108,3254032,NULL),(255098607,'2014-09-02 00:00:00',0,NULL,'2015-01-04 00:00:00',0.37,'2014-09-02 19:00:26','2015-01-04 21:33:38',0,0,793671,3291311,NULL),(255115939,'2014-09-02 00:00:00',0,NULL,'2015-01-04 00:00:00',0.89,'2014-09-02 19:46:57','2015-01-04 21:33:38',0,0,793671,3254032,NULL),(255205076,'2014-09-02 00:00:00',0,NULL,'2015-01-04 00:00:00',1.18,'2014-09-03 00:40:05','2015-01-04 21:33:29',0,0,783108,3253992,NULL),(255220048,'2014-09-02 00:00:00',0,NULL,'2015-01-04 00:00:00',0.16,'2014-09-03 02:36:32','2015-01-04 21:33:29',0,0,783108,3253567,NULL),(255226526,'2014-09-02 00:00:00',0,NULL,'2015-01-04 00:00:00',0.41,'2014-09-03 03:44:10','2015-01-04 21:33:38',0,0,793671,3313390,NULL),(255318053,'2014-09-03 00:00:00',0,'Bank of America - With our current account type , we have to call in to schedule a transfer.','2015-01-04 00:00:00',0.12,'2014-09-03 12:58:14','2015-01-04 21:33:29',0,0,783108,3358283,NULL),(255352095,'2014-09-03 00:00:00',0,NULL,'2015-01-04 00:00:00',7.12,'2014-09-03 14:14:13','2015-01-04 21:33:38',0,0,793671,3313390,NULL),(255367361,'2014-09-03 00:00:00',0,NULL,'2015-01-04 00:00:00',0.38,'2014-09-03 14:45:11','2015-01-04 21:33:29',0,0,783108,3254032,NULL),(255402633,'2014-09-03 00:00:00',0,NULL,'2015-01-04 00:00:00',0.31,'2014-09-03 16:01:57','2015-01-04 21:33:38',0,0,793671,3254032,NULL),(255456396,'2014-09-03 00:00:00',0,NULL,'2015-01-04 00:00:00',0.72,'2014-09-03 18:22:48','2015-01-04 21:33:38',0,0,793671,3254032,NULL),(255460954,'2014-09-03 00:00:00',0,NULL,'2015-01-04 00:00:00',0.26,'2014-09-03 18:36:15','2015-01-04 21:33:29',0,0,783108,3254032,NULL),(255520112,'2014-09-03 00:00:00',0,'talk with Jim\n-finances','2015-01-04 00:00:00',0.46,'2014-09-03 21:35:08','2015-01-04 21:33:38',0,0,793671,3254032,NULL),(255576652,'2014-09-03 00:00:00',0,'Meeting with Tom and Jackie','2015-01-04 00:00:00',0.38,'2014-09-04 02:42:19','2015-01-04 21:33:29',0,0,783108,3254032,NULL),(255576695,'2014-09-03 00:00:00',0,'Queries','2015-01-04 00:00:00',0.25,'2014-09-04 02:42:50','2015-01-04 21:33:29',0,0,783108,3254032,NULL),(255577275,'2014-09-03 00:00:00',0,NULL,'2015-01-04 00:00:00',0.10,'2014-09-04 02:48:48','2015-01-04 21:33:29',0,0,783108,3291311,NULL),(255585843,'2014-09-04 00:00:00',0,'chat with Josh','2015-01-04 00:00:00',0.87,'2014-09-04 04:07:01','2015-01-04 21:33:38',0,0,793671,3291311,NULL),(255586632,'2014-09-04 00:00:00',0,NULL,'2015-01-04 00:00:00',2.73,'2014-09-04 04:14:43','2015-01-04 21:33:38',0,0,793671,3313390,NULL),(255659001,'2014-09-04 00:00:00',0,NULL,'2015-01-04 00:00:00',0.11,'2014-09-04 12:08:04','2015-01-04 21:33:29',0,0,783108,3254032,NULL),(255659316,'2014-09-04 00:00:00',0,NULL,'2015-01-04 00:00:00',3.98,'2014-09-04 12:09:22','2015-01-04 21:33:29',0,0,783108,3291311,NULL),(255674550,'2014-09-04 00:00:00',0,NULL,'2015-01-04 00:00:00',3.52,'2014-09-04 13:01:13','2015-01-04 21:33:38',0,0,793671,3291311,NULL),(255685468,'2014-09-04 00:00:00',0,NULL,'2015-01-04 00:00:00',0.63,'2014-09-04 13:27:46','2015-01-04 21:33:29',0,0,783108,3253568,NULL),(255720202,'2014-09-04 00:00:00',0,NULL,'2015-01-04 00:00:00',0.27,'2014-09-04 14:44:09','2015-01-04 21:33:38',0,0,793671,3254032,NULL),(255727255,'2014-09-04 00:00:00',0,NULL,'2015-01-04 00:00:00',0.04,'2014-09-04 15:00:25','2015-01-04 21:33:38',0,0,793671,3254032,NULL),(255779363,'2014-09-04 00:00:00',0,NULL,'2015-01-04 00:00:00',0.57,'2014-09-04 17:04:31','2015-01-04 21:33:29',0,0,783108,3254032,NULL),(255789381,'2014-09-04 00:00:00',0,'Mostly development','2015-01-04 00:00:00',1.17,'2014-09-04 17:36:06','2015-01-04 21:33:29',0,0,783108,3254032,NULL),(255791811,'2014-09-04 00:00:00',0,NULL,'2015-01-04 00:00:00',0.03,'2014-09-04 17:43:48','2015-01-04 21:33:29',0,0,783108,3253567,NULL),(255839500,'2014-09-04 00:00:00',0,NULL,'2015-01-04 00:00:00',4.11,'2014-09-04 20:15:04','2015-01-04 21:33:29',0,0,783108,3253992,NULL),(255889959,'2014-09-04 00:00:00',0,'reolving frontend issues','2015-01-04 00:00:00',0.38,'2014-09-04 23:16:19','2015-01-04 21:33:44',0,0,785686,3253992,NULL),(255898815,'2014-09-04 00:00:00',0,'Mastermind meeting','2015-01-04 00:00:00',0.68,'2014-09-05 00:02:50','2015-01-04 21:33:29',0,0,783108,3253568,NULL),(255914244,'2014-09-04 00:00:00',0,NULL,'2015-01-04 00:00:00',0.88,'2014-09-05 02:01:56','2015-01-04 21:33:38',0,0,793671,3254032,NULL),(255915182,'2014-09-04 00:00:00',0,'Weekly meeting','2015-01-04 00:00:00',1.12,'2014-09-05 02:10:04','2015-01-04 21:33:29',0,0,783108,3253568,NULL),(255921531,'2014-09-04 00:00:00',0,NULL,'2015-01-04 00:00:00',0.54,'2014-09-05 03:18:40','2015-01-04 21:33:29',0,0,783108,3253992,NULL),(255923034,'2014-09-04 00:00:00',0,NULL,'2015-01-04 00:00:00',0.32,'2014-09-05 03:38:25','2015-01-04 21:33:38',0,0,793671,3253992,NULL),(256023907,'2014-09-05 00:00:00',0,NULL,'2015-01-04 00:00:00',0.15,'2014-09-05 13:19:17','2015-01-04 21:33:29',0,0,783108,3254032,NULL),(256025268,'2014-09-05 00:00:00',0,NULL,'2015-01-04 00:00:00',0.50,'2014-09-05 13:22:56','2015-01-04 21:33:29',0,0,783108,3254032,NULL),(256025847,'2014-09-05 00:00:00',0,NULL,'2015-01-04 00:00:00',0.67,'2014-09-05 13:24:33','2015-01-04 21:33:29',0,0,783108,3254032,NULL),(256043846,'2014-09-05 00:00:00',0,NULL,'2015-01-04 00:00:00',0.42,'2014-09-05 14:05:19','2015-01-04 21:33:38',0,0,793671,3254032,NULL),(256047360,'2014-09-05 00:00:00',0,NULL,'2015-01-04 00:00:00',0.73,'2014-09-05 14:11:53','2015-01-04 21:33:38',0,0,793671,3325439,NULL),(256052211,'2014-09-05 00:00:00',0,NULL,'2015-01-04 00:00:00',2.46,'2014-09-05 14:21:10','2015-01-04 21:33:29',0,0,783108,3253992,NULL),(256065662,'2014-09-05 00:00:00',0,NULL,'2015-01-04 00:00:00',0.12,'2014-09-05 14:48:20','2015-01-04 21:33:29',0,0,783108,3253992,NULL),(256067700,'2014-09-05 00:00:00',0,NULL,'2015-01-04 00:00:00',0.03,'2014-09-05 14:52:51','2015-01-04 21:33:29',0,0,783108,3253567,NULL),(256080692,'2014-09-05 00:00:00',0,NULL,'2015-01-04 00:00:00',1.90,'2014-09-05 15:15:55','2015-01-04 21:33:38',0,0,793671,3291311,NULL),(256081039,'2014-09-05 00:00:00',0,NULL,'2015-01-04 00:00:00',1.52,'2014-09-05 15:16:30','2015-01-04 21:33:29',0,0,783108,3291311,NULL),(256124241,'2014-09-05 00:00:00',0,NULL,'2015-01-04 00:00:00',0.36,'2014-09-05 16:47:36','2015-01-04 21:33:29',0,0,783108,3253568,NULL),(256131385,'2014-09-05 00:00:00',0,NULL,'2015-01-04 00:00:00',2.12,'2014-09-05 17:07:24','2015-01-04 21:33:38',0,0,793671,3313391,NULL),(256145156,'2014-09-05 00:00:00',0,NULL,'2015-01-04 00:00:00',1.38,'2014-09-05 17:47:51','2015-01-04 21:33:38',0,0,793671,3313390,NULL),(256179807,'2014-09-05 00:00:00',0,'Meeting with Mike','2015-01-04 00:00:00',0.50,'2014-09-05 19:28:28','2015-01-04 21:33:29',0,0,783108,3254032,NULL),(256223933,'2014-09-05 00:00:00',0,'Meeting with Jillian','2015-01-04 00:00:00',0.50,'2014-09-05 21:17:00','2015-01-04 21:33:29',0,0,783108,3254032,NULL),(256223970,'2014-09-05 00:00:00',0,'Meeting with Ryan','2015-01-04 00:00:00',0.17,'2014-09-05 21:17:07','2015-01-04 21:33:29',0,0,783108,3254032,NULL),(256229703,'2014-09-05 00:00:00',0,NULL,'2015-01-04 00:00:00',0.92,'2014-09-05 21:31:47','2015-01-04 21:33:29',0,0,783108,3253992,NULL),(256279774,'2014-09-05 00:00:00',0,NULL,'2015-01-04 00:00:00',0.33,'2014-09-06 02:23:14','2015-01-04 21:33:38',0,0,793671,3253992,NULL),(256279806,'2014-09-05 00:00:00',0,NULL,'2015-01-04 00:00:00',1.70,'2014-09-06 02:24:00','2015-01-04 21:33:38',0,0,793671,3253992,NULL),(256295820,'2014-09-06 00:00:00',0,NULL,'2015-01-04 00:00:00',0.72,'2014-09-06 14:37:54','2015-01-04 21:33:29',0,0,783108,3254032,NULL),(256299326,'2014-09-06 00:00:00',0,NULL,'2015-01-04 00:00:00',0.45,'2014-09-06 16:18:02','2015-01-04 21:33:38',0,0,793671,3313391,NULL),(256307494,'2014-09-06 00:00:00',0,NULL,'2015-01-04 00:00:00',0.52,'2014-09-06 20:49:16','2015-01-04 21:33:29',0,0,783108,3253992,NULL),(256307502,'2014-09-06 00:00:00',0,NULL,'2015-01-04 00:00:00',0.06,'2014-09-06 20:49:39','2015-01-04 21:33:29',0,0,783108,3254032,NULL),(256307900,'2014-09-06 00:00:00',0,NULL,'2015-01-04 00:00:00',3.36,'2014-09-06 21:02:55','2015-01-04 21:33:29',0,0,783108,3253992,NULL),(256326802,'2014-09-07 00:00:00',0,NULL,'2015-01-04 00:00:00',3.23,'2014-09-07 13:01:19','2015-01-04 21:33:38',0,0,793671,3313390,NULL),(256330430,'2014-09-07 00:00:00',0,'Meeting with Ryan','2015-01-04 00:00:00',0.73,'2014-09-07 14:47:11','2015-01-04 21:33:29',0,0,783108,3253568,NULL),(256330504,'2014-09-07 00:00:00',0,NULL,'2015-01-04 00:00:00',0.73,'2014-09-07 14:49:13','2015-01-04 21:33:38',0,0,793671,3254032,NULL),(256332351,'2014-09-07 00:00:00',0,NULL,'2015-01-04 00:00:00',0.03,'2014-09-07 15:31:03','2015-01-04 21:33:29',0,0,783108,3254032,NULL),(256332421,'2014-09-07 00:00:00',0,NULL,'2015-01-04 00:00:00',0.60,'2014-09-07 15:32:52','2015-01-04 21:33:29',0,0,783108,3254032,NULL),(256335869,'2014-09-07 00:00:00',0,NULL,'2015-01-04 00:00:00',4.74,'2014-09-07 17:08:03','2015-01-04 21:33:29',0,0,783108,3253992,NULL),(256357018,'2014-09-07 00:00:00',0,NULL,'2015-01-04 00:00:00',0.35,'2014-09-07 23:08:44','2015-01-04 21:33:29',0,0,783108,3253992,NULL),(256383182,'2014-09-07 00:00:00',0,NULL,'2015-01-04 00:00:00',0.08,'2014-09-08 03:09:40','2015-01-04 21:33:29',0,0,783108,3254032,NULL),(256481090,'2014-09-08 00:00:00',0,NULL,'2015-01-04 00:00:00',0.51,'2014-09-08 11:43:51','2015-01-04 21:33:29',0,0,783108,3254032,NULL),(256481615,'2014-09-08 00:00:00',0,NULL,'2015-01-04 00:00:00',0.15,'2014-09-08 11:46:00','2015-01-04 21:33:29',0,0,783108,3254032,NULL),(256482717,'2014-09-08 00:00:00',0,NULL,'2015-01-04 00:00:00',2.36,'2014-09-08 11:50:31','2015-01-04 21:33:29',0,0,783108,3253992,NULL),(256523716,'2014-09-08 00:00:00',0,NULL,'2015-01-04 00:00:00',0.06,'2014-09-08 13:25:59','2015-01-04 21:33:29',0,0,783108,3253566,NULL),(256560344,'2014-09-08 00:00:00',0,NULL,'2015-01-04 00:00:00',1.22,'2014-09-08 14:23:44','2015-01-04 21:33:38',0,0,793671,3313390,NULL),(256560506,'2014-09-08 00:00:00',0,NULL,'2015-01-04 00:00:00',0.43,'2014-09-08 14:23:58','2015-01-04 21:33:38',0,0,793671,3313391,NULL),(256570310,'2014-09-08 00:00:00',0,NULL,'2015-01-04 00:00:00',0.33,'2014-09-08 14:39:39','2015-01-04 21:33:29',0,0,783108,3253992,NULL),(256597035,'2014-09-08 00:00:00',0,NULL,'2015-01-04 00:00:00',0.15,'2014-09-08 15:22:45','2015-01-04 21:33:29',0,0,783108,3253992,NULL),(256620832,'2014-09-08 00:00:00',0,NULL,'2015-01-04 00:00:00',0.42,'2014-09-08 16:03:06','2015-01-04 21:33:38',0,0,793671,3254032,NULL),(256625048,'2014-09-08 00:00:00',0,NULL,'2015-01-04 00:00:00',0.45,'2014-09-08 16:10:42','2015-01-04 21:33:29',0,0,783108,3254032,NULL),(256635579,'2014-09-08 00:00:00',0,NULL,'2015-01-04 00:00:00',0.39,'2014-09-08 16:30:26','2015-01-04 21:33:29',0,0,783108,3253567,NULL),(256638069,'2014-09-08 00:00:00',0,NULL,'2015-01-04 00:00:00',0.17,'2014-09-08 16:35:08','2015-01-04 21:33:38',0,0,793671,3254032,NULL),(256688709,'2014-09-08 00:00:00',0,NULL,'2015-01-04 00:00:00',0.07,'2014-09-08 18:38:18','2015-01-04 21:33:29',0,0,783108,3254032,NULL),(256690584,'2014-09-08 00:00:00',0,NULL,'2015-01-04 00:00:00',1.87,'2014-09-08 18:44:04','2015-01-04 21:33:29',0,0,783108,3253992,NULL),(256704293,'2014-09-08 00:00:00',0,NULL,'2015-01-04 00:00:00',0.53,'2014-09-08 19:23:41','2015-01-04 21:33:38',0,0,793671,3254032,NULL),(256704391,'2014-09-08 00:00:00',0,NULL,'2015-01-04 00:00:00',2.86,'2014-09-08 19:23:54','2015-01-04 21:33:38',0,0,793671,3254032,NULL),(256760176,'2014-09-08 00:00:00',0,'Walkthrough','2015-01-04 00:00:00',0.82,'2014-09-08 21:57:52','2015-01-04 21:33:29',0,0,783108,3254032,NULL),(256800413,'2014-09-08 00:00:00',0,NULL,'2015-01-04 00:00:00',0.48,'2014-09-09 00:59:54','2015-01-04 21:33:29',0,0,783108,3253567,NULL),(256800619,'2014-09-08 00:00:00',0,'Issue Id front-end architecture','2015-01-04 00:00:00',2.62,'2014-09-09 01:01:09','2015-01-04 21:33:44',0,0,785686,3253992,NULL),(256807743,'2014-09-08 00:00:00',0,NULL,'2015-01-04 00:00:00',1.08,'2014-09-09 02:03:24','2015-01-04 21:33:38',0,0,793671,3254032,NULL),(256807752,'2014-09-08 00:00:00',0,'(Bi-)Weekly company meeting','2015-01-04 00:00:00',0.90,'2014-09-09 02:03:29','2015-01-04 21:33:29',0,0,783108,3253568,NULL),(256815139,'2014-09-08 00:00:00',0,'Keith','2015-01-04 00:00:00',0.38,'2014-09-09 03:15:29','2015-01-04 21:33:29',0,0,783108,3253568,NULL),(256818464,'2014-09-08 00:00:00',0,NULL,'2015-01-04 00:00:00',1.14,'2014-09-09 03:50:42','2015-01-04 21:33:44',0,0,785686,3253567,NULL),(256967749,'2014-09-09 00:00:00',0,NULL,'2015-01-04 00:00:00',7.45,'2014-09-09 14:59:55','2015-01-04 21:33:44',0,0,785686,3253992,NULL),(256979688,'2014-09-09 00:00:00',0,NULL,'2015-01-04 00:00:00',0.50,'2014-09-09 15:25:55','2015-01-04 21:33:29',0,0,783108,3253568,NULL),(256981943,'2014-09-09 00:00:00',0,NULL,'2015-01-04 00:00:00',0.57,'2014-09-09 15:30:26','2015-01-04 21:33:29',0,0,783108,3291311,NULL),(257005180,'2014-09-09 00:00:00',0,NULL,'2015-01-04 00:00:00',1.13,'2014-09-09 16:21:28','2015-01-04 21:33:38',0,0,793671,3291311,NULL),(257009824,'2014-09-09 00:00:00',0,NULL,'2015-01-04 00:00:00',0.58,'2014-09-09 16:32:23','2015-01-04 21:33:29',0,0,783108,3253567,NULL),(257012892,'2014-09-09 00:00:00',0,NULL,'2015-01-04 00:00:00',3.25,'2014-09-09 16:40:48','2015-01-04 21:33:38',0,0,793671,3254032,NULL),(257014704,'2014-09-09 00:00:00',0,NULL,'2015-01-04 00:00:00',0.25,'2014-09-09 16:45:34','2015-01-04 21:33:29',0,0,783108,3254032,NULL),(257016786,'2014-09-09 00:00:00',0,NULL,'2015-01-04 00:00:00',0.26,'2014-09-09 16:51:44','2015-01-04 21:33:29',0,0,783108,3253567,NULL),(257022529,'2014-09-09 00:00:00',0,NULL,'2015-01-04 00:00:00',0.20,'2014-09-09 17:07:35','2015-01-04 21:33:29',0,0,783108,3253567,NULL),(257028874,'2014-09-09 00:00:00',0,NULL,'2015-01-04 00:00:00',0.33,'2014-09-09 17:28:42','2015-01-04 21:33:38',0,0,793671,3291311,NULL),(257030062,'2014-09-09 00:00:00',0,'Magnus','2015-01-04 00:00:00',0.39,'2014-09-09 17:32:01','2015-01-04 21:33:29',0,0,783108,3253567,NULL),(257037624,'2014-09-09 00:00:00',0,NULL,'2015-01-04 00:00:00',0.72,'2014-09-09 17:57:07','2015-01-04 21:33:38',0,0,793671,3313391,NULL),(257043379,'2014-09-09 00:00:00',0,NULL,'2015-01-04 00:00:00',0.29,'2014-09-09 18:15:17','2015-01-04 21:33:38',0,0,793671,3313390,NULL),(257058165,'2014-09-09 00:00:00',0,'Filling out schedule for the rest of the day.','2015-01-04 00:00:00',0.25,'2014-09-09 19:06:41','2015-01-04 21:33:29',0,0,783108,3418965,NULL),(257060484,'2014-09-09 00:00:00',0,NULL,'2015-01-04 00:00:00',0.20,'2014-09-09 19:14:55','2015-01-04 21:33:29',0,0,783108,3418965,NULL),(257065685,'2014-09-09 00:00:00',0,NULL,'2015-01-04 00:00:00',0.25,'2014-09-09 19:33:58','2015-01-04 21:33:29',0,0,783108,3253992,NULL),(257070251,'2014-09-09 00:00:00',0,'Meeting preparation','2015-01-04 00:00:00',0.24,'2014-09-09 19:50:06','2015-01-04 21:33:29',0,0,783108,3253566,NULL),(257074929,'2014-09-09 00:00:00',0,'Meeting with Jillian Horn','2015-01-04 00:00:00',0.48,'2014-09-09 20:04:32','2015-01-04 21:33:29',0,0,783108,3254032,NULL),(257081822,'2014-09-09 00:00:00',0,NULL,'2015-01-04 00:00:00',0.67,'2014-09-09 20:27:18','2015-01-04 21:33:38',0,0,793671,3254032,NULL),(257097709,'2014-09-09 00:00:00',0,'Calibration, committing, pulling, new branch, hours movement, etc.','2015-01-04 00:00:00',0.25,'2014-09-09 21:14:46','2015-01-04 21:33:29',0,0,783108,3253992,NULL),(257102288,'2014-09-09 00:00:00',0,'Email receipt, Authorize information, Sommer\'s MBC email','2015-01-04 00:00:00',0.25,'2014-09-09 21:29:51','2015-01-04 21:33:29',0,0,783108,3253992,NULL),(257106971,'2014-09-09 00:00:00',0,'Messaging system - UI first','2015-01-04 00:00:00',0.25,'2014-09-09 21:46:31','2015-01-04 21:33:29',0,0,783108,3253992,NULL),(257111716,'2014-09-09 00:00:00',0,NULL,'2015-01-04 00:00:00',0.25,'2014-09-09 22:02:58','2015-01-04 21:33:29',0,0,783108,3253992,NULL),(257119433,'2014-09-09 00:00:00',0,NULL,'2015-01-04 00:00:00',0.25,'2014-09-09 22:34:06','2015-01-04 21:33:29',0,0,783108,3253992,NULL),(257133992,'2014-09-09 00:00:00',0,'Meeting preparation.','2015-01-04 00:00:00',0.25,'2014-09-09 23:45:27','2015-01-04 21:33:29',0,0,783108,3253566,NULL),(257142393,'2014-09-09 00:00:00',0,NULL,'2015-01-04 00:00:00',0.25,'2014-09-10 00:36:08','2015-01-04 21:33:29',0,0,783108,3253992,NULL),(257171544,'2014-09-10 00:00:00',0,NULL,'2015-01-04 00:00:00',3.78,'2014-09-10 05:31:26','2015-01-04 21:33:38',0,0,793671,3313390,NULL),(257255842,'2014-09-10 00:00:00',0,NULL,'2015-01-04 00:00:00',0.60,'2014-09-10 13:10:35','2015-01-04 21:33:38',0,0,793671,3254032,NULL),(257287520,'2014-09-10 00:00:00',0,NULL,'2015-01-04 00:00:00',0.86,'2014-09-10 14:24:32','2015-01-04 21:33:38',0,0,793671,3254032,NULL),(257336968,'2014-09-10 00:00:00',0,NULL,'2015-01-04 00:00:00',0.25,'2014-09-10 16:19:36','2015-01-04 21:33:29',0,0,783108,3253606,NULL),(257342393,'2014-09-10 00:00:00',0,NULL,'2015-01-04 00:00:00',0.25,'2014-09-10 16:33:34','2015-01-04 21:33:29',0,0,783108,3253567,NULL),(257393220,'2014-09-10 00:00:00',0,NULL,'2015-01-04 00:00:00',1.51,'2014-09-10 19:14:30','2015-01-04 21:33:38',0,0,793671,3254032,NULL),(257393665,'2014-09-10 00:00:00',0,NULL,'2015-01-04 00:00:00',0.25,'2014-09-10 19:16:01','2015-01-04 21:33:29',0,0,783108,3418965,NULL),(257398612,'2014-09-10 00:00:00',0,NULL,'2015-01-04 00:00:00',0.25,'2014-09-10 19:33:07','2015-01-04 21:33:29',0,0,783108,3254032,NULL),(257403180,'2014-09-10 00:00:00',0,NULL,'2015-01-04 00:00:00',0.25,'2014-09-10 19:49:29','2015-01-04 21:33:29',0,0,783108,3253567,NULL),(257407539,'2014-09-10 00:00:00',0,NULL,'2015-01-04 00:00:00',0.25,'2014-09-10 20:03:50','2015-01-04 21:33:29',0,0,783108,3253992,NULL),(257411782,'2014-09-10 00:00:00',0,NULL,'2015-01-04 00:00:00',0.25,'2014-09-10 20:17:52','2015-01-04 21:33:29',0,0,783108,3253567,NULL),(257416093,'2014-09-10 00:00:00',0,NULL,'2015-01-04 00:00:00',0.25,'2014-09-10 20:31:47','2015-01-04 21:33:29',0,0,783108,3253992,NULL),(257418866,'2014-09-10 00:00:00',0,NULL,'2015-01-04 00:00:00',0.37,'2014-09-10 20:40:37','2015-01-04 21:33:38',0,0,793671,3313390,NULL),(257420488,'2014-09-10 00:00:00',0,NULL,'2015-01-04 00:00:00',0.25,'2014-09-10 20:45:52','2015-01-04 21:33:29',0,0,783108,3253992,NULL),(257436040,'2014-09-10 00:00:00',0,NULL,'2015-01-04 00:00:00',0.25,'2014-09-10 21:19:39','2015-01-04 21:33:29',0,0,783108,3253992,NULL),(257440408,'2014-09-10 00:00:00',0,NULL,'2015-01-04 00:00:00',0.25,'2014-09-10 21:34:10','2015-01-04 21:33:29',0,0,783108,3253992,NULL),(257444636,'2014-09-10 00:00:00',0,NULL,'2015-01-04 00:00:00',0.25,'2014-09-10 21:48:22','2015-01-04 21:33:29',0,0,783108,3253992,NULL),(257448731,'2014-09-10 00:00:00',0,NULL,'2015-01-04 00:00:00',0.25,'2014-09-10 22:02:25','2015-01-04 21:33:29',0,0,783108,3253992,NULL),(257452388,'2014-09-10 00:00:00',0,NULL,'2015-01-04 00:00:00',0.25,'2014-09-10 22:16:16','2015-01-04 21:33:29',0,0,783108,3253992,NULL),(257455725,'2014-09-10 00:00:00',0,NULL,'2015-01-04 00:00:00',0.25,'2014-09-10 22:30:31','2015-01-04 21:33:29',0,0,783108,3254032,NULL),(257459656,'2014-09-10 00:00:00',0,NULL,'2015-01-04 00:00:00',0.25,'2014-09-10 22:48:03','2015-01-04 21:33:29',0,0,783108,3253992,NULL),(257462786,'2014-09-10 00:00:00',0,NULL,'2015-01-04 00:00:00',0.25,'2014-09-10 23:03:07','2015-01-04 21:33:29',0,0,783108,3253992,NULL),(257466066,'2014-09-10 00:00:00',0,NULL,'2015-01-04 00:00:00',0.25,'2014-09-10 23:18:21','2015-01-04 21:33:29',0,0,783108,3253992,NULL),(257487326,'2014-09-10 00:00:00',0,NULL,'2015-01-04 00:00:00',0.25,'2014-09-11 01:36:19','2015-01-04 21:33:29',0,0,783108,3253992,NULL),(257488686,'2014-09-10 00:00:00',0,NULL,'2015-01-04 00:00:00',0.25,'2014-09-11 01:50:30','2015-01-04 21:33:29',0,0,783108,3253992,NULL),(257489653,'2014-09-10 00:00:00',0,NULL,'2015-01-04 00:00:00',1.02,'2014-09-11 02:00:12','2015-01-04 21:33:38',0,0,793671,3291311,NULL),(257489866,'2014-09-10 00:00:00',0,NULL,'2015-01-04 00:00:00',0.25,'2014-09-11 02:01:51','2015-01-04 21:33:29',0,0,783108,3253568,NULL),(257491687,'2014-09-10 00:00:00',0,NULL,'2015-01-04 00:00:00',0.25,'2014-09-11 02:18:37','2015-01-04 21:33:29',0,0,783108,3253568,NULL),(257492918,'2014-09-10 00:00:00',0,NULL,'2015-01-04 00:00:00',0.50,'2014-09-11 02:33:08','2015-01-04 21:33:29',0,0,783108,3291311,NULL),(257495098,'2014-09-10 00:00:00',0,NULL,'2015-01-04 00:00:00',0.25,'2014-09-11 03:01:25','2015-01-04 21:33:29',0,0,783108,3253568,NULL),(257496397,'2014-09-10 00:00:00',0,NULL,'2015-01-04 00:00:00',0.25,'2014-09-11 03:15:58','2015-01-04 21:33:29',0,0,783108,3253568,NULL),(257646160,'2014-09-11 00:00:00',0,NULL,'2015-01-04 00:00:00',0.67,'2014-09-11 15:23:13','2015-01-04 21:33:38',0,0,793671,3254032,NULL),(257649251,'2014-09-11 00:00:00',0,NULL,'2015-01-04 00:00:00',0.50,'2014-09-11 15:30:55','2015-01-04 21:33:38',0,0,793671,3254032,NULL),(257649720,'2014-09-11 00:00:00',0,NULL,'2015-01-04 00:00:00',0.25,'2014-09-11 15:32:08','2015-01-04 21:33:29',0,0,783108,3253568,NULL),(257657026,'2014-09-11 00:00:00',0,NULL,'2015-01-04 00:00:00',0.25,'2014-09-11 15:50:50','2015-01-04 21:33:29',0,0,783108,3253568,NULL),(257661168,'2014-09-11 00:00:00',0,NULL,'2015-01-04 00:00:00',0.25,'2014-09-11 16:01:06','2015-01-04 21:33:29',0,0,783108,3254032,NULL),(257667707,'2014-09-11 00:00:00',0,NULL,'2015-01-04 00:00:00',0.25,'2014-09-11 16:18:13','2015-01-04 21:33:29',0,0,783108,3253567,NULL),(257679928,'2014-09-11 00:00:00',0,'Header error on payment form','2015-01-04 00:00:00',0.50,'2014-09-11 16:52:19','2015-01-04 21:33:29',0,0,783108,3254032,NULL),(257688552,'2014-09-11 00:00:00',0,NULL,'2015-01-04 00:00:00',0.98,'2014-09-11 17:18:09','2015-01-04 21:33:38',0,0,793671,3313390,NULL),(257689465,'2014-09-11 00:00:00',0,NULL,'2015-01-04 00:00:00',3.48,'2014-09-11 17:21:20','2015-01-04 21:33:38',0,0,793671,3313391,NULL),(257690210,'2014-09-11 00:00:00',0,NULL,'2015-01-04 00:00:00',0.25,'2014-09-11 17:23:52','2015-01-04 21:33:29',0,0,783108,3254032,NULL),(257694633,'2014-09-11 00:00:00',0,NULL,'2015-01-04 00:00:00',0.25,'2014-09-11 17:38:07','2015-01-04 21:33:29',0,0,783108,3253992,NULL),(257699257,'2014-09-11 00:00:00',0,NULL,'2015-01-04 00:00:00',0.25,'2014-09-11 17:53:13','2015-01-04 21:33:29',0,0,783108,3418965,NULL),(257729432,'2014-09-11 00:00:00',0,NULL,'2015-01-04 00:00:00',0.33,'2014-09-11 19:31:44','2015-01-04 21:33:38',0,0,793671,3254032,NULL),(257740791,'2014-09-11 00:00:00',0,'Magnus - Estimate','2015-01-04 00:00:00',0.25,'2014-09-11 20:10:10','2015-01-04 21:33:29',0,0,783108,3254032,NULL),(257745625,'2014-09-11 00:00:00',0,NULL,'2015-01-04 00:00:00',0.25,'2014-09-11 20:26:27','2015-01-04 21:33:29',0,0,783108,3253566,NULL),(257750955,'2014-09-11 00:00:00',0,NULL,'2015-01-04 00:00:00',0.25,'2014-09-11 20:40:45','2015-01-04 21:33:29',0,0,783108,3253566,NULL),(257756502,'2014-09-11 00:00:00',0,NULL,'2015-01-04 00:00:00',0.25,'2014-09-11 20:58:19','2015-01-04 21:33:29',0,0,783108,3253567,NULL),(257764065,'2014-09-11 00:00:00',0,NULL,'2015-01-04 00:00:00',0.25,'2014-09-11 21:23:17','2015-01-04 21:33:29',0,0,783108,3253992,NULL),(257766256,'2014-09-11 00:00:00',0,NULL,'2015-01-04 00:00:00',0.25,'2014-09-11 21:30:17','2015-01-04 21:33:29',0,0,783108,3253992,NULL),(257775896,'2014-09-11 00:00:00',0,NULL,'2015-01-04 00:00:00',0.25,'2014-09-11 22:04:53','2015-01-04 21:33:29',0,0,783108,3253992,NULL),(257775951,'2014-09-11 00:00:00',0,NULL,'2015-01-04 00:00:00',0.25,'2014-09-11 22:05:13','2015-01-04 21:33:29',0,0,783108,3253992,NULL),(257781311,'2014-09-11 00:00:00',0,NULL,'2015-01-04 00:00:00',0.25,'2014-09-11 22:28:00','2015-01-04 21:33:29',0,0,783108,3253992,NULL),(257784541,'2014-09-11 00:00:00',0,NULL,'2015-01-04 00:00:00',0.25,'2014-09-11 22:43:00','2015-01-04 21:33:29',0,0,783108,3254032,NULL),(257786253,'2014-09-11 00:00:00',0,NULL,'2015-01-04 00:00:00',0.25,'2014-09-11 22:50:46','2015-01-04 21:33:29',0,0,783108,3254032,NULL),(257790495,'2014-09-11 00:00:00',0,NULL,'2015-01-04 00:00:00',0.25,'2014-09-11 23:10:55','2015-01-04 21:33:29',0,0,783108,3254032,NULL),(257805205,'2014-09-11 00:00:00',0,NULL,'2015-01-04 00:00:00',0.25,'2014-09-12 00:39:00','2015-01-04 21:33:29',0,0,783108,3291311,NULL),(257811596,'2014-09-11 00:00:00',0,NULL,'2015-01-04 00:00:00',0.25,'2014-09-12 01:32:15','2015-01-04 21:33:29',0,0,783108,3253992,NULL),(257812955,'2014-09-11 00:00:00',0,NULL,'2015-01-04 00:00:00',0.25,'2014-09-12 01:46:14','2015-01-04 21:33:29',0,0,783108,3253992,NULL),(257815545,'2014-09-11 00:00:00',0,NULL,'2015-01-04 00:00:00',0.25,'2014-09-12 02:13:47','2015-01-04 21:33:29',0,0,783108,3253568,NULL),(257818349,'2014-09-11 00:00:00',0,NULL,'2015-01-04 00:00:00',0.25,'2014-09-12 02:45:34','2015-01-04 21:33:29',0,0,783108,3253568,NULL),(257818350,'2014-09-11 00:00:00',0,NULL,'2015-01-04 00:00:00',0.25,'2014-09-12 02:45:37','2015-01-04 21:33:29',0,0,783108,3253568,NULL),(257822367,'2014-09-11 00:00:00',0,NULL,'2015-01-04 00:00:00',0.25,'2014-09-12 03:38:21','2015-01-04 21:33:29',0,0,783108,3253568,NULL),(257823090,'2014-09-11 00:00:00',0,NULL,'2015-01-04 00:00:00',0.25,'2014-09-12 03:47:50','2015-01-04 21:33:29',0,0,783108,3253992,NULL),(257824165,'2014-09-12 00:00:00',0,NULL,'2015-01-04 00:00:00',0.25,'2014-09-12 04:00:51','2015-01-04 21:33:30',0,0,783108,3291311,NULL),(257826050,'2014-09-12 00:00:00',0,NULL,'2015-01-04 00:00:00',0.25,'2014-09-12 04:22:59','2015-01-04 21:33:30',0,0,783108,3291311,NULL),(257827163,'2014-09-12 00:00:00',0,NULL,'2015-01-04 00:00:00',0.25,'2014-09-12 04:36:34','2015-01-04 21:33:30',0,0,783108,3253992,NULL),(257827680,'2014-09-12 00:00:00',0,NULL,'2015-01-04 00:00:00',0.25,'2014-09-12 04:43:56','2015-01-04 21:33:30',0,0,783108,3253992,NULL),(257830368,'2014-09-12 00:00:00',0,NULL,'2015-01-04 00:00:00',0.25,'2014-09-12 05:16:19','2015-01-04 21:33:29',0,0,783108,3253992,NULL),(257831695,'2014-09-12 00:00:00',0,NULL,'2015-01-04 00:00:00',0.25,'2014-09-12 05:29:54','2015-01-04 21:33:29',0,0,783108,3253992,NULL),(257977494,'2014-09-12 00:00:00',0,NULL,'2015-01-04 00:00:00',0.25,'2014-09-12 15:12:36','2015-01-04 21:33:29',0,0,783108,3253992,NULL),(257985935,'2014-09-12 00:00:00',0,NULL,'2015-01-04 00:00:00',0.25,'2014-09-12 15:26:53','2015-01-04 21:33:29',0,0,783108,3253992,NULL),(257992752,'2014-09-12 00:00:00',0,NULL,'2015-01-04 00:00:00',0.25,'2014-09-12 15:40:58','2015-01-04 21:33:29',0,0,783108,3253992,NULL),(258002472,'2014-09-12 00:00:00',0,NULL,'2015-01-04 00:00:00',0.25,'2014-09-12 15:59:31','2015-01-04 21:33:29',0,0,783108,3253992,NULL),(258005694,'2014-09-12 00:00:00',0,NULL,'2015-01-04 00:00:00',1.50,'2014-09-12 16:06:02','2015-01-04 21:33:38',0,0,793671,3313390,NULL),(258009753,'2014-09-12 00:00:00',0,NULL,'2015-01-04 00:00:00',0.25,'2014-09-12 16:14:26','2015-01-04 21:33:29',0,0,783108,3253992,NULL),(258015685,'2014-09-12 00:00:00',0,NULL,'2015-01-04 00:00:00',0.25,'2014-09-12 16:29:14','2015-01-04 21:33:29',0,0,783108,3253992,NULL),(258068662,'2014-09-12 00:00:00',0,NULL,'2015-01-04 00:00:00',0.25,'2014-09-12 19:03:32','2015-01-04 21:33:29',0,0,783108,3253567,NULL),(258074553,'2014-09-12 00:00:00',0,NULL,'2015-01-04 00:00:00',0.25,'2014-09-12 19:22:03','2015-01-04 21:33:29',0,0,783108,3253567,NULL),(258077480,'2014-09-12 00:00:00',0,NULL,'2015-01-04 00:00:00',0.25,'2014-09-12 19:31:40','2015-01-04 21:33:29',0,0,783108,3253992,NULL),(258082362,'2014-09-12 00:00:00',0,NULL,'2015-01-04 00:00:00',0.25,'2014-09-12 19:46:16','2015-01-04 21:33:29',0,0,783108,3253992,NULL),(258083144,'2014-09-12 00:00:00',0,'meeting with Josh','2015-01-04 00:00:00',1.07,'2014-09-12 19:48:43','2015-01-04 21:33:38',0,0,793671,3313391,NULL),(258087239,'2014-09-12 00:00:00',0,NULL,'2015-01-04 00:00:00',0.25,'2014-09-12 20:00:29','2015-01-04 21:33:29',0,0,783108,3253992,NULL),(258097108,'2014-09-12 00:00:00',0,NULL,'2015-01-04 00:00:00',0.25,'2014-09-12 20:23:08','2015-01-04 21:33:29',0,0,783108,3253992,NULL),(258102041,'2014-09-12 00:00:00',0,NULL,'2015-01-04 00:00:00',0.25,'2014-09-12 20:33:12','2015-01-04 21:33:29',0,0,783108,3253992,NULL),(258107998,'2014-09-12 00:00:00',0,NULL,'2015-01-04 00:00:00',0.25,'2014-09-12 20:46:28','2015-01-04 21:33:29',0,0,783108,3253992,NULL),(258125389,'2014-09-12 00:00:00',0,NULL,'2015-01-04 00:00:00',0.25,'2014-09-12 21:25:39','2015-01-04 21:33:29',0,0,783108,3253992,NULL),(258131208,'2014-09-12 00:00:00',0,NULL,'2015-01-04 00:00:00',0.25,'2014-09-12 21:41:12','2015-01-04 21:33:29',0,0,783108,3253992,NULL),(258135372,'2014-09-12 00:00:00',0,NULL,'2015-01-04 00:00:00',0.25,'2014-09-12 21:53:57','2015-01-04 21:33:29',0,0,783108,3253992,NULL),(258140295,'2014-09-12 00:00:00',0,NULL,'2015-01-04 00:00:00',0.25,'2014-09-12 22:09:04','2015-01-04 21:33:30',0,0,783108,3253992,NULL),(258146391,'2014-09-12 00:00:00',0,NULL,'2015-01-04 00:00:00',0.25,'2014-09-12 22:33:27','2015-01-04 21:33:30',0,0,783108,3253992,NULL),(258147301,'2014-09-12 00:00:00',0,NULL,'2015-01-04 00:00:00',0.25,'2014-09-12 22:37:19','2015-01-04 21:33:30',0,0,783108,3253992,NULL),(258150187,'2014-09-12 00:00:00',0,NULL,'2015-01-04 00:00:00',0.25,'2014-09-12 22:51:05','2015-01-04 21:33:30',0,0,783108,3253992,NULL),(258168534,'2014-09-12 00:00:00',0,NULL,'2015-01-04 00:00:00',0.25,'2014-09-13 00:20:36','2015-01-04 21:33:29',0,0,783108,3253567,NULL),(258170507,'2014-09-12 00:00:00',0,NULL,'2015-01-04 00:00:00',2.34,'2014-09-13 00:38:15','2015-01-04 21:33:38',0,0,793671,3291311,NULL),(258174658,'2014-09-12 00:00:00',0,NULL,'2015-01-04 00:00:00',0.25,'2014-09-13 01:33:41','2015-01-04 21:33:29',0,0,783108,3291311,NULL),(258174666,'2014-09-12 00:00:00',0,NULL,'2015-01-04 00:00:00',0.25,'2014-09-13 01:33:46','2015-01-04 21:33:29',0,0,783108,3291311,NULL),(258174669,'2014-09-12 00:00:00',0,NULL,'2015-01-04 00:00:00',0.25,'2014-09-13 01:33:50','2015-01-04 21:33:29',0,0,783108,3291311,NULL),(258175472,'2014-09-12 00:00:00',0,NULL,'2015-01-04 00:00:00',0.75,'2014-09-13 01:51:45','2015-01-04 21:33:29',0,0,783108,3291311,NULL),(258178329,'2014-09-12 00:00:00',0,NULL,'2015-01-04 00:00:00',0.75,'2014-09-13 03:09:12','2015-01-04 21:33:29',0,0,783108,3291311,NULL),(258179546,'2014-09-12 00:00:00',0,NULL,'2015-01-04 00:00:00',0.50,'2014-09-13 03:57:26','2015-01-04 21:33:29',0,0,783108,3253568,NULL),(258182797,'2014-09-13 00:00:00',0,NULL,'2015-01-04 00:00:00',2.33,'2014-09-13 06:21:11','2015-01-04 21:33:38',0,0,793671,3313390,NULL),(258183455,'2014-09-13 00:00:00',0,'looked for mbc info\nfinances\nmeeting with Josh','2015-01-04 00:00:00',1.33,'2014-09-13 07:02:26','2015-01-04 21:33:38',0,0,793671,3313391,NULL),(258190971,'2014-09-13 00:00:00',0,NULL,'2015-01-04 00:00:00',0.54,'2014-09-13 14:03:02','2015-01-04 21:33:38',0,0,793671,3291311,NULL),(258191769,'2014-09-13 00:00:00',0,NULL,'2015-01-04 00:00:00',1.53,'2014-09-13 14:25:59','2015-01-04 21:33:44',0,0,785686,3253992,NULL),(258195207,'2014-09-13 00:00:00',0,NULL,'2015-01-04 00:00:00',0.25,'2014-09-13 16:01:19','2015-01-04 21:33:30',0,0,783108,3253567,NULL),(258195748,'2014-09-13 00:00:00',0,NULL,'2015-01-04 00:00:00',0.25,'2014-09-13 16:15:22','2015-01-04 21:33:30',0,0,783108,3253567,NULL),(258197033,'2014-09-13 00:00:00',0,NULL,'2015-01-04 00:00:00',0.25,'2014-09-13 16:51:59','2015-01-04 21:33:30',0,0,783108,3253992,NULL),(258197037,'2014-09-13 00:00:00',0,NULL,'2015-01-04 00:00:00',0.25,'2014-09-13 16:51:59','2015-01-04 21:33:30',0,0,783108,3253992,NULL),(258198202,'2014-09-13 00:00:00',0,NULL,'2015-01-04 00:00:00',0.25,'2014-09-13 17:21:14','2015-01-04 21:33:30',0,0,783108,3253992,NULL),(258199800,'2014-09-13 00:00:00',0,NULL,'2015-01-04 00:00:00',0.25,'2014-09-13 18:11:37','2015-01-04 21:33:30',0,0,783108,3253992,NULL),(258200109,'2014-09-13 00:00:00',0,NULL,'2015-01-04 00:00:00',0.67,'2014-09-13 18:21:35','2015-01-04 21:33:38',0,0,793671,3313390,NULL),(258200406,'2014-09-13 00:00:00',0,NULL,'2015-01-04 00:00:00',0.25,'2014-09-13 18:32:38','2015-01-04 21:33:30',0,0,783108,3253992,NULL),(258200407,'2014-09-13 00:00:00',0,NULL,'2015-01-04 00:00:00',0.25,'2014-09-13 18:32:40','2015-01-04 21:33:30',0,0,783108,3253992,NULL),(258200890,'2014-09-13 00:00:00',0,NULL,'2015-01-04 00:00:00',0.25,'2014-09-13 18:47:41','2015-01-04 21:33:30',0,0,783108,3253992,NULL),(258201429,'2014-09-13 00:00:00',0,NULL,'2015-01-04 00:00:00',0.25,'2014-09-13 19:02:10','2015-01-04 21:33:30',0,0,783108,3253567,NULL),(258202118,'2014-09-13 00:00:00',0,NULL,'2015-01-04 00:00:00',0.25,'2014-09-13 19:25:56','2015-01-04 21:33:30',0,0,783108,3253567,NULL),(258203420,'2014-09-13 00:00:00',0,NULL,'2015-01-04 00:00:00',1.84,'2014-09-13 20:01:06','2015-01-04 21:33:38',0,0,793671,3254032,NULL),(258207308,'2014-09-13 00:00:00',0,NULL,'2015-01-04 00:00:00',0.25,'2014-09-13 22:42:16','2015-01-04 21:33:30',0,0,783108,3313390,NULL),(258207311,'2014-09-13 00:00:00',0,NULL,'2015-01-04 00:00:00',0.25,'2014-09-13 22:42:25','2015-01-04 21:33:30',0,0,783108,3313390,NULL),(258207315,'2014-09-13 00:00:00',0,NULL,'2015-01-04 00:00:00',0.25,'2014-09-13 22:42:32','2015-01-04 21:33:30',0,0,783108,3313390,NULL),(258207973,'2014-09-13 00:00:00',0,NULL,'2015-01-04 00:00:00',0.25,'2014-09-13 23:13:18','2015-01-04 21:33:30',0,0,783108,3313390,NULL),(258207976,'2014-09-13 00:00:00',0,NULL,'2015-01-04 00:00:00',0.25,'2014-09-13 23:13:23','2015-01-04 21:33:30',0,0,783108,3253992,NULL),(258208336,'2014-09-13 00:00:00',0,NULL,'2015-01-04 00:00:00',0.25,'2014-09-13 23:31:18','2015-01-04 21:33:30',0,0,783108,3253992,NULL),(258208677,'2014-09-13 00:00:00',0,NULL,'2015-01-04 00:00:00',0.25,'2014-09-13 23:49:40','2015-01-04 21:33:30',0,0,783108,3253992,NULL),(258209042,'2014-09-13 00:00:00',0,NULL,'2015-01-04 00:00:00',0.25,'2014-09-14 00:06:21','2015-01-04 21:33:30',0,0,783108,3253992,NULL),(258209323,'2014-09-13 00:00:00',0,NULL,'2015-01-04 00:00:00',0.25,'2014-09-14 00:21:25','2015-01-04 21:33:30',0,0,783108,3253992,NULL),(258211241,'2014-09-13 00:00:00',0,NULL,'2015-01-04 00:00:00',0.25,'2014-09-14 02:09:56','2015-01-04 21:33:30',0,0,783108,3253567,NULL),(258211427,'2014-09-13 00:00:00',0,NULL,'2015-01-04 00:00:00',0.25,'2014-09-14 02:16:49','2015-01-04 21:33:30',0,0,783108,3253992,NULL),(258211654,'2014-09-13 00:00:00',0,NULL,'2015-01-04 00:00:00',0.25,'2014-09-14 02:31:04','2015-01-04 21:33:30',0,0,783108,3253992,NULL),(258212073,'2014-09-13 00:00:00',0,NULL,'2015-01-04 00:00:00',0.25,'2014-09-14 02:56:12','2015-01-04 21:33:30',0,0,783108,3253992,NULL),(258212377,'2014-09-13 00:00:00',0,NULL,'2015-01-04 00:00:00',0.25,'2014-09-14 03:13:25','2015-01-04 21:33:30',0,0,783108,3253992,NULL),(258225771,'2014-09-14 00:00:00',0,NULL,'2015-01-04 00:00:00',0.33,'2014-09-14 14:16:04','2015-01-04 21:33:38',0,0,793671,3313390,NULL),(258226493,'2014-09-14 00:00:00',0,NULL,'2015-01-04 00:00:00',0.25,'2014-09-14 14:39:49','2015-01-04 21:33:30',0,0,783108,3253992,NULL),(258227269,'2014-09-14 00:00:00',0,NULL,'2015-01-04 00:00:00',0.25,'2014-09-14 15:02:35','2015-01-04 21:33:30',0,0,783108,3253992,NULL),(258227750,'2014-09-14 00:00:00',0,NULL,'2015-01-04 00:00:00',0.25,'2014-09-14 15:10:49','2015-01-04 21:33:30',0,0,783108,3253992,NULL),(258228359,'2014-09-14 00:00:00',0,NULL,'2015-01-04 00:00:00',0.25,'2014-09-14 15:27:57','2015-01-04 21:33:30',0,0,783108,3253992,NULL),(258229107,'2014-09-14 00:00:00',0,NULL,'2015-01-04 00:00:00',0.13,'2014-09-14 15:47:40','2015-01-04 21:33:30',0,0,783108,3253992,NULL),(258231959,'2014-09-14 00:00:00',0,NULL,'2015-01-04 00:00:00',5.53,'2014-09-14 16:56:25','2015-01-04 21:33:44',0,0,785686,3253992,NULL),(258237059,'2014-09-14 00:00:00',0,NULL,'2015-01-04 00:00:00',0.25,'2014-09-14 18:40:55','2015-01-04 21:33:30',0,0,783108,3291311,NULL),(258237910,'2014-09-14 00:00:00',0,NULL,'2015-01-04 00:00:00',0.25,'2014-09-14 18:55:59','2015-01-04 21:33:30',0,0,783108,3254032,NULL),(258239148,'2014-09-14 00:00:00',0,NULL,'2015-01-04 00:00:00',0.25,'2014-09-14 19:19:38','2015-01-04 21:33:30',0,0,783108,3254032,NULL),(258239707,'2014-09-14 00:00:00',0,NULL,'2015-01-04 00:00:00',0.16,'2014-09-14 19:30:58','2015-01-04 21:33:30',0,0,783108,3254032,NULL),(258240162,'2014-09-14 00:00:00',0,NULL,'2015-01-04 00:00:00',0.24,'2014-09-14 19:40:15','2015-01-04 21:33:30',0,0,783108,3291311,NULL),(258240835,'2014-09-14 00:00:00',0,NULL,'2015-01-04 00:00:00',0.25,'2014-09-14 19:54:51','2015-01-04 21:33:30',0,0,783108,3291311,NULL),(258241874,'2014-09-14 00:00:00',0,NULL,'2015-01-04 00:00:00',0.25,'2014-09-14 20:11:30','2015-01-04 21:33:30',0,0,783108,3291311,NULL),(258243155,'2014-09-14 00:00:00',0,NULL,'2015-01-04 00:00:00',0.25,'2014-09-14 20:30:21','2015-01-04 21:33:30',0,0,783108,3291311,NULL),(258244219,'2014-09-14 00:00:00',0,NULL,'2015-01-04 00:00:00',0.25,'2014-09-14 20:43:38','2015-01-04 21:33:30',0,0,783108,3291311,NULL),(258245062,'2014-09-14 00:00:00',0,NULL,'2015-01-04 00:00:00',0.25,'2014-09-14 20:56:03','2015-01-04 21:33:30',0,0,783108,3291311,NULL),(258247281,'2014-09-14 00:00:00',0,NULL,'2015-01-04 00:00:00',0.15,'2014-09-14 21:26:53','2015-01-04 21:33:30',0,0,783108,3358283,NULL),(258247511,'2014-09-14 00:00:00',0,NULL,'2015-01-04 00:00:00',0.25,'2014-09-14 21:30:28','2015-01-04 21:33:30',0,0,783108,3291311,NULL),(258248697,'2014-09-14 00:00:00',0,NULL,'2015-01-04 00:00:00',0.25,'2014-09-14 21:48:42','2015-01-04 21:33:30',0,0,783108,3291311,NULL),(258249653,'2014-09-14 00:00:00',0,NULL,'2015-01-04 00:00:00',0.25,'2014-09-14 22:04:34','2015-01-04 21:33:30',0,0,783108,3291311,NULL),(258251995,'2014-09-14 00:00:00',0,NULL,'2015-01-04 00:00:00',0.25,'2014-09-14 22:32:26','2015-01-04 21:33:30',0,0,783108,3291311,NULL),(258252962,'2014-09-14 00:00:00',0,NULL,'2015-01-04 00:00:00',0.25,'2014-09-14 22:42:36','2015-01-04 21:33:30',0,0,783108,3291311,NULL),(258254634,'2014-09-14 00:00:00',0,NULL,'2015-01-04 00:00:00',0.25,'2014-09-14 23:02:54','2015-01-04 21:33:30',0,0,783108,3291311,NULL),(258256472,'2014-09-14 00:00:00',0,NULL,'2015-01-04 00:00:00',0.25,'2014-09-14 23:19:51','2015-01-04 21:33:30',0,0,783108,3291311,NULL),(258258111,'2014-09-14 00:00:00',0,NULL,'2015-01-04 00:00:00',0.25,'2014-09-14 23:33:10','2015-01-04 21:33:30',0,0,783108,3291311,NULL),(258260332,'2014-09-14 00:00:00',0,NULL,'2015-01-04 00:00:00',0.25,'2014-09-14 23:52:30','2015-01-04 21:33:30',0,0,783108,3291311,NULL),(258261691,'2014-09-14 00:00:00',0,NULL,'2015-01-04 00:00:00',0.25,'2014-09-15 00:06:56','2015-01-04 21:33:30',0,0,783108,3291311,NULL),(258264778,'2014-09-14 00:00:00',0,NULL,'2015-01-04 00:00:00',0.25,'2014-09-15 00:36:28','2015-01-04 21:33:30',0,0,783108,3291311,NULL),(258270560,'2014-09-14 00:00:00',0,NULL,'2015-01-04 00:00:00',0.25,'2014-09-15 01:25:56','2015-01-04 21:33:38',0,0,793671,3254032,NULL),(258271285,'2014-09-14 00:00:00',0,NULL,'2015-01-04 00:00:00',0.07,'2014-09-15 01:32:10','2015-01-04 21:33:38',0,0,793671,3291311,NULL),(258429085,'2014-09-15 00:00:00',0,NULL,'2015-01-04 00:00:00',0.25,'2014-09-15 13:30:15','2015-01-04 21:33:30',0,0,783108,3253567,NULL),(258442182,'2014-09-15 00:00:00',0,NULL,'2015-01-04 00:00:00',0.25,'2014-09-15 13:50:32','2015-01-04 21:33:30',0,0,783108,3253567,NULL),(258448597,'2014-09-15 00:00:00',0,NULL,'2015-01-04 00:00:00',0.98,'2014-09-15 14:00:28','2015-01-04 21:33:38',0,0,793671,3291311,NULL),(258448656,'2014-09-15 00:00:00',0,NULL,'2015-01-04 00:00:00',0.25,'2014-09-15 14:00:42','2015-01-04 21:33:30',0,0,783108,3253567,NULL),(258452724,'2014-09-15 00:00:00',0,'ALERT Research','2015-01-04 00:00:00',0.77,'2014-09-15 14:05:54','2015-01-04 21:33:30',0,0,783108,3253911,NULL),(258472949,'2014-09-15 00:00:00',0,NULL,'2015-01-04 00:00:00',0.25,'2014-09-15 14:33:41','2015-01-04 21:33:30',0,0,783108,3291311,NULL),(258495784,'2014-09-15 00:00:00',0,'talk with Josh about Tokome\nsent invoices\nlooked at finances\nlooked at stock market','2015-01-04 00:00:00',1.26,'2014-09-15 15:01:39','2015-01-04 21:33:38',0,0,793671,3253566,NULL),(258497603,'2014-09-15 00:00:00',0,NULL,'2015-01-04 00:00:00',0.25,'2014-09-15 15:04:08','2015-01-04 21:33:30',0,0,783108,3253568,NULL),(258504601,'2014-09-15 00:00:00',0,NULL,'2015-01-04 00:00:00',0.53,'2014-09-15 15:15:08','2015-01-04 21:33:30',0,0,783108,3253567,NULL),(258517181,'2014-09-15 00:00:00',0,'What are the elements contained within the electronic signature, how it is generated and how it is authenticated?','2015-01-04 00:00:00',0.38,'2014-09-15 15:36:22','2015-01-04 21:33:30',0,0,783108,3253911,NULL),(258549592,'2014-09-15 00:00:00',0,'In the document “ALERT CONCEPTUALIZATION” section “THE INTERACTION” states that the redundant servers do not receive inbound messages. How can the redundant servers verify signatures if they can’t receive messages?','2015-01-04 00:00:00',0.17,'2014-09-15 16:34:02','2015-01-04 21:33:30',0,0,783108,3253911,NULL),(258549764,'2014-09-15 00:00:00',0,'Is an authentication and integrity a yes/no decision or is it a degree of authentication and integrity such as a 95 percent probability?','2015-01-04 00:00:00',0.13,'2014-09-15 16:34:27','2015-01-04 21:33:30',0,0,783108,3253911,NULL),(258553647,'2014-09-15 00:00:00',0,'How is the system reset after an emergency event?','2015-01-04 00:00:00',0.01,'2014-09-15 16:42:20','2015-01-04 21:33:30',0,0,783108,3253911,NULL),(258615111,'2014-09-15 00:00:00',0,'Ryan Nuhfer\'s domain issue.','2015-01-04 00:00:00',0.25,'2014-09-15 19:08:43','2015-01-04 21:33:30',0,0,783108,3254032,NULL),(258620757,'2014-09-15 00:00:00',0,NULL,'2015-01-04 00:00:00',0.23,'2014-09-15 19:23:54','2015-01-04 21:33:30',0,0,783108,3254032,NULL),(258621125,'2014-09-15 00:00:00',0,NULL,'2015-01-04 00:00:00',1.17,'2014-09-15 19:25:04','2015-01-04 21:33:38',0,0,793671,3313390,NULL),(258625336,'2014-09-15 00:00:00',0,'How is the system reset after an emergency event?','2015-01-04 00:00:00',0.18,'2014-09-15 19:37:37','2015-01-04 21:33:30',0,0,783108,3253911,NULL),(258627721,'2014-09-15 00:00:00',0,'In section \"Central Server paragraph 2, the terms \"handle, process, forward\" need more detail as to how this occurs and what is meant by \"handle?\"','2015-01-04 00:00:00',0.23,'2014-09-15 19:44:55','2015-01-04 21:33:30',0,0,783108,3253911,NULL),(258633594,'2014-09-15 00:00:00',0,'A bit map as an illustration might be useful to more clearly explain the signature','2015-01-04 00:00:00',0.38,'2014-09-15 20:02:04','2015-01-04 21:33:30',0,0,783108,3253911,NULL),(258646331,'2014-09-15 00:00:00',0,NULL,'2015-01-04 00:00:00',0.75,'2014-09-15 20:31:51','2015-01-04 21:33:38',0,0,793671,3313390,NULL),(258647555,'2014-09-15 00:00:00',0,NULL,'2015-01-04 00:00:00',0.26,'2014-09-15 20:34:41','2015-01-04 21:33:30',0,0,783108,3254032,NULL),(258667522,'2014-09-15 00:00:00',0,'Project Management','2015-01-04 00:00:00',0.05,'2014-09-15 21:24:51','2015-01-04 21:33:30',0,0,783108,3253567,NULL),(258668447,'2014-09-15 00:00:00',0,'Fix pagination with categories','2015-01-04 00:00:00',0.46,'2014-09-15 21:27:48','2015-01-04 21:33:30',0,0,783108,3253992,NULL),(258677385,'2014-09-15 00:00:00',0,'Fix infinite pagination','2015-01-04 00:00:00',0.46,'2014-09-15 21:55:24','2015-01-04 21:33:30',0,0,783108,3253992,NULL),(258686052,'2014-09-15 00:00:00',0,'Update cron job to pull only the most recent video','2015-01-04 00:00:00',0.10,'2014-09-15 22:23:09','2015-01-04 21:33:30',0,0,783108,3253992,NULL),(258687675,'2014-09-15 00:00:00',0,NULL,'2015-01-04 00:00:00',0.09,'2014-09-15 22:29:02','2015-01-04 21:33:30',0,0,783108,3253992,NULL),(258689179,'2014-09-15 00:00:00',0,'Rerun cron job to populate videos','2015-01-04 00:00:00',0.42,'2014-09-15 22:34:37','2015-01-04 21:33:30',0,0,783108,3253992,NULL),(258715031,'2014-09-15 00:00:00',0,NULL,'2015-01-04 00:00:00',0.44,'2014-09-16 00:16:41','2015-01-04 21:33:38',0,0,793671,3313390,NULL),(258715364,'2014-09-15 00:00:00',0,NULL,'2015-01-04 00:00:00',0.55,'2014-09-16 00:18:31','2015-01-04 21:33:38',0,0,793671,3253911,NULL),(258720221,'2014-09-15 00:00:00',0,'Update cron job to pull only the most recent video','2015-01-04 00:00:00',0.30,'2014-09-16 00:46:51','2015-01-04 21:33:30',0,0,783108,3253992,NULL),(258722501,'2014-09-15 00:00:00',0,NULL,'2015-01-04 00:00:00',0.25,'2014-09-16 01:02:09','2015-01-04 21:33:30',0,0,783108,3253911,NULL),(258724420,'2014-09-15 00:00:00',0,NULL,'2015-01-04 00:00:00',1.19,'2014-09-16 01:13:52','2015-01-04 21:33:38',0,0,793671,3291311,NULL),(258728755,'2014-09-15 00:00:00',0,NULL,'2015-01-04 00:00:00',0.50,'2014-09-16 01:47:55','2015-01-04 21:33:30',0,0,783108,3291311,NULL),(258729276,'2014-09-15 00:00:00',0,'Rebind system using video_id in place of video.id, and category_id in place of category.id','2015-01-04 00:00:00',0.50,'2014-09-16 01:52:34','2015-01-04 21:33:30',0,0,783108,3253992,NULL),(258735597,'2014-09-15 00:00:00',0,NULL,'2015-01-04 00:00:00',0.60,'2014-09-16 02:53:48','2015-01-04 21:33:30',0,0,783108,3291311,NULL),(258749989,'2014-09-16 00:00:00',0,NULL,'2015-01-04 00:00:00',2.00,'2014-09-16 05:27:55','2015-01-04 21:33:38',0,0,793671,3313390,NULL),(258870877,'2014-09-16 00:00:00',0,NULL,'2015-01-04 00:00:00',0.17,'2014-09-16 14:13:26','2015-01-04 21:33:30',0,0,783108,3253567,NULL),(258871882,'2014-09-16 00:00:00',0,'Rebind system using video_id in place of video.id, and category_id in place of category.id','2015-01-04 00:00:00',0.48,'2014-09-16 14:15:37','2015-01-04 21:33:30',0,0,783108,3253992,NULL),(258873149,'2014-09-16 00:00:00',0,NULL,'2015-01-04 00:00:00',0.15,'2014-09-16 14:18:04','2015-01-04 21:33:30',0,0,783108,3253911,NULL),(258890846,'2014-09-16 00:00:00',0,'finances','2015-01-04 00:00:00',2.71,'2014-09-16 14:54:12','2015-01-04 21:33:38',0,0,793671,3313391,NULL),(258901011,'2014-09-16 00:00:00',0,NULL,'2015-01-04 00:00:00',1.71,'2014-09-16 15:15:14','2015-01-04 21:33:30',0,0,783108,3358283,NULL),(258936885,'2014-09-16 00:00:00',0,NULL,'2015-01-04 00:00:00',0.21,'2014-09-16 16:32:48','2015-01-04 21:33:30',0,0,783108,3253568,NULL),(258991500,'2014-09-16 00:00:00',0,'Rebind system using video_id in place of video.id, and category_id in place of category.id','2015-01-04 00:00:00',1.26,'2014-09-16 19:15:48','2015-01-04 21:33:30',0,0,783108,3253992,NULL),(259005652,'2014-09-16 00:00:00',0,NULL,'2015-01-04 00:00:00',0.06,'2014-09-16 19:55:27','2015-01-04 21:33:38',0,0,793671,3313390,NULL),(259012773,'2014-09-16 00:00:00',0,NULL,'2015-01-04 00:00:00',1.03,'2014-09-16 20:19:15','2015-01-04 21:33:38',0,0,793671,3313390,NULL),(259016578,'2014-09-16 00:00:00',0,'Testing','2015-01-04 00:00:00',0.81,'2014-09-16 20:31:12','2015-01-04 21:33:30',0,0,783108,3253992,NULL),(259023174,'2014-09-16 00:00:00',0,NULL,'2015-01-04 00:00:00',0.10,'2014-09-16 20:49:33','2015-01-04 21:33:38',0,0,793671,3254032,NULL),(259025822,'2014-09-16 00:00:00',0,NULL,'2015-01-04 00:00:00',0.17,'2014-09-16 20:57:38','2015-01-04 21:33:38',0,0,793671,3254032,NULL),(259032678,'2014-09-16 00:00:00',0,'Set up paypal','2015-01-04 00:00:00',0.58,'2014-09-16 21:19:41','2015-01-04 21:33:30',0,0,783108,3253992,NULL),(259049681,'2014-09-16 00:00:00',0,'MBC Email Migration','2015-01-04 00:00:00',1.46,'2014-09-16 22:18:10','2015-01-04 21:33:30',0,0,783108,3253566,NULL),(259054870,'2014-09-16 00:00:00',0,'Revisions','2015-01-04 00:00:00',1.28,'2014-09-16 22:40:21','2015-01-04 21:33:30',0,0,783108,3253911,NULL),(259085456,'2014-09-16 00:00:00',0,NULL,'2015-01-04 00:00:00',0.23,'2014-09-17 01:45:33','2015-01-04 21:33:38',0,0,793671,3254032,NULL),(259093157,'2014-09-16 00:00:00',0,NULL,'2015-01-04 00:00:00',0.07,'2014-09-17 03:08:52','2015-01-04 21:33:30',0,0,783108,3254032,NULL),(259093461,'2014-09-16 00:00:00',0,NULL,'2015-01-04 00:00:00',1.77,'2014-09-17 03:13:14','2015-01-04 21:33:30',0,0,783108,3253992,NULL),(259112646,'2014-09-17 00:00:00',0,NULL,'2015-01-04 00:00:00',1.32,'2014-09-17 06:39:04','2015-01-04 21:33:38',0,0,793671,3254032,NULL),(259167909,'2014-09-17 00:00:00',0,NULL,'2015-01-04 00:00:00',0.08,'2014-09-17 11:53:35','2015-01-04 21:33:30',0,0,783108,3254032,NULL),(259179784,'2014-09-17 00:00:00',0,NULL,'2015-01-04 00:00:00',0.26,'2014-09-17 12:44:07','2015-01-04 21:33:30',0,0,783108,3253568,NULL),(259179807,'2014-09-17 00:00:00',0,'Elance','2015-01-04 00:00:00',1.93,'2014-09-17 12:44:22','2015-01-04 21:33:30',0,0,783108,3253568,NULL),(259193844,'2014-09-17 00:00:00',0,'phone call with Josh\n-discussion with Josh about Tokome invioce','2015-01-04 00:00:00',2.10,'2014-09-17 13:24:54','2015-01-04 21:33:38',0,0,793671,3313391,NULL),(259201453,'2014-09-17 00:00:00',0,NULL,'2015-01-04 00:00:00',1.65,'2014-09-17 13:42:33','2015-01-04 21:33:38',0,0,793671,3313390,NULL),(259242883,'2014-09-17 00:00:00',0,NULL,'2015-01-04 00:00:00',2.23,'2014-09-17 15:18:02','2015-01-04 21:33:38',0,0,793671,3313390,NULL),(259245252,'2014-09-17 00:00:00',0,NULL,'2015-01-04 00:00:00',0.20,'2014-09-17 15:23:40','2015-01-04 21:33:38',0,0,793671,3313390,NULL),(259248660,'2014-09-17 00:00:00',0,NULL,'2015-01-04 00:00:00',0.37,'2014-09-17 15:31:41','2015-01-04 21:33:30',0,0,783108,3253567,NULL),(259251609,'2014-09-17 00:00:00',0,NULL,'2015-01-04 00:00:00',0.18,'2014-09-17 15:38:28','2015-01-04 21:33:38',0,0,793671,3254032,NULL),(259257795,'2014-09-17 00:00:00',0,NULL,'2015-01-04 00:00:00',0.07,'2014-09-17 15:53:42','2015-01-04 21:33:30',0,0,783108,3253992,NULL),(259259752,'2014-09-17 00:00:00',0,'Add tooltips','2015-01-04 00:00:00',1.54,'2014-09-17 15:58:07','2015-01-04 21:33:30',0,0,783108,3253992,NULL),(259343657,'2014-09-17 00:00:00',0,'Send email to user when message is delivered to inbox','2015-01-04 00:00:00',0.95,'2014-09-17 20:22:53','2015-01-04 21:33:30',0,0,783108,3253992,NULL),(259354054,'2014-09-17 00:00:00',0,'Emails','2015-01-04 00:00:00',1.03,'2014-09-17 20:57:08','2015-01-04 21:33:30',0,0,783108,3253992,NULL),(259361168,'2014-09-17 00:00:00',0,NULL,'2015-01-04 00:00:00',0.33,'2014-09-17 21:19:10','2015-01-04 21:33:38',0,0,793671,3291311,NULL),(259364051,'2014-09-17 00:00:00',0,NULL,'2015-01-04 00:00:00',0.66,'2014-09-17 21:29:29','2015-01-04 21:33:30',0,0,783108,3291311,NULL),(259398915,'2014-09-17 00:00:00',0,NULL,'2015-01-04 00:00:00',0.25,'2014-09-18 00:04:16','2015-01-04 21:33:38',0,0,793671,3254032,NULL),(259403238,'2014-09-17 00:00:00',0,'Mastermind meeting','2015-01-04 00:00:00',0.42,'2014-09-18 00:34:49','2015-01-04 21:33:30',0,0,783108,3253568,NULL),(259405805,'2014-09-17 00:00:00',0,NULL,'2015-01-04 00:00:00',0.27,'2014-09-18 00:53:56','2015-01-04 21:33:38',0,0,793671,3254032,NULL),(259432013,'2014-09-18 00:00:00',0,NULL,'2015-01-04 00:00:00',0.86,'2014-09-18 05:46:22','2015-01-04 21:33:39',0,0,793671,3313390,NULL),(259434341,'2014-09-18 00:00:00',0,'meeting','2015-01-04 00:00:00',2.18,'2014-09-18 06:08:40','2015-01-04 21:33:39',0,0,793671,3313391,NULL),(259530448,'2014-09-18 00:00:00',0,NULL,'2015-01-04 00:00:00',1.46,'2014-09-18 13:46:58','2015-01-04 21:33:30',0,0,783108,3254032,NULL),(259570961,'2014-09-18 00:00:00',0,NULL,'2015-01-04 00:00:00',0.08,'2014-09-18 15:22:03','2015-01-04 21:33:30',0,0,783108,3253567,NULL),(259571083,'2014-09-18 00:00:00',0,NULL,'2015-01-04 00:00:00',4.27,'2014-09-18 15:22:18','2015-01-04 21:33:30',0,0,783108,3253992,NULL),(259630625,'2014-09-18 00:00:00',0,NULL,'2015-01-04 00:00:00',0.16,'2014-09-18 18:09:45','2015-01-04 21:33:39',0,0,793671,3313390,NULL),(259633451,'2014-09-18 00:00:00',0,NULL,'2015-01-04 00:00:00',0.52,'2014-09-18 18:19:25','2015-01-04 21:33:39',0,0,793671,3313390,NULL),(259653431,'2014-09-18 00:00:00',0,'Emails','2015-01-04 00:00:00',0.42,'2014-09-18 19:28:32','2015-01-04 21:33:30',0,0,783108,3254032,NULL),(259675309,'2014-09-18 00:00:00',0,NULL,'2015-01-04 00:00:00',3.35,'2014-09-18 20:39:22','2015-01-04 21:33:38',0,0,793671,3291311,NULL),(259692131,'2014-09-18 00:00:00',0,NULL,'2015-01-04 00:00:00',0.23,'2014-09-18 21:35:20','2015-01-04 21:33:30',0,0,783108,3291311,NULL),(259696226,'2014-09-18 00:00:00',0,NULL,'2015-01-04 00:00:00',0.30,'2014-09-18 21:51:24','2015-01-04 21:33:30',0,0,783108,3253992,NULL),(259720884,'2014-09-18 00:00:00',0,NULL,'2015-01-04 00:00:00',2.49,'2014-09-18 23:44:00','2015-01-04 21:33:30',0,0,783108,3291311,NULL),(259738893,'2014-09-18 00:00:00',0,NULL,'2015-01-04 00:00:00',0.37,'2014-09-19 02:04:07','2015-01-04 21:33:30',0,0,783108,3253568,NULL),(259744461,'2014-09-18 00:00:00',0,NULL,'2015-01-04 00:00:00',0.67,'2014-09-19 03:06:07','2015-01-04 21:33:30',0,0,783108,3291311,NULL),(259860216,'2014-09-19 00:00:00',0,NULL,'2015-01-04 00:00:00',0.12,'2014-09-19 13:51:29','2015-01-04 21:33:30',0,0,783108,3254032,NULL),(259861817,'2014-09-19 00:00:00',0,NULL,'2015-01-04 00:00:00',2.33,'2014-09-19 13:54:56','2015-01-04 21:33:30',0,0,783108,3253992,NULL),(259923066,'2014-09-19 00:00:00',0,NULL,'2015-01-04 00:00:00',3.19,'2014-09-19 15:57:08','2015-01-04 21:33:30',0,0,783108,3253992,NULL),(259968245,'2014-09-19 00:00:00',0,NULL,'2015-01-04 00:00:00',1.24,'2014-09-19 17:58:28','2015-01-04 21:33:39',0,0,793671,3313391,NULL),(260020890,'2014-09-19 00:00:00',0,NULL,'2015-01-04 00:00:00',2.08,'2014-09-19 20:32:44','2015-01-04 21:33:39',0,0,793671,3313390,NULL),(260046578,'2014-09-19 00:00:00',0,NULL,'2015-01-04 00:00:00',0.17,'2014-09-19 21:32:54','2015-01-04 21:33:30',0,0,783108,3254032,NULL),(260049954,'2014-09-19 00:00:00',0,NULL,'2015-01-04 00:00:00',4.43,'2014-09-19 21:43:06','2015-01-04 21:33:30',0,0,783108,3253992,NULL),(260094968,'2014-09-19 00:00:00',0,NULL,'2015-01-04 00:00:00',0.23,'2014-09-20 03:10:03','2015-01-04 21:33:39',0,0,793671,3254032,NULL),(260095712,'2014-09-19 00:00:00',0,NULL,'2015-01-04 00:00:00',0.17,'2014-09-20 03:39:13','2015-01-04 21:33:39',0,0,793671,3254032,NULL),(260105787,'2014-09-20 00:00:00',0,NULL,'2015-01-04 00:00:00',3.53,'2014-09-20 12:56:38','2015-01-04 21:33:39',0,0,793671,3313390,NULL),(260114158,'2014-09-20 00:00:00',0,NULL,'2015-01-04 00:00:00',0.34,'2014-09-20 17:15:13','2015-01-04 21:33:39',0,0,793671,3313390,NULL),(260114820,'2014-09-20 00:00:00',0,NULL,'2015-01-04 00:00:00',0.83,'2014-09-20 17:36:32','2015-01-04 21:33:39',0,0,793671,3313391,NULL),(260122797,'2014-09-20 00:00:00',0,NULL,'2015-01-04 00:00:00',1.14,'2014-09-20 22:07:44','2015-01-04 21:33:30',0,0,783108,3253992,NULL),(260122798,'2014-09-20 00:00:00',0,NULL,'2015-01-04 00:00:00',0.25,'2014-09-20 22:07:59','2015-01-04 21:33:30',0,0,783108,3254032,NULL),(260124897,'2014-09-20 00:00:00',0,NULL,'2015-01-04 00:00:00',0.34,'2014-09-20 23:51:21','2015-01-04 21:33:30',0,0,783108,3253911,NULL),(260125345,'2014-09-20 00:00:00',0,NULL,'2015-01-04 00:00:00',0.07,'2014-09-21 00:17:47','2015-01-04 21:33:30',0,0,783108,3253992,NULL),(260144036,'2014-09-21 00:00:00',0,NULL,'2015-01-04 00:00:00',1.02,'2014-09-21 14:31:04','2015-01-04 21:33:30',0,0,783108,3254032,NULL),(260144397,'2014-09-21 00:00:00',0,'information architecture','2015-01-04 00:00:00',1.68,'2014-09-21 14:41:05','2015-01-04 21:33:39',0,0,793671,3253567,NULL),(260145057,'2014-09-21 00:00:00',0,NULL,'2015-01-04 00:00:00',4.62,'2014-09-21 14:59:42','2015-01-04 21:33:30',0,0,783108,3253992,NULL),(260183205,'2014-09-21 00:00:00',0,NULL,'2015-01-04 00:00:00',0.58,'2014-09-22 00:49:13','2015-01-04 21:33:30',0,0,783108,3253567,NULL),(260188518,'2014-09-21 00:00:00',0,NULL,'2015-01-04 00:00:00',1.70,'2014-09-22 01:38:22','2015-01-04 21:33:39',0,0,793671,3313391,NULL),(260188636,'2014-09-21 00:00:00',0,'LMS Planning, Huboard, Waffle, Tokome','2015-01-04 00:00:00',1.80,'2014-09-22 01:39:34','2015-01-04 21:33:30',0,0,783108,3253568,NULL),(260197651,'2014-09-21 00:00:00',0,NULL,'2015-01-04 00:00:00',0.58,'2014-09-22 03:09:08','2015-01-04 21:33:30',0,0,783108,3253992,NULL),(260398958,'2014-09-22 00:00:00',0,NULL,'2015-01-04 00:00:00',0.25,'2014-09-22 13:23:03','2015-01-04 21:33:30',0,0,783108,3253566,NULL),(260449081,'2014-09-22 00:00:00',0,NULL,'2015-01-04 00:00:00',0.42,'2014-09-22 14:14:58','2015-01-04 21:33:30',0,0,783108,3254032,NULL),(260459568,'2014-09-22 00:00:00',0,NULL,'2015-01-04 00:00:00',8.02,'2014-09-22 14:23:26','2015-01-04 21:33:30',0,0,783108,3253992,NULL),(260551351,'2014-09-22 00:00:00',0,'Django tutorials','2015-01-04 00:00:00',0.13,'2014-09-22 16:17:25','2015-01-04 21:33:30',0,0,783108,3253568,NULL),(260740996,'2014-09-22 00:00:00',0,NULL,'2015-01-04 00:00:00',0.70,'2014-09-22 20:52:53','2015-01-04 21:33:39',0,0,793671,3254032,NULL),(260741041,'2014-09-22 00:00:00',0,NULL,'2015-01-04 00:00:00',0.07,'2014-09-22 20:53:01','2015-01-04 21:33:39',0,0,793671,3254032,NULL),(260751742,'2014-09-22 00:00:00',0,NULL,'2015-01-04 00:00:00',0.07,'2014-09-22 21:20:18','2015-01-04 21:33:30',0,0,783108,3291311,NULL),(260773336,'2014-09-22 00:00:00',0,NULL,'2015-01-04 00:00:00',1.58,'2014-09-22 22:26:18','2015-01-04 21:33:30',0,0,783108,3253567,NULL),(260776512,'2014-09-22 00:00:00',0,NULL,'2015-01-04 00:00:00',0.17,'2014-09-22 22:38:29','2015-01-04 21:33:30',0,0,783108,3254032,NULL),(260803815,'2014-09-22 00:00:00',0,NULL,'2015-01-04 00:00:00',0.15,'2014-09-23 00:35:23','2015-01-04 21:33:30',0,0,783108,3253567,NULL),(260821874,'2014-09-22 00:00:00',0,NULL,'2015-01-04 00:00:00',0.38,'2014-09-23 03:08:13','2015-01-04 21:33:30',0,0,783108,3253567,NULL),(260831018,'2014-09-23 00:00:00',0,NULL,'2015-01-04 00:00:00',2.82,'2014-09-23 04:50:53','2015-01-04 21:33:30',0,0,783108,3253992,NULL),(260943431,'2014-09-23 00:00:00',0,NULL,'2015-01-04 00:00:00',1.41,'2014-09-23 13:54:27','2015-01-04 21:33:30',0,0,783108,3254032,NULL),(260946868,'2014-09-23 00:00:00',0,NULL,'2015-01-04 00:00:00',0.25,'2014-09-23 14:01:39','2015-01-04 21:33:39',0,0,793671,3254032,NULL),(260953317,'2014-09-23 00:00:00',0,'made draws for josh and Ryan\n-put together budgets for LMS and Tokome\n-stock market','2015-01-04 00:00:00',2.13,'2014-09-23 14:15:51','2015-01-04 21:33:39',0,0,793671,3313391,NULL),(260955488,'2014-09-23 00:00:00',0,NULL,'2015-01-04 00:00:00',0.08,'2014-09-23 14:20:07','2015-01-04 21:33:39',0,0,793671,3254032,NULL),(260971059,'2014-09-23 00:00:00',0,NULL,'2015-01-04 00:00:00',2.18,'2014-09-23 14:53:25','2015-01-04 21:33:30',0,0,783108,3253992,NULL),(261019258,'2014-09-23 00:00:00',0,NULL,'2015-01-04 00:00:00',0.36,'2014-09-23 16:38:15','2015-01-04 21:33:30',0,0,783108,3358283,NULL),(261062168,'2014-09-23 00:00:00',0,NULL,'2015-01-04 00:00:00',0.44,'2014-09-23 18:45:16','2015-01-04 21:33:30',0,0,783108,3254032,NULL),(261065687,'2014-09-23 00:00:00',0,NULL,'2015-01-04 00:00:00',1.18,'2014-09-23 18:56:15','2015-01-04 21:33:30',0,0,783108,3253992,NULL),(261077549,'2014-09-23 00:00:00',0,NULL,'2015-01-04 00:00:00',1.98,'2014-09-23 19:36:32','2015-01-04 21:33:39',0,0,793671,3253567,NULL),(261089786,'2014-09-23 00:00:00',0,NULL,'2015-01-04 00:00:00',0.33,'2014-09-23 20:15:51','2015-01-04 21:33:39',0,0,793671,3313391,NULL),(261089861,'2014-09-23 00:00:00',0,NULL,'2015-01-04 00:00:00',0.30,'2014-09-23 20:16:06','2015-01-04 21:33:39',0,0,793671,3291311,NULL),(261104568,'2014-09-23 00:00:00',0,NULL,'2015-01-04 00:00:00',0.53,'2014-09-23 21:00:52','2015-01-04 21:33:30',0,0,783108,3291311,NULL),(261105386,'2014-09-23 00:00:00',0,NULL,'2015-01-04 00:00:00',0.60,'2014-09-23 21:03:07','2015-01-04 21:33:39',0,0,793671,3254032,NULL),(261159429,'2014-09-23 00:00:00',0,NULL,'2015-01-04 00:00:00',0.37,'2014-09-24 01:17:51','2015-01-04 21:33:30',0,0,783108,3253567,NULL),(261166289,'2014-09-23 00:00:00',0,NULL,'2015-01-04 00:00:00',1.28,'2014-09-24 02:21:08','2015-01-04 21:33:39',0,0,793671,3313390,NULL),(261176377,'2014-09-24 00:00:00',0,NULL,'2015-01-04 00:00:00',1.27,'2014-09-24 04:18:47','2015-01-04 21:33:39',0,0,793671,3313391,NULL),(261278525,'2014-09-24 00:00:00',0,NULL,'2015-01-04 00:00:00',0.95,'2014-09-24 13:41:13','2015-01-04 21:33:30',0,0,783108,3253992,NULL),(261298292,'2014-09-24 00:00:00',0,NULL,'2015-01-04 00:00:00',3.59,'2014-09-24 14:22:45','2015-01-04 21:33:30',0,0,783108,3253992,NULL),(261300653,'2014-09-24 00:00:00',0,NULL,'2015-01-04 00:00:00',0.25,'2014-09-24 14:27:59','2015-01-04 21:33:39',0,0,793671,3313391,NULL),(261307329,'2014-09-24 00:00:00',0,NULL,'2015-01-04 00:00:00',5.68,'2014-09-24 14:43:09','2015-01-04 21:33:39',0,0,793671,3313390,NULL),(261333018,'2014-09-24 00:00:00',0,NULL,'2015-01-04 00:00:00',0.35,'2014-09-24 15:42:01','2015-01-04 21:33:39',0,0,793671,3313390,NULL),(261401314,'2014-09-24 00:00:00',0,NULL,'2015-01-04 00:00:00',1.50,'2014-09-24 19:01:38','2015-01-04 21:33:30',0,0,783108,3291311,NULL),(261418970,'2014-09-24 00:00:00',0,NULL,'2015-01-04 00:00:00',0.79,'2014-09-24 20:02:00','2015-01-04 21:33:39',0,0,793671,3313390,NULL),(261440794,'2014-09-24 00:00:00',0,NULL,'2015-01-04 00:00:00',1.63,'2014-09-24 21:07:00','2015-01-04 21:33:30',0,0,783108,3291311,NULL),(261460233,'2014-09-24 00:00:00',0,NULL,'2015-01-04 00:00:00',0.27,'2014-09-24 22:15:14','2015-01-04 21:33:30',0,0,783108,3254032,NULL),(261488769,'2014-09-24 00:00:00',0,NULL,'2015-01-04 00:00:00',0.10,'2014-09-25 00:47:01','2015-01-04 21:33:30',0,0,783108,3253568,NULL),(261489405,'2014-09-24 00:00:00',0,NULL,'2015-01-04 00:00:00',0.19,'2014-09-25 00:52:08','2015-01-04 21:33:30',0,0,783108,3463052,NULL),(261490868,'2014-09-24 00:00:00',0,NULL,'2015-01-04 00:00:00',0.28,'2014-09-25 01:02:47','2015-01-04 21:33:30',0,0,783108,3253567,NULL),(261494321,'2014-09-24 00:00:00',0,NULL,'2015-01-04 00:00:00',1.36,'2014-09-25 01:31:16','2015-01-04 21:33:30',0,0,783108,3313390,NULL),(261616958,'2014-09-25 00:00:00',0,NULL,'2015-01-04 00:00:00',1.74,'2014-09-25 13:52:14','2015-01-04 21:33:30',0,0,783108,3254032,NULL),(261625108,'2014-09-25 00:00:00',0,NULL,'2015-01-04 00:00:00',0.83,'2014-09-25 14:10:39','2015-01-04 21:33:30',0,0,783108,3253568,NULL),(261631094,'2014-09-25 00:00:00',0,NULL,'2015-01-04 00:00:00',1.92,'2014-09-25 14:24:55','2015-01-04 21:33:39',0,0,793671,3313391,NULL),(261631494,'2014-09-25 00:00:00',0,NULL,'2015-01-04 00:00:00',0.17,'2014-09-25 14:25:54','2015-01-04 21:33:39',0,0,793671,3254032,NULL),(261652088,'2014-09-25 00:00:00',0,NULL,'2015-01-04 00:00:00',1.61,'2014-09-25 15:14:30','2015-01-04 21:33:39',0,0,793671,3254032,NULL),(261686833,'2014-09-25 00:00:00',0,NULL,'2015-01-04 00:00:00',2.18,'2014-09-25 16:40:07','2015-01-04 21:33:30',0,0,783108,3291311,NULL),(261687784,'2014-09-25 00:00:00',0,NULL,'2015-01-04 00:00:00',2.63,'2014-09-25 16:42:50','2015-01-04 21:33:39',0,0,793671,3313391,NULL),(261744120,'2014-09-25 00:00:00',0,NULL,'2015-01-04 00:00:00',0.28,'2014-09-25 19:44:59','2015-01-04 21:33:30',0,0,783108,3254032,NULL),(261749317,'2014-09-25 00:00:00',0,NULL,'2015-01-04 00:00:00',1.07,'2014-09-25 20:01:53','2015-01-04 21:33:30',0,0,783108,3254032,NULL),(261750070,'2014-09-25 00:00:00',0,NULL,'2015-01-04 00:00:00',0.45,'2014-09-25 20:04:29','2015-01-04 21:33:30',0,0,783108,3253992,NULL),(261784365,'2014-09-25 00:00:00',0,'Prototypes','2015-01-04 00:00:00',0.37,'2014-09-25 21:53:29','2015-01-04 21:33:30',0,0,783108,3253568,NULL),(261790363,'2014-09-25 00:00:00',0,NULL,'2015-01-04 00:00:00',1.95,'2014-09-25 22:15:50','2015-01-04 21:33:30',0,0,783108,3291311,NULL),(261803868,'2014-09-25 00:00:00',0,NULL,'2015-01-04 00:00:00',0.63,'2014-09-25 23:19:33','2015-01-04 21:33:39',0,0,793671,3291311,NULL),(261985482,'2014-09-26 00:00:00',0,NULL,'2015-01-04 00:00:00',1.74,'2014-09-26 14:43:48','2015-01-04 21:33:30',0,0,783108,3253992,NULL),(262009835,'2014-09-26 00:00:00',0,NULL,'2015-01-04 00:00:00',3.28,'2014-09-26 15:26:54','2015-01-04 21:33:39',0,0,793671,3313390,NULL),(262012496,'2014-09-26 00:00:00',0,NULL,'2015-01-04 00:00:00',2.67,'2014-09-26 15:30:46','2015-01-04 21:33:39',0,0,793671,3313391,NULL),(262023761,'2014-09-26 00:00:00',0,NULL,'2015-01-04 00:00:00',0.98,'2014-09-26 15:51:55','2015-01-04 21:33:39',0,0,793671,3313391,NULL),(262029862,'2014-09-26 00:00:00',0,NULL,'2015-01-04 00:00:00',0.67,'2014-09-26 16:03:01','2015-01-04 21:33:30',0,0,783108,3291311,NULL),(262047314,'2014-09-26 00:00:00',0,NULL,'2015-01-04 00:00:00',0.33,'2014-09-26 16:40:33','2015-01-04 21:33:30',0,0,783108,3253568,NULL),(262101745,'2014-09-26 00:00:00',0,NULL,'2015-01-04 00:00:00',0.02,'2014-09-26 19:00:19','2015-01-04 21:33:30',0,0,783108,3358283,NULL),(262108987,'2014-09-26 00:00:00',0,NULL,'2015-01-04 00:00:00',0.02,'2014-09-26 19:22:07','2015-01-04 21:33:30',0,0,783108,3254032,NULL),(262145658,'2014-09-26 00:00:00',0,NULL,'2015-01-04 00:00:00',0.99,'2014-09-26 20:40:38','2015-01-04 21:33:30',0,0,783108,3468929,NULL),(262181481,'2014-09-26 00:00:00',0,NULL,'2015-01-04 00:00:00',0.08,'2014-09-26 21:57:51','2015-01-04 21:33:39',0,0,793671,3254032,NULL),(262244624,'2014-09-27 00:00:00',0,NULL,'2015-01-04 00:00:00',1.75,'2014-09-27 17:40:57','2015-01-04 21:33:30',0,0,783108,3253567,NULL),(262252395,'2014-09-27 00:00:00',0,NULL,'2015-01-04 00:00:00',3.58,'2014-09-27 21:47:00','2015-01-04 21:33:30',0,0,783108,3253992,NULL),(262275870,'2014-09-28 00:00:00',0,NULL,'2015-01-04 00:00:00',3.16,'2014-09-28 14:31:53','2015-01-04 21:33:30',0,0,783108,3253992,NULL),(262290312,'2014-09-28 00:00:00',0,NULL,'2015-01-04 00:00:00',0.69,'2014-09-28 19:45:15','2015-01-04 21:33:30',0,0,783108,3418965,NULL),(262293017,'2014-09-28 00:00:00',0,'Github Ticket Conversion','2015-01-04 00:00:00',3.00,'2014-09-28 20:18:21','2015-01-04 21:33:30',0,0,783108,3313391,NULL),(262294235,'2014-09-28 00:00:00',0,NULL,'2015-01-04 00:00:00',1.92,'2014-09-28 20:36:50','2015-01-04 21:33:39',0,0,793671,3313390,NULL),(262299379,'2014-09-28 00:00:00',0,NULL,'2015-01-04 00:00:00',0.70,'2014-09-28 21:57:28','2015-01-04 21:33:30',0,0,783108,3254032,NULL),(262304219,'2014-09-28 00:00:00',0,NULL,'2015-01-04 00:00:00',0.22,'2014-09-28 22:56:51','2015-01-04 21:33:30',0,0,783108,3254032,NULL),(262316098,'2014-09-28 00:00:00',0,NULL,'2015-01-04 00:00:00',0.28,'2014-09-29 00:46:08','2015-01-04 21:33:30',0,0,783108,3253605,NULL),(262356808,'2014-09-29 00:00:00',0,NULL,'2015-01-04 00:00:00',3.23,'2014-09-29 06:39:04','2015-01-04 21:33:39',0,0,793671,3313390,NULL),(262546473,'2014-09-29 00:00:00',0,NULL,'2015-01-04 00:00:00',0.42,'2014-09-29 15:02:41','2015-01-04 21:33:30',0,0,783108,3254032,NULL),(262583533,'2014-09-29 00:00:00',0,NULL,'2015-01-04 00:00:00',0.75,'2014-09-29 15:59:50','2015-01-04 21:33:30',0,0,783108,3291311,NULL),(262645449,'2014-09-29 00:00:00',0,NULL,'2015-01-04 00:00:00',0.72,'2014-09-29 18:02:23','2015-01-04 21:33:39',0,0,793671,3313391,NULL),(262656333,'2014-09-29 00:00:00',0,'Wireframing','2015-01-04 00:00:00',3.23,'2014-09-29 18:28:42','2015-01-04 21:33:39',0,0,793671,3313391,NULL),(262691175,'2014-09-29 00:00:00',0,NULL,'2015-01-04 00:00:00',0.23,'2014-09-29 20:01:06','2015-01-04 21:33:39',0,0,793671,3254032,NULL),(262691878,'2014-09-29 00:00:00',0,'Server configuration, Git SSH keys, first commit, Python and Django version upgrades','2015-01-04 00:00:00',1.00,'2014-09-29 20:03:22','2015-01-04 21:33:30',0,0,783108,3434036,NULL),(262716210,'2014-09-29 00:00:00',0,'Manifesto','2015-01-04 00:00:00',3.47,'2014-09-29 21:03:27','2015-01-04 21:33:30',0,0,783108,3313391,NULL),(262768761,'2014-09-29 00:00:00',0,NULL,'2015-01-04 00:00:00',0.93,'2014-09-30 00:01:49','2015-01-04 21:33:39',0,0,793671,3313391,NULL),(262788274,'2014-09-29 00:00:00',0,NULL,'2015-01-04 00:00:00',0.89,'2014-09-30 02:02:54','2015-01-04 21:33:30',0,0,783108,3291311,NULL),(262788382,'2014-09-29 00:00:00',0,NULL,'2015-01-04 00:00:00',0.55,'2014-09-30 02:03:49','2015-01-04 21:33:39',0,0,793671,3364869,NULL),(262800681,'2014-09-30 00:00:00',0,NULL,'2015-01-04 00:00:00',1.20,'2014-09-30 04:00:05','2015-01-04 21:33:39',0,0,793671,3313391,NULL),(262804112,'2014-09-30 00:00:00',0,'went to bank\nmailed check to matt','2015-01-04 00:00:00',2.17,'2014-09-30 04:34:57','2015-01-04 21:33:39',0,0,793671,3313391,NULL),(262995870,'2014-09-30 00:00:00',0,NULL,'2015-01-04 00:00:00',2.47,'2014-09-30 15:45:45','2015-01-04 21:33:30',0,0,783108,3463052,NULL),(263004693,'2014-09-30 00:00:00',0,NULL,'2015-01-04 00:00:00',0.70,'2014-09-30 16:02:29','2015-01-04 21:33:30',0,0,783108,3254032,NULL),(263050545,'2014-09-30 00:00:00',0,NULL,'2015-01-04 00:00:00',1.13,'2014-09-30 17:44:53','2015-01-04 21:33:30',0,0,783108,3253992,NULL),(263053208,'2014-09-30 00:00:00',0,NULL,'2015-01-04 00:00:00',0.52,'2014-09-30 17:51:49','2015-01-04 21:33:30',0,0,783108,3477685,NULL),(263161618,'2014-09-30 00:00:00',0,NULL,'2015-01-04 00:00:00',0.15,'2014-09-30 22:31:35','2015-01-04 21:33:30',0,0,783108,3478497,NULL),(263168654,'2014-09-30 00:00:00',0,NULL,'2015-01-04 00:00:00',0.05,'2014-09-30 22:54:37','2015-01-04 21:33:39',0,0,793671,3313391,NULL),(263171395,'2014-09-30 00:00:00',0,NULL,'2015-01-04 00:00:00',0.07,'2014-09-30 23:04:16','2015-01-04 21:33:30',0,0,783108,3478542,NULL),(263198539,'2014-09-30 00:00:00',0,NULL,'2015-01-04 00:00:00',0.17,'2014-10-01 01:12:49','2015-01-04 21:33:39',0,0,793671,3291311,NULL),(263229207,'2014-10-01 00:00:00',0,NULL,'2015-01-04 00:00:00',2.83,'2014-10-01 05:15:16','2015-01-04 21:33:39',0,0,793671,3477133,NULL),(263237732,'2014-10-01 00:00:00',0,NULL,'2015-01-04 00:00:00',1.67,'2014-10-01 06:22:32','2015-01-04 21:33:30',0,0,783108,3478542,NULL),(263249744,'2014-10-01 00:00:00',0,NULL,'2015-01-04 00:00:00',0.33,'2014-10-01 07:24:30','2015-01-04 21:33:30',0,0,783108,3477133,NULL),(263414006,'2014-10-01 00:00:00',0,NULL,'2015-01-04 00:00:00',0.79,'2014-10-01 15:13:43','2015-01-04 21:33:30',0,0,783108,3291311,NULL),(263459414,'2014-10-01 00:00:00',0,NULL,'2015-01-04 00:00:00',0.51,'2014-10-01 16:45:20','2015-01-04 21:33:30',0,0,783108,3481817,NULL),(263626559,'2014-10-01 00:00:00',0,NULL,'2015-01-04 00:00:00',3.34,'2014-10-01 19:30:39','2015-01-04 21:33:30',0,0,783108,3253992,NULL),(263692753,'2014-10-01 00:00:00',0,NULL,'2015-01-04 00:00:00',3.57,'2014-10-01 21:44:17','2015-01-04 21:33:39',0,0,793671,3313390,NULL),(263710418,'2014-10-01 00:00:00',0,NULL,'2015-01-04 00:00:00',0.05,'2014-10-01 22:39:28','2015-01-04 21:33:39',0,0,793671,3254032,NULL),(263745541,'2014-10-01 00:00:00',0,NULL,'2015-01-04 00:00:00',0.51,'2014-10-02 01:53:48','2015-01-04 21:33:30',0,0,783108,3253567,NULL),(263768650,'2014-10-02 00:00:00',0,NULL,'2015-01-04 00:00:00',4.25,'2014-10-02 06:03:21','2015-01-04 21:33:39',0,0,793671,3313390,NULL),(263786666,'2014-10-02 00:00:00',0,NULL,'2015-01-04 00:00:00',2.03,'2014-10-02 07:51:19','2015-01-04 21:33:39',0,0,793671,3313390,NULL),(263808987,'2014-10-02 00:00:00',0,NULL,'2015-01-04 00:00:00',0.17,'2014-10-02 09:30:36','2015-01-04 21:33:39',0,0,793671,3313390,NULL),(263809109,'2014-10-02 00:00:00',0,NULL,'2015-01-04 00:00:00',0.33,'2014-10-02 09:31:13','2015-01-04 21:33:39',0,0,793671,3313391,NULL),(263892033,'2014-10-02 00:00:00',0,NULL,'2015-01-04 00:00:00',0.02,'2014-10-02 14:25:59','2015-01-04 21:33:30',0,0,783108,3254032,NULL),(263892392,'2014-10-02 00:00:00',0,NULL,'2015-01-04 00:00:00',0.59,'2014-10-02 14:26:44','2015-01-04 21:33:30',0,0,783108,3253992,NULL),(263893056,'2014-10-02 00:00:00',0,NULL,'2015-01-04 00:00:00',0.85,'2014-10-02 14:28:10','2015-01-04 21:33:30',0,0,783108,3254032,NULL),(263949814,'2014-10-02 00:00:00',0,NULL,'2015-01-04 00:00:00',0.30,'2014-10-02 16:28:24','2015-01-04 21:33:30',0,0,783108,3253992,NULL),(263965881,'2014-10-02 00:00:00',0,NULL,'2015-01-04 00:00:00',2.67,'2014-10-02 17:09:03','2015-01-04 21:33:30',0,0,783108,3253992,NULL),(264058331,'2014-10-02 00:00:00',0,NULL,'2015-01-04 00:00:00',0.49,'2014-10-02 21:44:29','2015-01-04 21:33:30',0,0,783108,3291311,NULL),(264062737,'2014-10-02 00:00:00',0,NULL,'2015-01-04 00:00:00',0.29,'2014-10-02 21:59:24','2015-01-04 21:33:30',0,0,783108,3477685,NULL),(264068823,'2014-10-02 00:00:00',0,NULL,'2015-01-04 00:00:00',3.34,'2014-10-02 22:21:15','2015-01-04 21:33:30',0,0,783108,3463052,NULL),(264071776,'2014-10-02 00:00:00',0,NULL,'2015-01-04 00:00:00',2.20,'2014-10-02 22:32:28','2015-01-04 21:33:39',0,0,793671,3477133,NULL),(264073243,'2014-10-02 00:00:00',0,NULL,'2015-01-04 00:00:00',0.16,'2014-10-02 22:38:55','2015-01-04 21:33:30',0,0,783108,3478542,NULL),(264081230,'2014-10-02 00:00:00',0,NULL,'2015-01-04 00:00:00',0.17,'2014-10-02 23:14:06','2015-01-04 21:33:30',0,0,783108,3313391,NULL),(264088862,'2014-10-02 00:00:00',0,NULL,'2015-01-04 00:00:00',0.03,'2014-10-02 23:52:16','2015-01-04 21:33:39',0,0,793671,3463052,NULL),(264104557,'2014-10-02 00:00:00',0,NULL,'2015-01-04 00:00:00',0.17,'2014-10-03 01:37:36','2015-01-04 21:33:30',0,0,783108,3253566,NULL),(264122139,'2014-10-03 00:00:00',0,NULL,'2015-01-04 00:00:00',0.97,'2014-10-03 04:21:41','2015-01-04 21:33:39',0,0,793671,3477133,NULL),(264123895,'2014-10-03 00:00:00',0,NULL,'2015-01-04 00:00:00',2.13,'2014-10-03 04:40:16','2015-01-04 21:33:30',0,0,783108,3463052,NULL),(264129096,'2014-10-03 00:00:00',0,NULL,'2015-01-04 00:00:00',0.67,'2014-10-03 05:33:50','2015-01-04 21:33:39',0,0,793671,3253566,NULL),(264300780,'2014-10-03 00:00:00',0,NULL,'2015-01-04 00:00:00',0.70,'2014-10-03 15:54:32','2015-01-04 21:33:30',0,0,783108,3291311,NULL),(264301818,'2014-10-03 00:00:00',0,NULL,'2015-01-04 00:00:00',0.69,'2014-10-03 15:57:03','2015-01-04 21:33:39',0,0,793671,3254032,NULL),(264304823,'2014-10-03 00:00:00',0,NULL,'2015-01-04 00:00:00',0.08,'2014-10-03 16:03:05','2015-01-04 21:33:39',0,0,793671,3254032,NULL),(264307968,'2014-10-03 00:00:00',0,NULL,'2015-01-04 00:00:00',0.01,'2014-10-03 16:09:11','2015-01-04 21:33:30',0,0,783108,3291311,NULL),(264308252,'2014-10-03 00:00:00',0,NULL,'2015-01-04 00:00:00',0.04,'2014-10-03 16:09:48','2015-01-04 21:33:30',0,0,783108,3254032,NULL),(264311915,'2014-10-03 00:00:00',0,NULL,'2015-01-04 00:00:00',0.83,'2014-10-03 16:17:40','2015-01-04 21:33:30',0,0,783108,3254032,NULL),(264363523,'2014-10-03 00:00:00',0,NULL,'2015-01-04 00:00:00',1.53,'2014-10-03 18:39:22','2015-01-04 21:33:39',0,0,793671,3313390,NULL),(264373014,'2014-10-03 00:00:00',0,NULL,'2015-01-04 00:00:00',1.20,'2014-10-03 19:06:18','2015-01-04 21:33:30',0,0,783108,3463052,NULL),(264378350,'2014-10-03 00:00:00',0,NULL,'2015-01-04 00:00:00',0.11,'2014-10-03 19:22:47','2015-01-04 21:33:30',0,0,783108,3313390,NULL),(264420060,'2014-10-03 00:00:00',0,NULL,'2015-01-04 00:00:00',0.05,'2014-10-03 21:04:50','2015-01-04 21:33:30',0,0,783108,3254032,NULL),(264421618,'2014-10-03 00:00:00',0,NULL,'2015-01-04 00:00:00',0.29,'2014-10-03 21:08:19','2015-01-04 21:33:30',0,0,783108,3254032,NULL),(264421832,'2014-10-03 00:00:00',0,NULL,'2015-01-04 00:00:00',0.50,'2014-10-03 21:08:49','2015-01-04 21:33:30',0,0,783108,3253567,NULL),(264443571,'2014-10-03 00:00:00',0,NULL,'2015-01-04 00:00:00',0.85,'2014-10-03 22:02:41','2015-01-04 21:33:30',0,0,783108,3253567,NULL),(264477983,'2014-10-03 00:00:00',0,NULL,'2015-01-04 00:00:00',0.63,'2014-10-04 00:56:27','2015-01-04 21:33:30',0,0,783108,3253992,NULL),(264483008,'2014-10-03 00:00:00',0,'Proposal','2015-01-04 00:00:00',0.34,'2014-10-04 02:23:56','2015-01-04 21:33:39',0,0,793671,3253567,NULL),(264496932,'2014-10-04 00:00:00',0,NULL,'2015-01-04 00:00:00',1.43,'2014-10-04 13:38:03','2015-01-04 21:33:30',0,0,783108,3253992,NULL),(264502713,'2014-10-04 00:00:00',0,NULL,'2015-01-04 00:00:00',1.69,'2014-10-04 16:20:48','2015-01-04 21:33:39',0,0,793671,3253567,NULL),(264502855,'2014-10-04 00:00:00',0,NULL,'2015-01-04 00:00:00',1.06,'2014-10-04 16:25:16','2015-01-04 21:33:39',0,0,793671,3313391,NULL),(264505866,'2014-10-04 00:00:00',0,NULL,'2015-01-04 00:00:00',0.01,'2014-10-04 17:52:27','2015-01-04 21:33:30',0,0,783108,3253567,NULL),(264505888,'2014-10-04 00:00:00',0,NULL,'2015-01-04 00:00:00',5.26,'2014-10-04 17:53:04','2015-01-04 21:33:30',0,0,783108,3253992,NULL),(264506286,'2014-10-04 00:00:00',0,NULL,'2015-01-04 00:00:00',0.29,'2014-10-04 18:04:29','2015-01-04 21:33:30',0,0,783108,3254032,NULL),(264509295,'2014-10-04 00:00:00',0,NULL,'2015-01-04 00:00:00',0.27,'2014-10-04 19:27:18','2015-01-04 21:33:39',0,0,793671,3254032,NULL),(264509871,'2014-10-04 00:00:00',0,NULL,'2015-01-04 00:00:00',1.61,'2014-10-04 19:45:14','2015-01-04 21:33:39',0,0,793671,3477133,NULL),(264512866,'2014-10-04 00:00:00',0,NULL,'2015-01-04 00:00:00',0.20,'2014-10-04 21:18:39','2015-01-04 21:33:30',0,0,783108,3253567,NULL),(264520610,'2014-10-04 00:00:00',0,NULL,'2015-01-04 00:00:00',0.33,'2014-10-05 02:58:38','2015-01-04 21:33:39',0,0,793671,3254032,NULL),(264523341,'2014-10-05 00:00:00',0,NULL,'2015-01-04 00:00:00',5.48,'2014-10-05 06:10:10','2015-01-04 21:33:39',0,0,793671,3477133,NULL),(264539137,'2014-10-05 00:00:00',0,NULL,'2015-01-04 00:00:00',1.67,'2014-10-05 17:03:54','2015-01-04 21:33:30',0,0,783108,3253992,NULL),(264550449,'2014-10-05 00:00:00',0,NULL,'2015-01-04 00:00:00',0.56,'2014-10-05 20:01:09','2015-01-04 21:33:30',0,0,783108,3254032,NULL),(264550816,'2014-10-05 00:00:00',0,NULL,'2015-01-04 00:00:00',0.46,'2014-10-05 20:05:10','2015-01-04 21:33:30',0,0,783108,3254032,NULL),(264556495,'2014-10-05 00:00:00',0,NULL,'2015-01-04 00:00:00',3.83,'2014-10-05 21:28:57','2015-01-04 21:33:30',0,0,783108,3463052,NULL),(264577338,'2014-10-05 00:00:00',0,NULL,'2015-01-04 00:00:00',0.29,'2014-10-06 02:00:25','2015-01-04 21:33:30',0,0,783108,3477685,NULL),(264577523,'2014-10-05 00:00:00',0,NULL,'2015-01-04 00:00:00',1.55,'2014-10-06 02:02:56','2015-01-04 21:33:30',0,0,783108,3291311,NULL),(264581994,'2014-10-05 00:00:00',0,NULL,'2015-01-04 00:00:00',0.51,'2014-10-06 02:47:56','2015-01-04 21:33:39',0,0,793671,3364869,NULL),(264583410,'2014-10-05 00:00:00',0,NULL,'2015-01-04 00:00:00',0.69,'2014-10-06 03:02:43','2015-01-04 21:33:39',0,0,793671,3254032,NULL),(264858360,'2014-10-06 00:00:00',0,NULL,'2015-01-04 00:00:00',0.70,'2014-10-06 16:17:48','2015-01-04 21:33:39',0,0,793671,3254032,NULL),(264944754,'2014-10-06 00:00:00',0,NULL,'2015-01-04 00:00:00',0.93,'2014-10-06 19:33:52','2015-01-04 21:33:30',0,0,783108,3253567,NULL),(264966988,'2014-10-06 00:00:00',0,NULL,'2015-01-04 00:00:00',0.49,'2014-10-06 20:29:31','2015-01-04 21:33:30',0,0,783108,3254032,NULL),(264978311,'2014-10-06 00:00:00',0,NULL,'2015-01-04 00:00:00',0.01,'2014-10-06 20:58:39','2015-01-04 21:33:30',0,0,783108,3254032,NULL),(264980140,'2014-10-06 00:00:00',0,NULL,'2015-01-04 00:00:00',2.30,'2014-10-06 21:03:24','2015-01-04 21:33:30',0,0,783108,3253992,NULL),(265002530,'2014-10-06 00:00:00',0,NULL,'2015-01-04 00:00:00',1.78,'2014-10-06 22:03:10','2015-01-04 21:33:39',0,0,793671,3313390,NULL),(265032319,'2014-10-06 00:00:00',0,NULL,'2015-01-04 00:00:00',0.52,'2014-10-06 23:52:13','2015-01-04 21:33:39',0,0,793671,3313391,NULL),(265050573,'2014-10-06 00:00:00',0,'research:\n\nYou want the real ideas and words that will end up on the live site (or as close to it as you can get at this point). It would be a shame to come up with all these fancy layouts if it turns out there isn’t content for them to support in the first place.\n\nhttp://alistapart.com/column/start-coding-with-wireframes\n\n','2015-01-04 00:00:00',0.67,'2014-10-07 01:17:16','2015-01-04 21:33:39',0,0,793671,3477133,NULL),(265055912,'2014-10-06 00:00:00',0,NULL,'2015-01-04 00:00:00',0.03,'2014-10-07 02:02:44','2015-01-04 21:33:39',0,0,793671,3364869,NULL),(265056108,'2014-10-06 00:00:00',0,'meeting with josh','2015-01-04 00:00:00',1.36,'2014-10-07 02:04:33','2015-01-04 21:33:39',0,0,793671,3254032,NULL),(265057999,'2014-10-06 00:00:00',0,NULL,'2015-01-04 00:00:00',0.97,'2014-10-07 02:22:49','2015-01-04 21:33:30',0,0,783108,3291311,NULL),(265184627,'2014-10-07 00:00:00',0,NULL,'2015-01-04 00:00:00',3.43,'2014-10-07 13:39:28','2015-01-04 21:33:39',0,0,793671,3313390,NULL),(265203839,'2014-10-07 00:00:00',0,NULL,'2015-01-04 00:00:00',5.48,'2014-10-07 14:18:10','2015-01-04 21:33:30',0,0,783108,3253992,NULL),(265281227,'2014-10-07 00:00:00',0,NULL,'2015-01-04 00:00:00',0.57,'2014-10-07 17:11:42','2015-01-04 21:33:30',0,0,783108,3253992,NULL),(265330226,'2014-10-07 00:00:00',0,'wine','2015-01-04 00:00:00',1.27,'2014-10-07 19:38:37','2015-01-04 21:33:39',0,0,793671,3313391,NULL),(265330519,'2014-10-07 00:00:00',0,NULL,'2015-01-04 00:00:00',0.18,'2014-10-07 19:39:39','2015-01-04 21:33:39',0,0,793671,3254032,NULL),(265376994,'2014-10-07 00:00:00',0,NULL,'2015-01-04 00:00:00',0.64,'2014-10-07 22:00:50','2015-01-04 21:33:39',0,0,793671,3254032,NULL),(265379408,'2014-10-07 00:00:00',0,NULL,'2015-01-04 00:00:00',0.41,'2014-10-07 22:08:06','2015-01-04 21:33:30',0,0,783108,3253568,NULL),(265385441,'2014-10-07 00:00:00',0,NULL,'2015-01-04 00:00:00',0.08,'2014-10-07 22:29:14','2015-01-04 21:33:30',0,0,783108,3291311,NULL),(265423615,'2014-10-07 00:00:00',0,NULL,'2015-01-04 00:00:00',0.07,'2014-10-08 02:34:49','2015-01-04 21:33:30',0,0,783108,3254032,NULL),(265527489,'2014-10-08 00:00:00',0,NULL,'2015-01-04 00:00:00',0.16,'2014-10-08 13:16:38','2015-01-04 21:33:39',0,0,793671,3254032,NULL),(265572704,'2014-10-08 00:00:00',0,NULL,'2015-01-04 00:00:00',5.09,'2014-10-08 15:00:43','2015-01-04 21:33:30',0,0,783108,3253992,NULL),(265585130,'2014-10-08 00:00:00',0,NULL,'2015-01-04 00:00:00',2.87,'2014-10-08 15:27:16','2015-01-04 21:33:39',0,0,793671,3313391,NULL),(265652906,'2014-10-08 00:00:00',0,NULL,'2015-01-04 00:00:00',0.15,'2014-10-08 18:30:05','2015-01-04 21:33:39',0,0,793671,3313390,NULL),(265663980,'2014-10-08 00:00:00',0,NULL,'2015-01-04 00:00:00',0.17,'2014-10-08 19:06:45','2015-01-04 21:33:39',0,0,793671,3313391,NULL),(265665208,'2014-10-08 00:00:00',0,NULL,'2015-01-04 00:00:00',0.22,'2014-10-08 19:11:11','2015-01-04 21:33:30',0,0,783108,3253568,NULL),(265665665,'2014-10-08 00:00:00',0,NULL,'2015-01-04 00:00:00',1.01,'2014-10-08 19:12:55','2015-01-04 21:33:30',0,0,783108,3291311,NULL),(265668559,'2014-10-08 00:00:00',0,NULL,'2015-01-04 00:00:00',0.42,'2014-10-08 19:23:35','2015-01-04 21:33:39',0,0,793671,3313391,NULL),(265671357,'2014-10-08 00:00:00',0,NULL,'2015-01-04 00:00:00',1.67,'2014-10-08 19:32:11','2015-01-04 21:33:39',0,0,793671,3254032,NULL),(265684763,'2014-10-08 00:00:00',0,NULL,'2015-01-04 00:00:00',1.03,'2014-10-08 20:15:13','2015-01-04 21:33:30',0,0,783108,3253992,NULL),(265705259,'2014-10-08 00:00:00',0,NULL,'2015-01-04 00:00:00',1.27,'2014-10-08 21:12:34','2015-01-04 21:33:39',0,0,793671,3254032,NULL),(265756176,'2014-10-08 00:00:00',0,NULL,'2015-01-04 00:00:00',0.13,'2014-10-09 00:48:51','2015-01-04 21:33:30',0,0,783108,3253992,NULL),(265767759,'2014-10-08 00:00:00',0,NULL,'2015-01-04 00:00:00',0.30,'2014-10-09 02:33:15','2015-01-04 21:33:39',0,0,793671,3364869,NULL),(265791566,'2014-10-09 00:00:00',0,NULL,'2015-01-04 00:00:00',2.73,'2014-10-09 06:39:40','2015-01-04 21:33:39',0,0,793671,3313390,NULL),(265883233,'2014-10-09 00:00:00',0,NULL,'2015-01-04 00:00:00',6.39,'2014-10-09 13:45:05','2015-01-04 21:33:30',0,0,783108,3253992,NULL),(265922839,'2014-10-09 00:00:00',0,NULL,'2015-01-04 00:00:00',0.35,'2014-10-09 15:11:48','2015-01-04 21:33:30',0,0,783108,3253567,NULL),(265928857,'2014-10-09 00:00:00',0,'financing','2015-01-04 00:00:00',0.33,'2014-10-09 15:25:32','2015-01-04 21:33:39',0,0,793671,3253567,NULL),(265939965,'2014-10-09 00:00:00',0,NULL,'2015-01-04 00:00:00',0.63,'2014-10-09 15:51:11','2015-01-04 21:33:30',0,0,783108,3253568,NULL),(265953985,'2014-10-09 00:00:00',0,'phone call with josh about dylan (:19)\nmeeting with dylan','2015-01-04 00:00:00',1.42,'2014-10-09 16:24:27','2015-01-04 21:33:39',0,0,793671,3313391,NULL),(265976242,'2014-10-09 00:00:00',0,NULL,'2015-01-04 00:00:00',0.47,'2014-10-09 17:23:41','2015-01-04 21:33:39',0,0,793671,3254032,NULL),(266017161,'2014-10-09 00:00:00',0,'LMS Financing / Dylan / General Financing','2015-01-04 00:00:00',1.35,'2014-10-09 19:38:42','2015-01-04 21:33:39',0,0,793671,3254032,NULL),(266017343,'2014-10-09 00:00:00',0,NULL,'2015-01-04 00:00:00',0.60,'2014-10-09 19:39:28','2015-01-04 21:33:30',0,0,783108,3291311,NULL),(266021892,'2014-09-28 00:00:00',0,'Django','2015-01-04 00:00:00',1.25,'2014-10-09 19:54:18','2015-01-04 21:33:30',0,0,783108,3291311,NULL),(266079814,'2014-10-09 00:00:00',0,NULL,'2015-01-04 00:00:00',0.04,'2014-10-09 23:22:18','2015-01-04 21:33:30',0,0,783108,3253992,NULL),(266091272,'2014-10-09 00:00:00',0,NULL,'2015-01-04 00:00:00',3.38,'2014-10-10 00:32:51','2015-01-04 21:33:39',0,0,793671,3477133,NULL),(266218938,'2014-10-10 00:00:00',0,NULL,'2015-01-04 00:00:00',0.96,'2014-10-10 13:29:18','2015-01-04 21:33:30',0,0,783108,3291311,NULL),(266244813,'2014-10-10 00:00:00',0,'meeting w/ bob and bob.','2015-01-04 00:00:00',0.43,'2014-10-10 14:21:49','2015-01-04 21:33:39',0,0,793671,3254032,NULL),(266248167,'2014-10-10 00:00:00',0,'RAMO','2015-01-04 00:00:00',1.06,'2014-10-10 14:28:47','2015-01-04 21:33:30',0,0,783108,3358283,NULL),(266255711,'2014-10-10 00:00:00',0,NULL,'2015-01-04 00:00:00',0.29,'2014-10-10 14:43:59','2015-01-04 21:33:30',0,0,783108,3291311,NULL),(266265543,'2014-10-10 00:00:00',0,'phone call w/ josh (:24)\ncommunication, emails\ncheckbook, wrote check to matt','2015-01-04 00:00:00',1.31,'2014-10-10 15:02:09','2015-01-04 21:33:39',0,0,793671,3313391,NULL),(266267536,'2014-10-10 00:00:00',0,NULL,'2015-01-04 00:00:00',2.98,'2014-10-10 15:05:43','2015-01-04 21:33:39',0,0,793671,3477133,NULL),(266338615,'2014-10-10 00:00:00',0,NULL,'2015-01-04 00:00:00',0.17,'2014-10-10 17:40:00','2015-01-04 21:33:39',0,0,793671,3254032,NULL),(266365919,'2014-10-10 00:00:00',0,NULL,'2015-01-04 00:00:00',3.25,'2014-10-10 19:03:00','2015-01-04 21:33:30',0,0,783108,3358283,NULL),(266384661,'2014-10-10 00:00:00',0,NULL,'2015-01-04 00:00:00',0.02,'2014-10-10 19:55:37','2015-01-04 21:33:30',0,0,783108,3253992,NULL),(266402002,'2014-10-10 00:00:00',0,NULL,'2015-01-04 00:00:00',0.17,'2014-10-10 20:34:35','2015-01-04 21:33:39',0,0,793671,3254032,NULL),(266497973,'2014-10-11 00:00:00',0,NULL,'2015-01-04 00:00:00',0.22,'2014-10-11 17:13:13','2015-01-04 21:33:30',0,0,783108,3253568,NULL),(266498127,'2014-10-11 00:00:00',0,NULL,'2015-01-04 00:00:00',0.60,'2014-10-11 17:19:47','2015-01-04 21:33:30',0,0,783108,3364869,NULL),(266498999,'2014-10-11 00:00:00',0,NULL,'2015-01-04 00:00:00',0.53,'2014-10-11 17:48:26','2015-01-04 21:33:30',0,0,783108,3512621,NULL),(266499414,'2014-10-11 00:00:00',0,NULL,'2015-01-04 00:00:00',0.03,'2014-10-11 18:01:10','2015-01-04 21:33:30',0,0,783108,3254032,NULL),(266499471,'2014-10-11 00:00:00',0,NULL,'2015-01-04 00:00:00',0.15,'2014-10-11 18:03:16','2015-01-04 21:33:30',0,0,783108,3254032,NULL),(266499603,'2014-10-11 00:00:00',0,NULL,'2015-01-04 00:00:00',4.58,'2014-10-11 18:07:30','2015-01-04 21:33:39',0,0,793671,3477133,NULL),(266501559,'2014-10-11 00:00:00',0,NULL,'2015-01-04 00:00:00',0.50,'2014-10-11 19:01:05','2015-01-04 21:33:30',0,0,783108,3291311,NULL),(266506649,'2014-10-11 00:00:00',0,NULL,'2015-01-04 00:00:00',0.27,'2014-10-11 22:15:46','2015-01-04 21:33:30',0,0,783108,3253992,NULL),(266513298,'2014-10-12 00:00:00',0,NULL,'2015-01-04 00:00:00',1.32,'2014-10-12 04:08:47','2015-01-04 21:33:39',0,0,793671,3477133,NULL),(266545354,'2014-10-12 00:00:00',0,NULL,'2015-01-04 00:00:00',1.00,'2014-10-12 21:16:09','2015-01-04 21:33:30',0,0,783108,3253992,NULL),(266550998,'2014-10-12 00:00:00',0,NULL,'2015-01-04 00:00:00',0.02,'2014-10-12 22:17:14','2015-01-04 21:33:30',0,0,783108,3291311,NULL),(266557853,'2014-10-12 00:00:00',0,NULL,'2015-01-04 00:00:00',0.17,'2014-10-12 23:17:03','2015-01-04 21:33:30',0,0,783108,3477685,NULL),(266558986,'2014-10-12 00:00:00',0,NULL,'2015-01-04 00:00:00',0.48,'2014-10-12 23:28:40','2015-01-04 21:33:30',0,0,783108,3253568,NULL),(266571978,'2014-10-12 00:00:00',0,NULL,'2015-01-04 00:00:00',0.82,'2014-10-13 01:42:51','2015-01-04 21:33:39',0,0,793671,3313391,NULL),(266575022,'2014-10-12 00:00:00',0,NULL,'2015-01-04 00:00:00',0.26,'2014-10-13 02:19:06','2015-01-04 21:33:30',0,0,783108,3254032,NULL),(266724447,'2014-10-13 00:00:00',0,NULL,'2015-01-04 00:00:00',0.15,'2014-10-13 13:43:09','2015-01-04 21:33:39',0,0,793671,3254032,NULL),(266779316,'2014-10-13 00:00:00',0,NULL,'2015-01-04 00:00:00',2.90,'2014-10-13 15:19:23','2015-01-04 21:33:39',0,0,793671,3313390,NULL),(266813856,'2014-10-13 00:00:00',0,'meeting w/ dylan and josh (:36)\n-discussion w/ dylan: github, ftp, localhost, text editor','2015-01-04 00:00:00',1.32,'2014-10-13 16:27:39','2015-01-04 21:33:39',0,0,793671,3254032,NULL),(266863943,'2014-10-13 00:00:00',0,NULL,'2015-01-04 00:00:00',0.24,'2014-10-13 18:43:55','2015-01-04 21:33:30',0,0,783108,3254032,NULL),(266867001,'2014-10-13 00:00:00',0,NULL,'2015-01-04 00:00:00',0.22,'2014-10-13 18:53:54','2015-01-04 21:33:30',0,0,783108,3253567,NULL),(266871032,'2014-10-13 00:00:00',0,NULL,'2015-01-04 00:00:00',0.66,'2014-10-13 19:06:48','2015-01-04 21:33:30',0,0,783108,3253568,NULL),(266881592,'2014-10-13 00:00:00',0,NULL,'2015-01-04 00:00:00',0.27,'2014-10-13 19:43:28','2015-01-04 21:33:31',0,0,783108,3254032,NULL),(266887210,'2014-10-13 00:00:00',0,NULL,'2015-01-04 00:00:00',0.05,'2014-10-13 20:02:43','2015-01-04 21:33:31',0,0,783108,3254032,NULL),(266889009,'2014-10-13 00:00:00',0,NULL,'2015-01-04 00:00:00',1.58,'2014-10-13 20:07:49','2015-01-04 21:33:30',0,0,783108,3253992,NULL),(266936054,'2014-10-13 00:00:00',0,NULL,'2015-01-04 00:00:00',0.62,'2014-10-13 22:48:55','2015-01-04 21:33:22',0,0,806530,3254032,NULL),(266936343,'2014-10-13 00:00:00',0,NULL,'2015-01-04 00:00:00',0.34,'2014-10-13 22:50:14','2015-01-04 21:33:39',0,0,793671,3313391,NULL),(266958511,'2014-10-13 00:00:00',0,NULL,'2015-01-04 00:00:00',0.20,'2014-10-14 00:54:28','2015-01-04 21:33:39',0,0,793671,3477133,NULL),(266966977,'2014-10-13 00:00:00',0,'meeting with josh and clients','2015-01-04 00:00:00',1.19,'2014-10-14 02:04:08','2015-01-04 21:33:39',0,0,793671,3364869,NULL),(266977380,'2014-10-13 00:00:00',0,NULL,'2015-01-04 00:00:00',0.37,'2014-10-14 03:52:37','2015-01-04 21:33:22',0,0,806530,3518761,NULL),(266977494,'2014-10-13 00:00:00',0,NULL,'2015-01-04 00:00:00',1.17,'2014-10-14 03:53:41','2015-01-04 21:33:22',0,0,806530,3518761,NULL),(266977526,'2014-10-13 00:00:00',0,NULL,'2015-01-04 00:00:00',0.38,'2014-10-14 03:53:57','2015-01-04 21:33:22',0,0,806530,3518761,NULL),(266978585,'2014-10-14 00:00:00',0,'-dylan: php (:54)\n-lms meeting w/ josh','2015-01-04 00:00:00',1.47,'2014-10-14 04:05:42','2015-01-04 21:33:39',0,0,793671,3254032,NULL),(266979947,'2014-10-13 00:00:00',0,NULL,'2015-01-04 00:00:00',0.25,'2014-10-14 04:09:56','2015-01-04 21:33:22',0,0,806530,3254032,NULL),(266988327,'2014-10-14 00:00:00',0,NULL,'2015-01-04 00:00:00',0.85,'2014-10-14 05:40:43','2015-01-04 21:33:39',0,0,793671,3313390,NULL),(266990053,'2014-10-14 00:00:00',0,NULL,'2015-01-04 00:00:00',0.50,'2014-10-14 05:57:15','2015-01-04 21:33:39',0,0,793671,3313391,NULL),(266998595,'2014-10-13 00:00:00',0,NULL,'2015-01-04 00:00:00',3.50,'2014-10-14 06:59:12','2015-01-04 21:33:22',0,0,806530,3518761,NULL),(267122150,'2014-10-14 00:00:00',0,NULL,'2015-01-04 00:00:00',0.75,'2014-10-14 14:38:02','2015-01-04 21:33:31',0,0,783108,3254032,NULL),(267123021,'2014-10-14 00:00:00',0,NULL,'2015-01-04 00:00:00',0.52,'2014-10-14 14:39:51','2015-01-04 21:33:31',0,0,783108,3253567,NULL),(267142442,'2014-10-14 00:00:00',0,NULL,'2015-01-04 00:00:00',1.77,'2014-10-14 15:10:53','2015-01-04 21:33:31',0,0,783108,3253992,NULL),(267175951,'2014-10-14 00:00:00',0,NULL,'2015-01-04 00:00:00',0.17,'2014-10-14 16:18:07','2015-01-04 21:33:39',0,0,793671,3254032,NULL),(267176007,'2014-10-14 00:00:00',0,NULL,'2015-01-04 00:00:00',0.27,'2014-10-14 16:18:14','2015-01-04 21:33:39',0,0,793671,3254032,NULL),(267176067,'2014-10-14 00:00:00',0,NULL,'2015-01-04 00:00:00',0.45,'2014-10-14 16:18:22','2015-01-04 21:33:39',0,0,793671,3254032,NULL),(267197480,'2014-10-14 00:00:00',0,NULL,'2015-01-04 00:00:00',0.69,'2014-10-14 17:10:40','2015-01-04 21:33:39',0,0,793671,3313390,NULL),(267226414,'2014-10-14 00:00:00',0,NULL,'2015-01-04 00:00:00',1.08,'2014-10-14 18:33:39','2015-01-04 21:33:31',0,0,783108,3253992,NULL),(267266084,'2014-10-14 00:00:00',0,NULL,'2015-01-04 00:00:00',0.21,'2014-10-14 20:17:04','2015-01-04 21:33:31',0,0,783108,3253568,NULL),(267296063,'2014-10-14 00:00:00',0,NULL,'2015-01-04 00:00:00',0.26,'2014-10-14 21:46:11','2015-01-04 21:33:31',0,0,783108,3291311,NULL),(267296102,'2014-10-13 00:00:00',0,NULL,'2015-01-04 00:00:00',1.00,'2014-10-14 21:46:19','2015-01-04 21:33:31',0,0,783108,3291311,NULL),(267311849,'2014-10-14 00:00:00',0,NULL,'2015-01-04 00:00:00',1.12,'2014-10-14 22:46:23','2015-01-04 21:33:31',0,0,783108,3358283,NULL),(267333908,'2014-10-14 00:00:00',0,NULL,'2015-01-04 00:00:00',0.54,'2014-10-15 00:45:01','2015-01-04 21:33:39',0,0,793671,3254032,NULL),(267359973,'2014-10-14 00:00:00',0,NULL,'2015-01-04 00:00:00',0.63,'2014-10-15 05:09:19','2015-01-04 21:33:22',0,0,806530,3518761,NULL),(267368550,'2014-10-14 00:00:00',0,NULL,'2015-01-04 00:00:00',0.94,'2014-10-15 06:31:11','2015-01-04 21:33:22',0,0,806530,3518761,NULL),(267374948,'2014-10-15 00:00:00',0,'html lesson w/ dylan','2015-01-04 00:00:00',1.18,'2014-10-15 07:11:45','2015-01-04 21:33:39',0,0,793671,3325439,NULL),(267375034,'2014-10-15 00:00:00',0,NULL,'2015-01-04 00:00:00',1.28,'2014-10-15 07:12:15','2015-01-04 21:33:39',0,0,793671,3253566,NULL),(267383434,'2014-10-15 00:00:00',0,NULL,'2015-01-04 00:00:00',0.30,'2014-10-15 07:57:00','2015-01-04 21:33:39',0,0,793671,3313390,NULL),(267460873,'2014-10-15 00:00:00',0,NULL,'2015-01-04 00:00:00',2.95,'2014-10-15 13:35:58','2015-01-04 21:33:31',0,0,783108,3253992,NULL),(267524353,'2014-10-15 00:00:00',0,NULL,'2015-01-04 00:00:00',0.57,'2014-10-15 15:44:38','2015-01-04 21:33:39',0,0,793671,3253566,NULL),(267526770,'2014-10-15 00:00:00',0,NULL,'2015-01-04 00:00:00',0.36,'2014-10-15 15:46:54','2015-01-04 21:33:39',0,0,793671,3254032,NULL),(267540679,'2014-10-15 00:00:00',0,NULL,'2015-01-04 00:00:00',1.82,'2014-10-15 16:12:02','2015-01-04 21:33:39',0,0,793671,3253605,NULL),(267547486,'2014-10-15 00:00:00',0,NULL,'2015-01-04 00:00:00',0.16,'2014-10-15 16:29:06','2015-01-04 21:33:39',0,0,793671,3477133,NULL),(267569937,'2014-10-15 00:00:00',0,NULL,'2015-01-04 00:00:00',4.07,'2014-10-15 17:31:24','2015-01-04 21:33:31',0,0,783108,3358283,NULL),(267592920,'2014-10-15 00:00:00',0,NULL,'2015-01-04 00:00:00',0.98,'2014-10-15 18:42:41','2015-01-04 21:33:31',0,0,783108,3253568,NULL),(267607189,'2014-10-15 00:00:00',0,'josh: glenn, spray foam options','2015-01-04 00:00:00',1.10,'2014-10-15 19:28:33','2015-01-04 21:33:39',0,0,793671,3254032,NULL),(267607499,'2014-10-15 00:00:00',0,NULL,'2015-01-04 00:00:00',0.30,'2014-10-15 19:29:26','2015-01-04 21:33:39',0,0,793671,3254032,NULL),(267629585,'2014-10-15 00:00:00',0,NULL,'2015-01-04 00:00:00',0.71,'2014-10-15 20:34:01','2015-01-04 21:33:31',0,0,783108,3463052,NULL),(267630371,'2014-10-15 00:00:00',0,NULL,'2015-01-04 00:00:00',0.28,'2014-10-15 20:36:31','2015-01-04 21:33:39',0,0,793671,3313390,NULL),(267649347,'2014-10-15 00:00:00',0,NULL,'2015-01-04 00:00:00',0.05,'2014-10-15 21:31:36','2015-01-04 21:33:31',0,0,783108,3254032,NULL),(267817417,'2014-10-16 00:00:00',0,NULL,'2015-01-04 00:00:00',1.99,'2014-10-16 13:38:30','2015-01-04 21:33:31',0,0,783108,3358283,NULL),(267850573,'2014-10-16 00:00:00',0,NULL,'2015-01-04 00:00:00',0.17,'2014-10-16 14:55:35','2015-01-04 21:33:31',0,0,783108,3254032,NULL),(267850742,'2014-10-16 00:00:00',0,'elance','2015-01-04 00:00:00',2.07,'2014-10-16 14:55:54','2015-01-04 21:33:39',0,0,793671,3254032,NULL),(267852940,'2014-10-16 00:00:00',0,NULL,'2015-01-04 00:00:00',1.36,'2014-10-16 15:00:21','2015-01-04 21:33:22',0,0,806530,3518761,NULL),(267855692,'2014-10-16 00:00:00',0,NULL,'2015-01-04 00:00:00',0.04,'2014-10-16 15:06:08','2015-01-04 21:33:31',0,0,783108,3254032,NULL),(267859491,'2014-10-16 00:00:00',0,NULL,'2015-01-04 00:00:00',0.50,'2014-10-16 15:14:32','2015-01-04 21:33:39',0,0,793671,3253566,NULL),(267860824,'2014-10-16 00:00:00',0,NULL,'2015-01-04 00:00:00',1.69,'2014-10-16 15:17:16','2015-01-04 21:33:39',0,0,793671,3313390,NULL),(267863301,'2014-10-16 00:00:00',0,NULL,'2015-01-04 00:00:00',0.40,'2014-10-16 15:22:49','2015-01-04 21:33:31',0,0,783108,3253568,NULL),(267897076,'2014-10-16 00:00:00',0,NULL,'2015-01-04 00:00:00',1.37,'2014-10-16 16:40:46','2015-01-04 21:33:22',0,0,806530,3518761,NULL),(267906274,'2014-10-16 00:00:00',0,NULL,'2015-01-04 00:00:00',0.24,'2014-10-16 17:06:40','2015-01-04 21:33:31',0,0,783108,3254032,NULL),(267909400,'2014-10-16 00:00:00',0,NULL,'2015-01-04 00:00:00',1.07,'2014-10-16 17:17:16','2015-01-04 21:33:31',0,0,783108,3253992,NULL),(267909514,'2014-10-16 00:00:00',0,NULL,'2015-01-04 00:00:00',0.23,'2014-10-16 17:17:36','2015-01-04 21:33:31',0,0,783108,3253992,NULL),(267914095,'2014-10-16 00:00:00',0,NULL,'2015-01-04 00:00:00',0.05,'2014-10-16 17:31:30','2015-01-04 21:33:31',0,0,783108,3254032,NULL),(267940643,'2014-10-16 00:00:00',0,NULL,'2015-01-04 00:00:00',1.12,'2014-10-16 18:55:51','2015-01-04 21:33:22',0,0,806530,3518761,NULL),(267957438,'2014-10-16 00:00:00',0,NULL,'2015-01-04 00:00:00',0.75,'2014-10-16 19:46:50','2015-01-04 21:33:31',0,0,783108,3253911,NULL),(267965835,'2014-10-16 00:00:00',0,NULL,'2015-01-04 00:00:00',0.07,'2014-10-16 20:13:18','2015-01-04 21:33:31',0,0,783108,3463052,NULL),(267977144,'2014-10-16 00:00:00',0,NULL,'2015-01-04 00:00:00',0.50,'2014-10-16 20:47:31','2015-01-04 21:33:31',0,0,783108,3253992,NULL),(267988850,'2014-10-16 00:00:00',0,NULL,'2015-01-04 00:00:00',0.39,'2014-10-16 21:23:28','2015-01-04 21:33:31',0,0,783108,3253992,NULL),(268013709,'2014-10-16 00:00:00',0,NULL,'2015-01-04 00:00:00',1.88,'2014-10-16 22:57:27','2015-01-04 21:33:39',0,0,793671,3254032,NULL),(268036499,'2014-10-16 00:00:00',0,NULL,'2015-01-04 00:00:00',0.85,'2014-10-17 01:15:05','2015-01-04 21:33:39',0,0,793671,3313391,NULL),(268044819,'2014-10-16 00:00:00',0,NULL,'2015-01-04 00:00:00',0.15,'2014-10-17 02:43:35','2015-01-04 21:33:39',0,0,793671,3313390,NULL),(268045896,'2014-10-16 00:00:00',0,NULL,'2015-01-04 00:00:00',0.51,'2014-10-17 02:55:34','2015-01-04 21:33:39',0,0,793671,3477133,NULL),(268045954,'2014-10-16 00:00:00',0,NULL,'2015-01-04 00:00:00',0.27,'2014-10-17 02:56:09','2015-01-04 21:33:39',0,0,793671,3313391,NULL),(268156249,'2014-10-17 00:00:00',0,NULL,'2015-01-04 00:00:00',0.67,'2014-10-17 13:30:52','2015-01-04 21:33:31',0,0,783108,3253911,NULL),(268166477,'2014-10-17 00:00:00',0,NULL,'2015-01-04 00:00:00',0.04,'2014-10-17 13:54:41','2015-01-04 21:33:31',0,0,783108,3254032,NULL),(268167838,'2014-10-17 00:00:00',0,NULL,'2015-01-04 00:00:00',0.54,'2014-10-17 13:57:26','2015-01-04 21:33:31',0,0,783108,3291311,NULL),(268194933,'2014-10-17 00:00:00',0,'elance proposals (:58)\nplanning','2015-01-04 00:00:00',2.18,'2014-10-17 14:52:02','2015-01-04 21:33:39',0,0,793671,3313391,NULL),(268195033,'2014-10-17 00:00:00',0,NULL,'2015-01-04 00:00:00',0.18,'2014-10-17 14:52:11','2015-01-04 21:33:39',0,0,793671,3317020,NULL),(268202320,'2014-10-17 00:00:00',0,NULL,'2015-01-04 00:00:00',0.67,'2014-10-17 15:06:40','2015-01-04 21:33:31',0,0,783108,3518762,NULL),(268243013,'2014-10-17 00:00:00',0,NULL,'2015-01-04 00:00:00',0.30,'2014-10-17 16:22:07','2015-01-04 21:33:39',0,0,793671,3254032,NULL),(268274671,'2014-10-17 00:00:00',0,NULL,'2015-01-04 00:00:00',0.27,'2014-10-17 17:45:03','2015-01-04 21:33:39',0,0,793671,3254032,NULL),(268314344,'2014-10-17 00:00:00',0,NULL,'2015-01-04 00:00:00',1.66,'2014-10-17 19:52:29','2015-01-04 21:33:31',0,0,783108,3533765,NULL),(268344807,'2014-10-17 00:00:00',0,NULL,'2015-01-04 00:00:00',0.35,'2014-10-17 21:02:01','2015-01-04 21:33:39',0,0,793671,3253566,NULL),(268353724,'2014-10-17 00:00:00',0,NULL,'2015-01-04 00:00:00',0.28,'2014-10-17 21:23:08','2015-01-04 21:33:39',0,0,793671,3313390,NULL),(268358228,'2014-10-17 00:00:00',0,NULL,'2015-01-04 00:00:00',0.50,'2014-10-17 21:34:20','2015-01-04 21:33:31',0,0,783108,3533765,NULL),(268360835,'2014-10-17 00:00:00',0,NULL,'2015-01-04 00:00:00',0.47,'2014-10-17 21:41:48','2015-01-04 21:33:39',0,0,793671,3477133,NULL),(268408849,'2014-10-18 00:00:00',0,NULL,'2015-01-04 00:00:00',2.52,'2014-10-18 04:13:21','2015-01-04 21:33:39',0,0,793671,3477133,NULL),(268417490,'2014-10-18 00:00:00',0,NULL,'2015-01-04 00:00:00',0.58,'2014-10-18 12:23:28','2015-01-04 21:33:31',0,0,783108,3253992,NULL),(268418182,'2014-10-18 00:00:00',0,NULL,'2015-01-04 00:00:00',2.37,'2014-10-18 12:52:19','2015-01-04 21:33:31',0,0,783108,3522794,NULL),(268425782,'2014-10-18 00:00:00',0,NULL,'2015-01-04 00:00:00',0.27,'2014-10-18 16:40:55','2015-01-04 21:33:39',0,0,793671,3253567,NULL),(268428412,'2014-10-18 00:00:00',0,NULL,'2015-01-04 00:00:00',0.03,'2014-10-18 17:59:12','2015-01-04 21:33:31',0,0,783108,3253567,NULL),(268431220,'2014-10-18 00:00:00',0,NULL,'2015-01-04 00:00:00',0.92,'2014-10-18 19:06:56','2015-01-04 21:33:39',0,0,793671,3253566,NULL),(268455892,'2014-10-19 00:00:00',0,NULL,'2015-01-04 00:00:00',0.68,'2014-10-19 14:06:20','2015-01-04 21:33:39',0,0,793671,3313391,NULL),(268455900,'2014-10-19 00:00:00',0,NULL,'2015-01-04 00:00:00',0.18,'2014-10-19 14:06:29','2015-01-04 21:33:39',0,0,793671,3254032,NULL),(268469774,'2014-10-19 00:00:00',0,NULL,'2015-01-04 00:00:00',2.97,'2014-10-19 19:09:17','2015-01-04 21:33:39',0,0,793671,3477133,NULL),(268730304,'2014-10-20 00:00:00',0,NULL,'2015-01-04 00:00:00',0.10,'2014-10-20 15:06:23','2015-01-04 21:33:39',0,0,793671,3313391,NULL),(268733391,'2014-10-20 00:00:00',0,NULL,'2015-01-04 00:00:00',0.34,'2014-10-20 15:10:53','2015-01-04 21:33:39',0,0,793671,3313390,NULL),(268792623,'2014-10-20 00:00:00',0,NULL,'2015-01-04 00:00:00',0.88,'2014-10-20 16:56:36','2015-01-04 21:33:31',0,0,783108,3253992,NULL),(268853638,'2014-10-20 00:00:00',0,NULL,'2015-01-04 00:00:00',5.15,'2014-10-20 19:29:29','2015-01-04 21:33:39',0,0,793671,3477133,NULL),(268874400,'2014-10-20 00:00:00',0,NULL,'2015-01-04 00:00:00',0.45,'2014-10-20 20:20:50','2015-01-04 21:33:31',0,0,783108,3522794,NULL),(268910915,'2014-10-20 00:00:00',0,NULL,'2015-01-04 00:00:00',0.77,'2014-10-20 21:56:31','2015-01-04 21:33:39',0,0,793671,3254032,NULL),(268929983,'2014-10-20 00:00:00',0,NULL,'2015-01-04 00:00:00',0.06,'2014-10-20 23:05:35','2015-01-04 21:33:31',0,0,783108,3253567,NULL),(268970974,'2014-10-20 00:00:00',0,NULL,'2015-01-04 00:00:00',0.18,'2014-10-21 03:50:41','2015-01-04 21:33:39',0,0,793671,3313390,NULL),(268972888,'2014-10-20 00:00:00',0,NULL,'2015-01-04 00:00:00',0.27,'2014-10-21 04:11:51','2015-01-04 21:33:39',0,0,793671,3254032,NULL),(268974911,'2014-10-21 00:00:00',0,NULL,'2015-01-04 00:00:00',0.10,'2014-10-21 04:34:22','2015-01-04 21:33:39',0,0,793671,3254032,NULL),(268975229,'2014-10-21 00:00:00',0,NULL,'2015-01-04 00:00:00',0.17,'2014-10-21 04:38:45','2015-01-04 21:33:39',0,0,793671,3254032,NULL),(268975474,'2014-10-21 00:00:00',0,NULL,'2015-01-04 00:00:00',0.30,'2014-10-21 04:41:57','2015-01-04 21:33:39',0,0,793671,3254032,NULL),(268975531,'2014-10-21 00:00:00',0,NULL,'2015-01-04 00:00:00',0.18,'2014-10-21 04:42:34','2015-01-04 21:33:39',0,0,793671,3253605,NULL),(268975844,'2014-10-21 00:00:00',0,NULL,'2015-01-04 00:00:00',0.30,'2014-10-21 04:46:12','2015-01-04 21:33:39',0,0,793671,3254032,NULL),(269082844,'2014-10-21 00:00:00',0,NULL,'2015-01-04 00:00:00',4.37,'2014-10-21 13:35:03','2015-01-04 21:33:39',0,0,793671,3477133,NULL),(269087345,'2014-10-21 00:00:00',0,NULL,'2015-01-04 00:00:00',0.91,'2014-10-21 13:44:43','2015-01-04 21:33:31',0,0,783108,3253567,NULL),(269115320,'2014-10-21 00:00:00',0,NULL,'2015-01-04 00:00:00',3.25,'2014-10-21 14:41:36','2015-01-04 21:33:31',0,0,783108,3253992,NULL),(269177360,'2014-10-21 00:00:00',0,NULL,'2015-01-04 00:00:00',0.33,'2014-10-21 16:57:10','2015-01-04 21:33:31',0,0,783108,3254032,NULL),(269261674,'2014-10-21 00:00:00',0,NULL,'2015-01-04 00:00:00',0.08,'2014-10-21 20:57:22','2015-01-04 21:33:31',0,0,783108,3254032,NULL),(269303876,'2014-10-21 00:00:00',0,NULL,'2015-01-04 00:00:00',1.28,'2014-10-21 23:31:48','2015-01-04 21:33:31',0,0,783108,3253992,NULL),(269306497,'2014-10-21 00:00:00',0,NULL,'2015-01-04 00:00:00',0.44,'2014-10-21 23:46:27','2015-01-04 21:33:31',0,0,783108,3477685,NULL),(269306535,'2014-10-20 00:00:00',0,NULL,'2015-01-04 00:00:00',0.75,'2014-10-21 23:46:38','2015-01-04 21:33:31',0,0,783108,3364869,NULL),(269326705,'2014-10-21 00:00:00',0,NULL,'2015-01-04 00:00:00',0.07,'2014-10-22 02:28:23','2015-01-04 21:33:39',0,0,793671,3254032,NULL),(269327182,'2014-10-21 00:00:00',0,NULL,'2015-01-04 00:00:00',0.53,'2014-10-22 02:33:31','2015-01-04 21:33:39',0,0,793671,3253566,NULL),(269428675,'2014-10-22 00:00:00',0,NULL,'2015-01-04 00:00:00',0.93,'2014-10-22 13:14:15','2015-01-04 21:33:31',0,0,783108,3254032,NULL),(269503668,'2014-10-22 00:00:00',0,NULL,'2015-01-04 00:00:00',0.41,'2014-10-22 16:08:51','2015-01-04 21:33:31',0,0,783108,3254032,NULL),(269505259,'2014-10-22 00:00:00',0,NULL,'2015-01-04 00:00:00',0.08,'2014-10-22 16:12:55','2015-01-04 21:33:39',0,0,793671,3254032,NULL),(269510980,'2014-10-22 00:00:00',0,NULL,'2015-01-04 00:00:00',0.58,'2014-10-22 16:27:00','2015-01-04 21:33:39',0,0,793671,3254032,NULL),(269513264,'2014-10-22 00:00:00',0,'code overview, crm overview, computer systems overview','2015-01-04 00:00:00',3.35,'2014-10-22 16:32:55','2015-01-04 21:33:39',0,0,793671,3313391,NULL),(269520994,'2014-10-22 00:00:00',0,NULL,'2015-01-04 00:00:00',0.54,'2014-10-22 16:51:47','2015-01-04 21:33:31',0,0,783108,3254032,NULL),(269524624,'2014-10-22 00:00:00',0,NULL,'2015-01-04 00:00:00',0.40,'2014-10-22 17:01:39','2015-01-04 21:33:31',0,0,783108,3254032,NULL),(269537590,'2014-10-22 00:00:00',0,NULL,'2015-01-04 00:00:00',0.27,'2014-10-22 17:39:51','2015-01-04 21:33:31',0,0,783108,3253992,NULL),(269545296,'2014-10-22 00:00:00',0,NULL,'2015-01-04 00:00:00',0.07,'2014-10-22 18:03:17','2015-01-04 21:33:31',0,0,783108,3253567,NULL),(269567286,'2014-10-22 00:00:00',0,NULL,'2015-01-04 00:00:00',0.18,'2014-10-22 19:15:52','2015-01-04 21:33:31',0,0,783108,3254032,NULL),(269570258,'2014-10-22 00:00:00',0,NULL,'2015-01-04 00:00:00',0.28,'2014-10-22 19:26:28','2015-01-04 21:33:31',0,0,783108,3253566,NULL),(269575976,'2014-10-22 00:00:00',0,NULL,'2015-01-04 00:00:00',1.72,'2014-10-22 19:45:40','2015-01-04 21:33:31',0,0,783108,3434036,NULL),(269586281,'2014-10-22 00:00:00',0,NULL,'2015-01-04 00:00:00',3.52,'2014-10-22 20:18:49','2015-01-04 21:33:31',0,0,783108,3522794,NULL),(269629047,'2014-10-22 00:00:00',0,NULL,'2015-01-04 00:00:00',2.23,'2014-10-22 22:44:55','2015-01-04 21:33:39',0,0,793671,3313390,NULL),(269651872,'2014-10-22 00:00:00',0,NULL,'2015-01-04 00:00:00',0.00,'2014-10-23 00:56:43','2015-01-04 21:33:31',0,0,783108,3291311,NULL),(269663654,'2014-10-22 00:00:00',0,NULL,'2015-01-04 00:00:00',0.27,'2014-10-23 03:00:11','2015-01-04 21:33:39',0,0,793671,3254032,NULL),(269663724,'2014-10-22 00:00:00',0,NULL,'2015-01-04 00:00:00',0.08,'2014-10-23 03:00:59','2015-01-04 21:33:31',0,0,783108,3253567,NULL),(269664160,'2014-10-22 00:00:00',0,NULL,'2015-01-04 00:00:00',0.62,'2014-10-23 03:05:32','2015-01-04 21:33:31',0,0,783108,3253567,NULL),(269665081,'2014-10-22 00:00:00',0,NULL,'2015-01-04 00:00:00',0.44,'2014-10-23 03:16:29','2015-01-04 21:33:39',0,0,793671,3254032,NULL),(269667226,'2014-10-22 00:00:00',0,NULL,'2015-01-04 00:00:00',0.50,'2014-10-23 03:43:42','2015-01-04 21:33:31',0,0,783108,3434036,NULL),(269667310,'2014-10-22 00:00:00',0,NULL,'2015-01-04 00:00:00',0.15,'2014-10-23 03:44:56','2015-01-04 21:33:39',0,0,793671,3477133,NULL),(269667326,'2014-10-22 00:00:00',0,NULL,'2015-01-04 00:00:00',0.23,'2014-10-23 03:45:05','2015-01-04 21:33:39',0,0,793671,3253566,NULL),(269681592,'2014-10-22 00:00:00',0,NULL,'2015-01-04 00:00:00',1.09,'2014-10-23 06:24:07','2015-01-04 21:33:39',0,0,793671,3313390,NULL),(269690986,'2014-10-23 00:00:00',0,NULL,'2015-01-04 00:00:00',1.65,'2014-10-23 07:29:35','2015-01-04 21:33:39',0,0,793671,3313390,NULL),(269768077,'2014-10-23 00:00:00',0,'Django','2015-01-04 00:00:00',2.63,'2014-10-23 13:34:32','2015-01-04 21:33:31',0,0,783108,3253992,NULL),(269781010,'2014-10-23 00:00:00',0,NULL,'2015-01-04 00:00:00',0.38,'2014-10-23 14:06:45','2015-01-04 21:33:31',0,0,783108,3254032,NULL),(269849108,'2014-10-23 00:00:00',0,NULL,'2015-01-04 00:00:00',0.08,'2014-10-23 16:48:10','2015-01-04 21:33:31',0,0,783108,3254032,NULL),(269875047,'2014-10-23 00:00:00',0,NULL,'2015-01-04 00:00:00',1.29,'2014-10-23 18:06:55','2015-01-04 21:33:39',0,0,793671,3313390,NULL),(269899625,'2014-10-23 00:00:00',0,'Laravel','2015-01-04 00:00:00',5.81,'2014-10-23 19:27:08','2015-01-04 21:33:31',0,0,783108,3253992,NULL),(269919684,'2014-10-23 00:00:00',0,NULL,'2015-01-04 00:00:00',0.27,'2014-10-23 20:30:31','2015-01-04 21:33:39',0,0,793671,3253566,NULL),(269924668,'2014-10-23 00:00:00',0,NULL,'2015-01-04 00:00:00',0.98,'2014-10-23 20:46:11','2015-01-04 21:33:31',0,0,783108,3253567,NULL),(269927934,'2014-10-23 00:00:00',0,'josh, dylan','2015-01-04 00:00:00',0.75,'2014-10-23 20:56:07','2015-01-04 21:33:39',0,0,793671,3364869,NULL),(269951341,'2014-10-23 00:00:00',0,NULL,'2015-01-04 00:00:00',1.13,'2014-10-23 22:11:13','2015-01-04 21:33:39',0,0,793671,3313390,NULL),(269974344,'2014-10-23 00:00:00',0,NULL,'2015-01-04 00:00:00',0.34,'2014-10-23 23:54:17','2015-01-04 21:33:31',0,0,783108,3253568,NULL),(269977605,'2014-10-23 00:00:00',0,NULL,'2015-01-04 00:00:00',0.73,'2014-10-24 00:13:34','2015-01-04 21:33:39',0,0,793671,3254032,NULL),(269999230,'2014-10-23 00:00:00',0,NULL,'2015-01-04 00:00:00',0.70,'2014-10-24 03:21:34','2015-01-04 21:33:39',0,0,793671,3254032,NULL),(270004929,'2014-10-24 00:00:00',0,NULL,'2015-01-04 00:00:00',0.90,'2014-10-24 04:32:18','2015-01-04 21:33:31',0,0,783108,3533765,NULL),(270009906,'2014-10-24 00:00:00',0,NULL,'2015-01-04 00:00:00',1.25,'2014-10-24 05:26:00','2015-01-04 21:33:31',0,0,783108,3253992,NULL),(270119681,'2014-10-24 00:00:00',0,NULL,'2015-01-04 00:00:00',0.94,'2014-10-24 14:01:28','2015-01-04 21:33:31',0,0,783108,3364869,NULL),(270138670,'2014-10-24 00:00:00',0,NULL,'2015-01-04 00:00:00',0.92,'2014-10-24 14:36:58','2015-01-04 21:33:39',0,0,793671,3254032,NULL),(270149698,'2014-10-24 00:00:00',0,NULL,'2015-01-04 00:00:00',0.39,'2014-10-24 14:57:12','2015-01-04 21:33:31',0,0,783108,3254032,NULL),(270153565,'2014-10-24 00:00:00',0,NULL,'2015-01-04 00:00:00',0.05,'2014-10-24 15:03:49','2015-01-04 21:33:31',0,0,783108,3253567,NULL),(270153662,'2014-10-24 00:00:00',0,NULL,'2015-01-04 00:00:00',0.09,'2014-10-24 15:04:02','2015-01-04 21:33:31',0,0,783108,3253567,NULL),(270181067,'2014-10-24 00:00:00',0,NULL,'2015-01-04 00:00:00',1.60,'2014-10-24 15:54:02','2015-01-04 21:33:31',0,0,783108,3434036,NULL),(270183668,'2014-10-24 00:00:00',0,NULL,'2015-01-04 00:00:00',0.42,'2014-10-24 15:58:44','2015-01-04 21:33:39',0,0,793671,3254032,NULL),(270185868,'2014-10-24 00:00:00',0,NULL,'2015-01-04 00:00:00',0.74,'2014-10-24 16:02:49','2015-01-04 21:33:39',0,0,793671,3313390,NULL),(270221100,'2014-10-24 00:00:00',0,NULL,'2015-01-04 00:00:00',0.59,'2014-10-24 17:30:18','2015-01-04 21:33:31',0,0,783108,3253567,NULL),(270300176,'2014-10-24 00:00:00',0,'frw.co.uk, interndal system, crm\'s','2015-01-04 00:00:00',2.70,'2014-10-24 21:02:48','2015-01-04 21:33:39',0,0,793671,3253911,NULL),(270318271,'2014-10-24 00:00:00',0,NULL,'2015-01-04 00:00:00',2.89,'2014-10-24 21:48:02','2015-01-04 21:33:31',0,0,783108,3522794,NULL),(270335165,'2014-10-24 00:00:00',0,NULL,'2015-01-04 00:00:00',0.78,'2014-10-24 22:48:56','2015-01-04 21:33:39',0,0,793671,3291311,NULL),(270341667,'2014-10-24 00:00:00',0,NULL,'2015-01-04 00:00:00',2.08,'2014-10-24 23:18:06','2015-01-04 21:33:31',0,0,783108,3364869,NULL),(270348082,'2014-10-24 00:00:00',0,NULL,'2015-01-04 00:00:00',2.65,'2014-10-24 23:52:20','2015-01-04 21:33:39',0,0,793671,3477133,NULL),(270359914,'2014-10-24 00:00:00',0,NULL,'2015-01-04 00:00:00',0.01,'2014-10-25 02:00:43','2015-01-04 21:33:31',0,0,783108,3477685,NULL),(270363456,'2014-10-24 00:00:00',0,NULL,'2015-01-04 00:00:00',0.84,'2014-10-25 03:38:13','2015-01-04 21:33:39',0,0,793671,3364869,NULL),(270376738,'2014-10-25 00:00:00',0,NULL,'2015-01-04 00:00:00',0.73,'2014-10-25 14:25:43','2015-01-04 21:33:31',0,0,783108,3254032,NULL),(270379075,'2014-10-25 00:00:00',0,'Al Granger, and some Glenn Garnes','2015-01-04 00:00:00',3.28,'2014-10-25 15:30:24','2015-01-04 21:33:31',0,0,783108,3434036,NULL),(270382754,'2014-10-25 00:00:00',0,'Glenn Garnes','2015-01-04 00:00:00',0.33,'2014-10-25 17:27:05','2015-01-04 21:33:31',0,0,783108,3434036,NULL),(270383277,'2014-10-25 00:00:00',0,'Site down. Probably Winslow. Performing migration','2015-01-04 00:00:00',0.72,'2014-10-25 17:45:47','2015-01-04 21:33:31',0,0,783108,3253566,NULL),(270383539,'2014-10-25 00:00:00',0,NULL,'2015-01-04 00:00:00',0.17,'2014-10-25 17:53:48','2015-01-04 21:33:39',0,0,793671,3313391,NULL),(270383543,'2014-10-25 00:00:00',0,NULL,'2015-01-04 00:00:00',3.98,'2014-10-25 17:53:56','2015-01-04 21:33:39',0,0,793671,3313391,NULL),(270383946,'2014-10-25 00:00:00',0,NULL,'2015-01-04 00:00:00',1.45,'2014-10-25 18:05:14','2015-01-04 21:33:39',0,0,793671,3313390,NULL),(270393541,'2014-10-25 00:00:00',0,NULL,'2015-01-04 00:00:00',0.67,'2014-10-25 23:07:39','2015-01-04 21:33:31',0,0,783108,3253992,NULL),(270413835,'2014-10-26 00:00:00',0,NULL,'2015-01-04 00:00:00',0.35,'2014-10-26 15:21:16','2015-01-04 21:33:31',0,0,783108,3434036,NULL),(270424580,'2014-10-26 00:00:00',0,NULL,'2015-01-04 00:00:00',0.35,'2014-10-26 19:25:09','2015-01-04 21:33:31',0,0,783108,3253567,NULL),(270425888,'2014-10-26 00:00:00',0,'Sucuri','2015-01-04 00:00:00',0.28,'2014-10-26 19:46:10','2015-01-04 21:33:31',0,0,783108,3253992,NULL),(270426817,'2014-10-26 00:00:00',0,NULL,'2015-01-04 00:00:00',0.08,'2014-10-26 20:02:45','2015-01-04 21:33:31',0,0,783108,3253992,NULL),(270427084,'2014-10-26 00:00:00',0,NULL,'2015-01-04 00:00:00',0.08,'2014-10-26 20:07:38','2015-01-04 21:33:31',0,0,783108,3254032,NULL),(270427384,'2014-10-26 00:00:00',0,NULL,'2015-01-04 00:00:00',0.17,'2014-10-26 20:12:43','2015-01-04 21:33:31',0,0,783108,3253567,NULL),(270428075,'2014-10-26 00:00:00',0,NULL,'2015-01-04 00:00:00',3.16,'2014-10-26 20:22:37','2015-01-04 21:33:31',0,0,783108,3253992,NULL),(270432521,'2014-10-26 00:00:00',0,NULL,'2015-01-04 00:00:00',0.02,'2014-10-26 21:26:08','2015-01-04 21:33:31',0,0,783108,3253567,NULL),(270452157,'2014-10-26 00:00:00',0,NULL,'2015-01-04 00:00:00',0.12,'2014-10-27 00:43:09','2015-01-04 21:33:31',0,0,783108,3253568,NULL),(270458161,'2014-10-26 00:00:00',0,NULL,'2015-01-04 00:00:00',0.85,'2014-10-27 01:45:12','2015-01-04 21:33:31',0,0,783108,3254032,NULL),(270465786,'2014-10-26 00:00:00',0,NULL,'2015-01-04 00:00:00',0.04,'2014-10-27 02:51:11','2015-01-04 21:33:31',0,0,783108,3266878,NULL),(270662187,'2014-10-27 00:00:00',0,NULL,'2015-01-04 00:00:00',0.20,'2014-10-27 14:55:42','2015-01-04 21:33:31',0,0,783108,3254032,NULL),(270666764,'2014-10-27 00:00:00',0,'Glenn Garnes, Sucuri','2015-01-04 00:00:00',0.46,'2014-10-27 15:02:38','2015-01-04 21:33:31',0,0,783108,3434036,NULL),(270670254,'2014-10-27 00:00:00',0,NULL,'2015-01-04 00:00:00',0.34,'2014-10-27 15:07:45','2015-01-04 21:33:31',0,0,783108,3254032,NULL),(270697266,'2014-10-27 00:00:00',0,NULL,'2015-01-04 00:00:00',3.15,'2014-10-27 15:49:26','2015-01-04 21:33:31',0,0,783108,3522794,NULL),(270768690,'2014-10-27 00:00:00',0,NULL,'2015-01-04 00:00:00',0.83,'2014-10-27 18:00:07','2015-01-04 21:33:39',0,0,793671,3254032,NULL),(270768763,'2014-10-27 00:00:00',0,NULL,'2015-01-04 00:00:00',0.78,'2014-10-27 18:00:12','2015-01-04 21:33:39',0,0,793671,3254032,NULL),(270768815,'2014-10-27 00:00:00',0,NULL,'2015-01-04 00:00:00',0.08,'2014-10-27 18:00:19','2015-01-04 21:33:39',0,0,793671,3254032,NULL),(270768864,'2014-10-27 00:00:00',0,NULL,'2015-01-04 00:00:00',0.17,'2014-10-27 18:00:26','2015-01-04 21:33:39',0,0,793671,3254032,NULL),(270771219,'2014-10-27 00:00:00',0,NULL,'2015-01-04 00:00:00',0.08,'2014-10-27 18:05:24','2015-01-04 21:33:39',0,0,793671,3253566,NULL),(270775216,'2014-10-27 00:00:00',0,'https://medium.com/@iamtikue/the-consumerization-of-enterprise-software-3e6eca1b5bbe','2015-01-04 00:00:00',0.18,'2014-10-27 18:14:39','2015-01-04 21:33:39',0,0,793671,3325439,NULL),(270779169,'2014-10-27 00:00:00',0,NULL,'2015-01-04 00:00:00',0.02,'2014-10-27 18:24:38','2015-01-04 21:33:22',0,0,806530,3518762,NULL),(270792963,'2014-10-27 00:00:00',0,NULL,'2015-01-04 00:00:00',0.90,'2014-10-27 18:59:14','2015-01-04 21:33:31',0,0,783108,3253992,NULL),(270797771,'2014-10-27 00:00:00',0,NULL,'2015-01-04 00:00:00',0.32,'2014-10-27 19:10:57','2015-01-04 21:33:31',0,0,783108,3253568,NULL),(270820425,'2014-10-27 00:00:00',0,NULL,'2015-01-04 00:00:00',3.99,'2014-10-27 20:07:52','2015-01-04 21:33:39',0,0,793671,3313390,NULL),(270824604,'2014-10-27 00:00:00',0,NULL,'2015-01-04 00:00:00',0.08,'2014-10-27 20:17:32','2015-01-04 21:33:31',0,0,783108,3253567,NULL),(270850045,'2014-10-27 00:00:00',0,NULL,'2015-01-04 00:00:00',0.19,'2014-10-27 21:16:39','2015-01-04 21:33:31',0,0,783108,3253992,NULL),(270854781,'2014-10-27 00:00:00',0,NULL,'2015-01-04 00:00:00',0.09,'2014-10-27 21:28:29','2015-01-04 21:33:31',0,0,783108,3253992,NULL),(270865057,'2014-10-27 00:00:00',0,NULL,'2015-01-04 00:00:00',0.47,'2014-10-27 21:54:42','2015-01-04 21:33:31',0,0,783108,3559906,NULL),(270870373,'2014-10-27 00:00:00',0,NULL,'2015-01-04 00:00:00',0.04,'2014-10-27 22:10:27','2015-01-04 21:33:31',0,0,783108,3253567,NULL),(270871099,'2014-10-27 00:00:00',0,NULL,'2015-01-04 00:00:00',1.55,'2014-10-27 22:12:47','2015-01-04 21:33:31',0,0,783108,3559987,NULL),(270907216,'2014-10-27 00:00:00',0,NULL,'2015-01-04 00:00:00',0.40,'2014-10-28 00:47:42','2015-01-04 21:33:31',0,0,783108,3364869,NULL),(270907463,'2014-10-27 00:00:00',0,NULL,'2015-01-04 00:00:00',0.30,'2014-10-28 00:48:58','2015-01-04 21:33:39',0,0,793671,3254032,NULL),(270912342,'2014-10-27 00:00:00',0,NULL,'2015-01-04 00:00:00',0.24,'2014-10-28 01:20:40','2015-01-04 21:33:31',0,0,783108,3477685,NULL),(270914079,'2014-10-27 00:00:00',0,'Backbone','2015-01-04 00:00:00',1.57,'2014-10-28 01:35:19','2015-01-04 21:33:31',0,0,783108,3325439,NULL),(270935990,'2014-10-27 00:00:00',0,NULL,'2015-01-04 00:00:00',0.08,'2014-10-28 05:22:30','2015-01-04 21:33:39',0,0,793671,3254032,NULL),(270939831,'2014-10-27 00:00:00',0,NULL,'2015-01-04 00:00:00',0.27,'2014-10-28 06:02:19','2015-01-04 21:33:39',0,0,793671,3313391,NULL),(270946600,'2014-10-28 00:00:00',0,NULL,'2015-01-04 00:00:00',0.91,'2014-10-28 07:05:54','2015-01-04 21:33:39',0,0,793671,3313390,NULL),(270954471,'2014-10-28 00:00:00',0,NULL,'2015-01-04 00:00:00',0.37,'2014-10-28 08:00:43','2015-01-04 21:33:39',0,0,793671,3313391,NULL),(271047625,'2014-10-28 00:00:00',0,NULL,'2015-01-04 00:00:00',0.41,'2014-10-28 13:57:13','2015-01-04 21:33:31',0,0,783108,3253566,NULL),(271060159,'2014-10-28 00:00:00',0,NULL,'2015-01-04 00:00:00',0.03,'2014-10-28 14:22:14','2015-01-04 21:33:31',0,0,783108,3254032,NULL),(271061133,'2014-10-28 00:00:00',0,NULL,'2015-01-04 00:00:00',1.01,'2014-10-28 14:24:00','2015-01-04 21:33:31',0,0,783108,3253992,NULL),(271082250,'2014-10-28 00:00:00',0,NULL,'2015-01-04 00:00:00',0.38,'2014-10-28 15:07:00','2015-01-04 21:33:31',0,0,783108,3254032,NULL),(271099228,'2014-10-28 00:00:00',0,NULL,'2015-01-04 00:00:00',1.27,'2014-10-28 15:41:30','2015-01-04 21:33:31',0,0,783108,3253992,NULL),(271107277,'2014-10-28 00:00:00',0,NULL,'2015-01-04 00:00:00',0.58,'2014-10-28 15:58:17','2015-01-04 21:33:31',0,0,783108,3254032,NULL),(271148225,'2014-10-28 00:00:00',0,NULL,'2015-01-04 00:00:00',0.02,'2014-10-28 17:26:37','2015-01-04 21:33:31',0,0,783108,3253567,NULL),(271148741,'2014-10-28 00:00:00',0,NULL,'2015-01-04 00:00:00',0.01,'2014-10-28 17:27:56','2015-01-04 21:33:31',0,0,783108,3358283,NULL),(271151642,'2014-10-28 00:00:00',0,NULL,'2015-01-04 00:00:00',2.15,'2014-10-28 17:35:26','2015-01-04 21:33:39',0,0,793671,3313390,NULL),(271185786,'2014-10-28 00:00:00',0,NULL,'2015-01-04 00:00:00',0.10,'2014-10-28 19:05:46','2015-01-04 21:33:31',0,0,783108,3254032,NULL),(271188608,'2014-10-28 00:00:00',0,'Long talk with RD','2015-01-04 00:00:00',0.75,'2014-10-28 19:12:42','2015-01-04 21:33:31',0,0,783108,3253568,NULL),(271209310,'2014-10-28 00:00:00',0,NULL,'2015-01-04 00:00:00',0.44,'2014-10-28 20:07:25','2015-01-04 21:33:31',0,0,783108,3253992,NULL),(271211068,'2014-10-28 00:00:00',0,NULL,'2015-01-04 00:00:00',2.25,'2014-10-28 20:12:34','2015-01-04 21:33:31',0,0,783108,3559906,NULL),(271250338,'2014-10-28 00:00:00',0,NULL,'2015-01-04 00:00:00',0.49,'2014-10-28 21:58:56','2015-01-04 21:33:39',0,0,793671,3291311,NULL),(271259059,'2014-10-28 00:00:00',0,NULL,'2015-01-04 00:00:00',0.50,'2014-10-28 22:30:36','2015-01-04 21:33:39',0,0,793671,3364869,NULL),(271259399,'2014-10-28 00:00:00',0,NULL,'2015-01-04 00:00:00',0.51,'2014-10-28 22:31:48','2015-01-04 21:33:31',0,0,783108,3364869,NULL),(271266992,'2014-10-28 00:00:00',0,'Rick Rowe','2015-01-04 00:00:00',0.20,'2014-10-28 23:06:38','2015-01-04 21:33:31',0,0,783108,3253992,NULL),(271271930,'2014-10-28 00:00:00',0,NULL,'2015-01-04 00:00:00',0.15,'2014-10-28 23:31:49','2015-01-04 21:33:39',0,0,793671,3313390,NULL),(271273744,'2014-10-28 00:00:00',0,NULL,'2015-01-04 00:00:00',0.35,'2014-10-28 23:41:11','2015-01-04 21:33:39',0,0,793671,3253566,NULL),(271289940,'2014-10-28 00:00:00',0,NULL,'2015-01-04 00:00:00',0.37,'2014-10-29 01:24:22','2015-01-04 21:33:31',0,0,783108,3253911,NULL),(271303671,'2014-10-28 00:00:00',0,NULL,'2015-01-04 00:00:00',0.74,'2014-10-29 03:47:52','2015-01-04 21:33:31',0,0,783108,3522794,NULL),(271326929,'2014-10-28 00:00:00',0,NULL,'2015-01-04 00:00:00',0.52,'2014-10-29 07:45:50','2015-01-04 21:33:39',0,0,793671,3313390,NULL),(271326993,'2014-10-28 00:00:00',0,NULL,'2015-01-04 00:00:00',0.43,'2014-10-29 07:46:13','2015-01-04 21:33:39',0,0,793671,3313391,NULL),(271459262,'2014-10-29 00:00:00',0,NULL,'2015-01-04 00:00:00',0.25,'2014-10-29 15:30:12','2015-01-04 21:33:31',0,0,783108,3254032,NULL),(271462369,'2014-10-29 00:00:00',0,NULL,'2015-01-04 00:00:00',1.13,'2014-10-29 15:36:42','2015-01-04 21:33:31',0,0,783108,3358283,NULL),(271465570,'2014-10-29 00:00:00',0,'josh - tokome, lms, business dev. (:47)','2015-01-04 00:00:00',1.33,'2014-10-29 15:43:29','2015-01-04 21:33:39',0,0,793671,3254032,NULL),(271473543,'2014-10-29 00:00:00',0,NULL,'2015-01-04 00:00:00',0.60,'2014-10-29 16:01:17','2015-01-04 21:33:39',0,0,793671,3477133,NULL),(271475876,'2014-10-29 00:00:00',0,NULL,'2015-01-04 00:00:00',0.27,'2014-10-29 16:06:22','2015-01-04 21:33:39',0,0,793671,3253911,NULL),(271501115,'2014-10-29 00:00:00',0,'Meeting with Ryan','2015-01-04 00:00:00',0.98,'2014-10-29 17:03:02','2015-01-04 21:33:31',0,0,783108,3253568,NULL),(271543619,'2014-10-29 00:00:00',0,NULL,'2015-01-04 00:00:00',0.62,'2014-10-29 19:01:47','2015-01-04 21:33:31',0,0,783108,3254032,NULL),(271545629,'2014-10-29 00:00:00',0,NULL,'2015-01-04 00:00:00',1.75,'2014-10-29 19:08:31','2015-01-04 21:33:39',0,0,793671,3313390,NULL),(271546143,'2014-10-29 00:00:00',0,'Talking with Glenn Garnes about Sucuri and WP Maintenance','2015-01-04 00:00:00',0.30,'2014-10-29 19:10:13','2015-01-04 21:33:31',0,0,783108,3253568,NULL),(271554142,'2014-10-29 00:00:00',0,NULL,'2015-01-04 00:00:00',0.34,'2014-10-29 19:36:29','2015-01-04 21:33:31',0,0,783108,3253992,NULL),(271556459,'2014-10-29 00:00:00',0,NULL,'2015-01-04 00:00:00',0.18,'2014-10-29 19:44:28','2015-01-04 21:33:39',0,0,793671,3253566,NULL),(271562303,'2014-10-29 00:00:00',0,NULL,'2015-01-04 00:00:00',0.17,'2014-10-29 20:02:57','2015-01-04 21:33:39',0,0,793671,3313390,NULL),(271572052,'2014-10-29 00:00:00',0,NULL,'2015-01-04 00:00:00',1.25,'2014-10-29 20:31:58','2015-01-04 21:33:31',0,0,783108,3434036,NULL),(271584567,'2014-10-29 00:00:00',0,NULL,'2015-01-04 00:00:00',0.15,'2014-10-29 21:07:09','2015-01-04 21:33:31',0,0,783108,3434036,NULL),(271597594,'2014-10-29 00:00:00',0,NULL,'2015-01-04 00:00:00',0.40,'2014-10-29 21:46:50','2015-01-04 21:33:31',0,0,783108,3434036,NULL),(271652065,'2014-10-29 00:00:00',0,NULL,'2015-01-04 00:00:00',0.19,'2014-10-30 03:13:50','2015-01-04 21:33:31',0,0,783108,3559906,NULL),(271652868,'2014-10-29 00:00:00',0,'AngularJS','2015-01-04 00:00:00',0.18,'2014-10-30 03:25:22','2015-01-04 21:33:31',0,0,783108,3253911,NULL),(271655153,'2014-10-29 00:00:00',0,NULL,'2015-01-04 00:00:00',0.72,'2014-10-30 03:45:02','2015-01-04 21:33:31',0,0,783108,3325439,NULL),(271675011,'2014-10-30 00:00:00',0,NULL,'2015-01-04 00:00:00',0.75,'2014-10-30 07:20:03','2015-01-04 21:33:39',0,0,793671,3313390,NULL),(271679681,'2014-10-30 00:00:00',0,NULL,'2015-01-04 00:00:00',5.20,'2014-10-30 07:55:28','2015-01-04 21:33:39',0,0,793671,3477133,NULL),(271694394,'2014-10-30 00:00:00',0,NULL,'2015-01-04 00:00:00',0.73,'2014-10-30 09:15:21','2015-01-04 21:33:39',0,0,793671,3313391,NULL),(271769405,'2014-10-30 00:00:00',0,NULL,'2015-01-04 00:00:00',0.20,'2014-10-30 13:59:43','2015-01-04 21:33:31',0,0,783108,3325439,NULL),(271769512,'2014-10-30 00:00:00',0,NULL,'2015-01-04 00:00:00',0.15,'2014-10-30 13:59:51','2015-01-04 21:33:31',0,0,783108,3253567,NULL),(271772980,'2014-10-30 00:00:00',0,'The issue with emails from the server going to spam. Nearing the end of the tunnel. rDNS, SPF, A records all being handled.','2015-01-04 00:00:00',0.80,'2014-10-30 14:06:59','2015-01-04 21:33:31',0,0,783108,3434036,NULL),(271773704,'2014-10-30 00:00:00',0,NULL,'2015-01-04 00:00:00',0.42,'2014-10-30 14:08:31','2015-01-04 21:33:31',0,0,783108,3254032,NULL),(271773881,'2014-10-30 00:00:00',0,'BoDoBo','2015-01-04 00:00:00',0.08,'2014-10-30 14:08:55','2015-01-04 21:33:31',0,0,783108,3358283,NULL),(271779852,'2014-10-30 00:00:00',0,'Sucuri','2015-01-04 00:00:00',0.33,'2014-10-30 14:21:13','2015-01-04 21:33:31',0,0,783108,3253567,NULL),(271779961,'2014-10-30 00:00:00',0,NULL,'2015-01-04 00:00:00',1.61,'2014-10-30 14:21:28','2015-01-04 21:33:31',0,0,783108,3568081,NULL),(271780051,'2014-10-30 00:00:00',0,NULL,'2015-01-04 00:00:00',0.00,'2014-10-30 14:21:42','2015-01-04 21:33:31',0,0,783108,3533765,NULL),(271780107,'2014-10-30 00:00:00',0,NULL,'2015-01-04 00:00:00',0.00,'2014-10-30 14:21:50','2015-01-04 21:33:31',0,0,783108,3253992,NULL),(271780256,'2014-10-30 00:00:00',0,'RaMo','2015-01-04 00:00:00',0.00,'2014-10-30 14:22:07','2015-01-04 21:33:31',0,0,783108,3358283,NULL),(271796073,'2014-10-30 00:00:00',0,NULL,'2015-01-04 00:00:00',0.29,'2014-10-30 14:57:12','2015-01-04 21:33:31',0,0,783108,3569713,NULL),(271819734,'2014-10-30 00:00:00',0,'AngularJS - I spent this time debugging, only to figure out Django was conflicting with Node','2015-01-04 00:00:00',0.22,'2014-10-30 15:47:53','2015-01-04 21:33:31',0,0,783108,3325439,NULL),(271826253,'2014-10-30 00:00:00',0,'AngularJS - Phonecat tutorial','2015-01-04 00:00:00',1.00,'2014-10-30 16:01:14','2015-01-04 21:33:31',0,0,783108,3325439,NULL),(271875228,'2014-10-30 00:00:00',0,NULL,'2015-01-04 00:00:00',0.17,'2014-10-30 17:56:00','2015-01-04 21:33:39',0,0,793671,3253566,NULL),(271913197,'2014-10-30 00:00:00',0,NULL,'2015-01-04 00:00:00',0.28,'2014-10-30 19:43:07','2015-01-04 21:33:31',0,0,783108,3253992,NULL),(271934556,'2014-10-30 00:00:00',0,NULL,'2015-01-04 00:00:00',0.49,'2014-10-30 20:44:24','2015-01-04 21:33:31',0,0,783108,3254032,NULL),(271955029,'2014-10-30 00:00:00',0,'Upgrading Django on server','2015-01-04 00:00:00',0.75,'2014-10-30 21:43:06','2015-01-04 21:33:31',0,0,783108,3434036,NULL),(271990263,'2014-10-30 00:00:00',0,NULL,'2015-01-04 00:00:00',0.02,'2014-10-31 00:06:27','2015-01-04 21:33:31',0,0,783108,3253567,NULL),(271990529,'2014-10-30 00:00:00',0,'Configuring designs folder appropriately.','2015-01-04 00:00:00',0.07,'2014-10-31 00:07:41','2015-01-04 21:33:31',0,0,783108,3477685,NULL),(271991245,'2014-10-30 00:00:00',0,NULL,'2015-01-04 00:00:00',2.01,'2014-10-31 00:12:06','2015-01-04 21:33:31',0,0,783108,3478497,NULL),(272019464,'2014-10-31 00:00:00',0,NULL,'2015-01-04 00:00:00',0.74,'2014-10-31 04:10:03','2015-01-04 21:33:31',0,0,783108,3291311,NULL),(272024195,'2014-10-31 00:00:00',0,'Sucuri','2015-01-04 00:00:00',0.05,'2014-10-31 04:57:10','2015-01-04 21:33:31',0,0,783108,3434036,NULL),(272027900,'2014-10-31 00:00:00',0,'conversation with josh twice, and bob\'s once','2015-01-04 00:00:00',1.30,'2014-10-31 05:30:28','2015-01-04 21:33:39',0,0,793671,3254032,NULL),(272027918,'2014-10-31 00:00:00',0,NULL,'2015-01-04 00:00:00',0.77,'2014-10-31 05:30:37','2015-01-04 21:33:39',0,0,793671,3313391,NULL),(272028080,'2014-10-30 00:00:00',0,NULL,'2015-01-04 00:00:00',0.18,'2014-10-31 05:31:59','2015-01-04 21:33:39',0,0,793671,3254032,NULL),(272028251,'2014-10-31 00:00:00',0,NULL,'2015-01-04 00:00:00',0.38,'2014-10-31 05:34:15','2015-01-04 21:33:39',0,0,793671,3313390,NULL),(272028574,'2014-10-31 00:00:00',0,NULL,'2015-01-04 00:00:00',0.60,'2014-10-31 05:37:31','2015-01-04 21:33:39',0,0,793671,3477133,NULL),(272116567,'2014-10-31 00:00:00',0,NULL,'2015-01-04 00:00:00',1.50,'2014-10-31 13:02:14','2015-01-04 21:33:31',0,0,783108,3291311,NULL),(272167971,'2014-10-31 00:00:00',0,NULL,'2015-01-04 00:00:00',0.07,'2014-10-31 14:46:35','2015-01-04 21:33:31',0,0,783108,3291311,NULL),(272173495,'2014-10-31 00:00:00',0,NULL,'2015-01-04 00:00:00',0.22,'2014-10-31 14:57:07','2015-01-04 21:33:31',0,0,783108,3477685,NULL),(272173653,'2014-10-31 00:00:00',0,NULL,'2015-01-04 00:00:00',0.53,'2014-10-31 14:57:30','2015-01-04 21:33:31',0,0,783108,3478496,NULL),(272190996,'2014-10-31 00:00:00',0,NULL,'2015-01-04 00:00:00',0.21,'2014-10-31 15:29:13','2015-01-04 21:33:31',0,0,783108,3434036,NULL),(272197854,'2014-10-31 00:00:00',0,NULL,'2015-01-04 00:00:00',0.82,'2014-10-31 15:41:58','2015-01-04 21:33:31',0,0,783108,3478497,NULL),(272229922,'2014-10-31 00:00:00',0,NULL,'2015-01-04 00:00:00',2.91,'2014-10-31 16:35:26','2015-01-04 21:33:31',0,0,783108,3573746,NULL),(272282871,'2014-10-31 00:00:00',0,'SaaS / Ruby','2015-01-04 00:00:00',0.23,'2014-10-31 18:26:33','2015-01-04 21:33:31',0,0,783108,3325439,NULL),(272286039,'2014-10-31 00:00:00',0,NULL,'2015-01-04 00:00:00',0.69,'2014-10-31 18:33:43','2015-01-04 21:33:31',0,0,783108,3253567,NULL),(272333720,'2014-10-31 00:00:00',0,NULL,'2015-01-04 00:00:00',0.19,'2014-10-31 20:09:46','2015-01-04 21:33:31',0,0,783108,3364869,NULL),(272340136,'2014-10-31 00:00:00',0,NULL,'2015-01-04 00:00:00',0.02,'2014-10-31 20:21:04','2015-01-04 21:33:31',0,0,783108,3254032,NULL),(272340733,'2014-10-31 00:00:00',0,NULL,'2015-01-04 00:00:00',0.53,'2014-10-31 20:22:19','2015-01-04 21:33:31',0,0,783108,3254032,NULL),(272357615,'2014-10-31 00:00:00',0,NULL,'2015-01-04 00:00:00',0.25,'2014-10-31 20:56:52','2015-01-04 21:33:31',0,0,783108,3254032,NULL),(272454222,'2014-11-01 00:00:00',0,NULL,'2015-01-04 00:00:00',1.68,'2014-11-01 15:47:09','2015-01-04 21:33:31',0,0,783108,3477685,NULL),(272454461,'2014-11-01 00:00:00',0,NULL,'2015-01-04 00:00:00',1.67,'2014-11-01 15:51:39','2015-01-04 21:33:31',0,0,783108,3575764,NULL),(272458944,'2014-11-01 00:00:00',0,NULL,'2015-01-04 00:00:00',0.26,'2014-11-01 17:16:23','2015-01-04 21:33:31',0,0,783108,3358283,NULL),(272458954,'2014-11-01 00:00:00',0,NULL,'2015-01-04 00:00:00',0.26,'2014-11-01 17:16:34','2015-01-04 21:33:39',0,0,793671,3358283,NULL),(272459856,'2014-11-01 00:00:00',0,NULL,'2015-01-04 00:00:00',1.38,'2014-11-01 17:32:01','2015-01-04 21:33:31',0,0,783108,3575854,NULL),(272459862,'2014-11-01 00:00:00',0,NULL,'2015-01-04 00:00:00',1.38,'2014-11-01 17:32:06','2015-01-04 21:33:39',0,0,793671,3575854,NULL),(272466698,'2014-11-01 00:00:00',0,NULL,'2015-01-04 00:00:00',1.00,'2014-11-01 19:55:49','2015-01-04 21:33:39',0,0,793671,3575764,NULL),(272466720,'2014-11-01 00:00:00',0,NULL,'2015-01-04 00:00:00',0.39,'2014-11-01 19:56:09','2015-01-04 21:33:31',0,0,783108,3291311,NULL),(272466722,'2014-11-01 00:00:00',0,NULL,'2015-01-04 00:00:00',0.24,'2014-11-01 19:56:12','2015-01-04 21:33:39',0,0,793671,3291311,NULL),(272469263,'2014-11-01 00:00:00',0,NULL,'2015-01-04 00:00:00',2.00,'2014-11-01 20:49:27','2015-01-04 21:33:39',0,0,793671,3313390,NULL),(272472335,'2014-11-01 00:00:00',0,NULL,'2015-01-04 00:00:00',1.57,'2014-11-01 22:00:59','2015-01-04 21:33:31',0,0,783108,3478497,NULL),(272475198,'2014-11-01 00:00:00',0,NULL,'2015-01-04 00:00:00',1.34,'2014-11-01 23:26:20','2015-01-04 21:33:31',0,0,783108,3522794,NULL),(272475874,'2014-11-01 00:00:00',0,NULL,'2015-01-04 00:00:00',3.02,'2014-11-01 23:45:08','2015-01-04 21:33:39',0,0,793671,3477133,NULL),(272477690,'2014-11-01 00:00:00',0,NULL,'2015-01-04 00:00:00',0.28,'2014-11-02 00:39:03','2015-01-04 21:33:39',0,0,793671,3254032,NULL),(272478776,'2014-11-01 00:00:00',0,NULL,'2015-01-04 00:00:00',0.85,'2014-11-02 01:23:33','2015-01-04 21:33:31',0,0,783108,3568081,NULL),(272480928,'2014-11-01 00:00:00',0,NULL,'2015-01-04 00:00:00',1.33,'2014-11-02 02:40:49','2015-01-04 21:33:31',0,0,783108,3364869,NULL),(272481916,'2014-11-01 00:00:00',0,NULL,'2015-01-04 00:00:00',1.33,'2014-11-02 03:22:48','2015-01-04 21:33:39',0,0,793671,3364869,NULL),(272511202,'2014-11-02 00:00:00',0,NULL,'2015-01-04 00:00:00',0.17,'2014-11-02 18:17:08','2015-01-04 21:33:31',0,0,783108,3253567,NULL),(272511829,'2014-11-02 00:00:00',0,NULL,'2015-01-04 00:00:00',0.93,'2014-11-02 18:27:10','2015-01-04 21:33:31',0,0,783108,3559987,NULL),(272525854,'2014-11-02 00:00:00',0,NULL,'2015-01-04 00:00:00',0.06,'2014-11-02 21:22:48','2015-01-04 21:33:31',0,0,783108,3434036,NULL),(272531325,'2014-11-02 00:00:00',0,NULL,'2015-01-04 00:00:00',1.03,'2014-11-02 22:10:27','2015-01-04 21:33:31',0,0,783108,3358283,NULL),(272540075,'2014-11-02 00:00:00',0,NULL,'2015-01-04 00:00:00',0.55,'2014-11-02 23:13:17','2015-01-04 21:33:31',0,0,783108,3253567,NULL),(272545735,'2014-11-02 00:00:00',0,NULL,'2015-01-04 00:00:00',0.77,'2014-11-03 00:02:48','2015-01-04 21:33:39',0,0,793671,3313391,NULL),(272545756,'2014-11-02 00:00:00',0,NULL,'2015-01-04 00:00:00',1.45,'2014-11-03 00:02:59','2015-01-04 21:33:39',0,0,793671,3253605,NULL),(272545778,'2014-11-02 00:00:00',0,NULL,'2015-01-04 00:00:00',0.43,'2014-11-03 00:03:07','2015-01-04 21:33:39',0,0,793671,3254032,NULL),(272572206,'2014-11-02 00:00:00',0,NULL,'2015-01-04 00:00:00',0.18,'2014-11-03 03:49:22','2015-01-04 21:33:39',0,0,793671,3254032,NULL),(272572292,'2014-11-02 00:00:00',0,NULL,'2015-01-04 00:00:00',0.68,'2014-11-03 03:49:58','2015-01-04 21:33:39',0,0,793671,3477133,NULL),(272743369,'2014-11-03 00:00:00',0,NULL,'2015-01-04 00:00:00',0.37,'2014-11-03 14:26:32','2015-01-04 21:33:31',0,0,783108,3254032,NULL),(272791132,'2014-11-03 00:00:00',0,NULL,'2015-01-04 00:00:00',8.14,'2014-11-03 15:28:56','2015-01-04 21:33:31',0,0,783108,3358283,NULL),(272902612,'2014-11-03 00:00:00',0,NULL,'2015-01-04 00:00:00',3.78,'2014-11-03 18:23:19','2015-01-04 21:33:39',0,0,793671,3313390,NULL),(272939689,'2014-11-03 00:00:00',0,NULL,'2015-01-04 00:00:00',0.32,'2014-11-03 19:44:59','2015-01-04 21:33:39',0,0,793671,3313391,NULL),(272949806,'2014-11-03 00:00:00',0,NULL,'2015-01-04 00:00:00',0.15,'2014-11-03 20:32:27','2015-01-04 21:33:39',0,0,793671,3253566,NULL),(272955596,'2014-11-03 00:00:00',0,NULL,'2015-01-04 00:00:00',0.13,'2014-11-03 20:44:52','2015-01-04 21:33:31',0,0,783108,3358283,NULL),(272959106,'2014-11-03 00:00:00',0,NULL,'2015-01-04 00:00:00',0.53,'2014-11-03 20:52:44','2015-01-04 21:33:39',0,0,793671,3253605,NULL),(272959317,'2014-11-03 00:00:00',0,NULL,'2015-01-04 00:00:00',0.31,'2014-11-03 20:53:19','2015-01-04 21:33:31',0,0,783108,3254032,NULL),(272968556,'2014-11-03 00:00:00',0,NULL,'2015-01-04 00:00:00',0.18,'2014-11-03 21:11:50','2015-01-04 21:33:39',0,0,793671,3253566,NULL),(273019951,'2014-11-03 00:00:00',0,NULL,'2015-01-04 00:00:00',0.06,'2014-11-03 23:04:40','2015-01-04 21:33:31',0,0,783108,3254032,NULL),(273026966,'2014-11-03 00:00:00',0,'discussion with dylan - willing to work 15 hours per week at $8 an hour for 3 more weeks - then re-evaluation afterwards.','2015-01-04 00:00:00',0.35,'2014-11-03 23:25:36','2015-01-04 21:33:39',0,0,793671,3254032,NULL),(273042755,'2014-11-03 00:00:00',0,NULL,'2015-01-04 00:00:00',0.29,'2014-11-04 00:24:41','2015-01-04 21:33:39',0,0,793671,3477133,NULL),(273051025,'2014-11-03 00:00:00',0,NULL,'2015-01-04 00:00:00',0.30,'2014-11-04 01:01:07','2015-01-04 21:33:31',0,0,783108,3291311,NULL),(273055154,'2014-11-03 00:00:00',0,NULL,'2015-01-04 00:00:00',0.30,'2014-11-04 01:21:55','2015-01-04 21:33:39',0,0,793671,3364869,NULL),(273057423,'2014-11-03 00:00:00',0,NULL,'2015-01-04 00:00:00',0.27,'2014-11-04 01:34:22','2015-01-04 21:33:39',0,0,793671,3253567,NULL),(273063771,'2014-11-03 00:00:00',0,NULL,'2015-01-04 00:00:00',1.53,'2014-11-04 02:15:34','2015-01-04 21:33:39',0,0,793671,3364869,NULL),(273070401,'2014-11-03 00:00:00',0,'comprised list of panels for parent dashboard, conceptualized dashboard, drew out sketch on paper.','2015-01-04 00:00:00',0.35,'2014-11-04 03:15:09','2015-01-04 21:33:39',0,0,793671,3313391,NULL),(273070445,'2014-11-03 00:00:00',0,'spreadsheets, meeting prep.','2015-01-04 00:00:00',1.10,'2014-11-04 03:15:37','2015-01-04 21:33:39',0,0,793671,3313391,NULL),(273080862,'2014-11-04 00:00:00',0,NULL,'2015-01-04 00:00:00',1.01,'2014-11-04 04:59:20','2015-01-04 21:33:39',0,0,793671,3364869,NULL),(273085741,'2014-11-04 00:00:00',0,'what\'s in your stack - Wade Foster','2015-01-04 00:00:00',0.31,'2014-11-04 06:00:49','2015-01-04 21:33:39',0,0,793671,3325439,NULL),(273223914,'2014-11-04 00:00:00',0,NULL,'2015-01-04 00:00:00',0.20,'2014-11-04 14:49:27','2015-01-04 21:33:31',0,0,783108,3254032,NULL),(273226445,'2014-11-04 00:00:00',0,'Sucuri','2015-01-04 00:00:00',0.55,'2014-11-04 14:54:21','2015-01-04 21:33:31',0,0,783108,3434036,NULL),(273244074,'2014-11-04 00:00:00',0,NULL,'2015-01-04 00:00:00',0.38,'2014-11-04 15:28:15','2015-01-04 21:33:31',0,0,783108,3584449,NULL),(273255119,'2014-11-04 00:00:00',0,NULL,'2015-01-04 00:00:00',3.12,'2014-11-04 15:49:46','2015-01-04 21:33:31',0,0,783108,3253992,NULL),(273292021,'2014-11-04 00:00:00',0,NULL,'2015-01-04 00:00:00',2.82,'2014-11-04 17:03:33','2015-01-04 21:33:39',0,0,793671,3313390,NULL),(273332189,'2014-11-04 00:00:00',0,NULL,'2015-01-04 00:00:00',0.01,'2014-11-04 18:36:32','2015-01-04 21:33:31',0,0,783108,3434036,NULL),(273355707,'2014-11-04 00:00:00',0,NULL,'2015-01-04 00:00:00',0.11,'2014-11-04 19:32:21','2015-01-04 21:33:31',0,0,783108,3434036,NULL),(273357226,'2014-11-04 00:00:00',0,'updated my payout for 11/16','2015-01-04 00:00:00',0.18,'2014-11-04 19:36:23','2015-01-04 21:33:39',0,0,793671,3253605,NULL),(273361828,'2014-11-04 00:00:00',0,NULL,'2015-01-04 00:00:00',0.12,'2014-11-04 19:47:53','2015-01-04 21:33:39',0,0,793671,3254032,NULL),(273362967,'2014-11-04 00:00:00',0,NULL,'2015-01-04 00:00:00',0.92,'2014-11-04 19:50:53','2015-01-04 21:33:39',0,0,793671,3313391,NULL),(273373684,'2014-11-04 00:00:00',0,'business meeting w/ josh','2015-01-04 00:00:00',0.47,'2014-11-04 20:20:44','2015-01-04 21:33:39',0,0,793671,3254032,NULL),(273373934,'2014-11-04 00:00:00',0,NULL,'2015-01-04 00:00:00',0.30,'2014-11-04 20:21:34','2015-01-04 21:33:31',0,0,783108,3254032,NULL),(273376710,'2014-11-04 00:00:00',0,NULL,'2015-01-04 00:00:00',0.03,'2014-11-04 20:30:01','2015-01-04 21:33:31',0,0,783108,3291311,NULL),(273377192,'2014-11-04 00:00:00',0,NULL,'2015-01-04 00:00:00',0.15,'2014-11-04 20:31:36','2015-01-04 21:33:31',0,0,783108,3291311,NULL),(273392110,'2014-11-04 00:00:00',0,'Parent Dashboard','2015-01-04 00:00:00',0.40,'2014-11-04 21:13:34','2015-01-04 21:33:39',0,0,793671,3313390,NULL),(273408910,'2014-11-04 00:00:00',0,NULL,'2015-01-04 00:00:00',0.13,'2014-11-04 21:57:35','2015-01-04 21:33:31',0,0,783108,3418965,NULL),(273421080,'2014-11-04 00:00:00',0,'Security Maintenance for Dr. Tappan','2015-01-04 00:00:00',0.04,'2014-11-04 22:30:12','2015-01-04 21:33:31',0,0,783108,3434036,NULL),(273425096,'2014-11-04 00:00:00',0,NULL,'2015-01-04 00:00:00',0.46,'2014-11-04 22:42:14','2015-01-04 21:33:31',0,0,783108,3254032,NULL),(273428256,'2014-11-04 00:00:00',0,'Event Form Submission','2015-01-04 00:00:00',0.56,'2014-11-04 22:52:11','2015-01-04 21:33:31',0,0,783108,3253992,NULL),(273434552,'2014-11-04 00:00:00',0,NULL,'2015-01-04 00:00:00',0.38,'2014-11-04 23:11:23','2015-01-04 21:33:31',0,0,783108,3358283,NULL),(273441028,'2014-11-04 00:00:00',0,NULL,'2015-01-04 00:00:00',0.05,'2014-11-04 23:34:59','2015-01-04 21:33:31',0,0,783108,3253567,NULL),(273444203,'2014-11-04 00:00:00',0,NULL,'2015-01-04 00:00:00',0.38,'2014-11-04 23:47:40','2015-01-04 21:33:31',0,0,783108,3317020,NULL),(273460718,'2014-11-04 00:00:00',0,NULL,'2015-01-04 00:00:00',1.52,'2014-11-05 01:06:06','2015-01-04 21:33:39',0,0,793671,3291311,NULL),(273464964,'2014-11-04 00:00:00',0,'bd meeting w/ josh','2015-01-04 00:00:00',0.73,'2014-11-05 01:30:26','2015-01-04 21:33:39',0,0,793671,3364869,NULL),(273465172,'2014-11-04 00:00:00',0,NULL,'2015-01-04 00:00:00',0.67,'2014-11-05 01:31:31','2015-01-04 21:33:31',0,0,783108,3253568,NULL),(273477010,'2014-11-04 00:00:00',0,'work setup with dylan','2015-01-04 00:00:00',0.16,'2014-11-05 03:04:53','2015-01-04 21:33:39',0,0,793671,3291311,NULL),(273477897,'2014-11-04 00:00:00',0,NULL,'2015-01-04 00:00:00',2.01,'2014-11-05 03:13:33','2015-01-04 21:33:22',0,0,806530,3291311,NULL),(273485963,'2014-11-04 00:00:00',0,NULL,'2015-01-04 00:00:00',0.53,'2014-11-05 04:37:17','2015-01-04 21:33:39',0,0,793671,3313390,NULL),(273489288,'2014-11-05 00:00:00',0,NULL,'2015-01-04 00:00:00',2.45,'2014-11-05 05:09:34','2015-01-04 21:33:39',0,0,793671,3313390,NULL),(273489312,'2014-11-05 00:00:00',0,NULL,'2015-01-04 00:00:00',1.18,'2014-11-05 05:09:48','2015-01-04 21:33:22',0,0,806530,3291311,NULL),(273493317,'2014-11-05 00:00:00',0,'Parent Dashboard','2015-01-04 00:00:00',4.47,'2014-11-05 05:47:26','2015-01-04 21:33:39',0,0,793671,3313390,NULL),(273612521,'2014-11-05 00:00:00',0,NULL,'2015-01-04 00:00:00',0.32,'2014-11-05 14:48:10','2015-01-04 21:33:31',0,0,783108,3254032,NULL),(273614389,'2014-11-05 00:00:00',0,NULL,'2015-01-04 00:00:00',0.38,'2014-11-05 14:52:15','2015-01-04 21:33:31',0,0,783108,3317020,NULL),(273618753,'2014-11-05 00:00:00',0,NULL,'2015-01-04 00:00:00',0.06,'2014-11-05 14:59:55','2015-01-04 21:33:31',0,0,783108,3253992,NULL),(273627337,'2014-11-05 00:00:00',0,NULL,'2015-01-04 00:00:00',0.65,'2014-11-05 15:18:41','2015-01-04 21:33:31',0,0,783108,3418965,NULL),(273651099,'2014-11-05 00:00:00',0,NULL,'2015-01-04 00:00:00',0.23,'2014-11-05 16:09:59','2015-01-04 21:33:31',0,0,783108,3253567,NULL),(273657458,'2014-11-05 00:00:00',0,NULL,'2015-01-04 00:00:00',4.56,'2014-11-05 16:23:34','2015-01-04 21:33:31',0,0,783108,3463052,NULL),(273661789,'2014-11-05 00:00:00',0,'Messaging, Tasks','2015-01-04 00:00:00',1.82,'2014-11-05 16:32:45','2015-01-04 21:33:31',0,0,783108,3573746,NULL),(273662472,'2014-11-05 00:00:00',0,NULL,'2015-01-04 00:00:00',0.03,'2014-11-05 16:34:09','2015-01-04 21:33:31',0,0,783108,3568081,NULL),(273691311,'2014-11-05 00:00:00',0,NULL,'2015-01-04 00:00:00',0.65,'2014-11-05 17:36:02','2015-01-04 21:33:39',0,0,793671,3313391,NULL),(273699327,'2014-11-05 00:00:00',0,NULL,'2015-01-04 00:00:00',0.18,'2014-11-05 17:56:12','2015-01-04 21:33:31',0,0,783108,3253567,NULL),(273700866,'2014-11-05 00:00:00',0,NULL,'2015-01-04 00:00:00',0.31,'2014-11-05 18:00:36','2015-01-04 21:33:31',0,0,783108,3477685,NULL),(273721749,'2014-11-05 00:00:00',0,NULL,'2015-01-04 00:00:00',0.02,'2014-11-05 19:02:41','2015-01-04 21:33:31',0,0,783108,3254032,NULL),(273750455,'2014-11-05 00:00:00',0,NULL,'2015-01-04 00:00:00',0.17,'2014-11-05 20:30:35','2015-01-04 21:33:39',0,0,793671,3364869,NULL),(273750518,'2014-11-05 00:00:00',0,NULL,'2015-01-04 00:00:00',0.62,'2014-11-05 20:30:46','2015-01-04 21:33:31',0,0,783108,3364869,NULL),(273832318,'2014-11-05 00:00:00',0,NULL,'2015-01-04 00:00:00',0.17,'2014-11-06 01:14:44','2015-01-04 21:33:39',0,0,793671,3463052,NULL),(273834083,'2014-11-05 00:00:00',0,'poked around and read about Atlassian','2015-01-04 00:00:00',0.18,'2014-11-06 01:25:20','2015-01-04 21:33:39',0,0,793671,3325439,NULL),(273843078,'2014-11-05 00:00:00',0,NULL,'2015-01-04 00:00:00',0.53,'2014-11-06 02:29:16','2015-01-04 21:33:39',0,0,793671,3575764,NULL),(273843620,'2014-11-05 00:00:00',0,NULL,'2015-01-04 00:00:00',0.52,'2014-11-06 02:33:56','2015-01-04 21:33:31',0,0,783108,3575764,NULL),(273846852,'2014-11-05 00:00:00',0,NULL,'2015-01-04 00:00:00',0.33,'2014-11-06 03:05:08','2015-01-04 21:33:39',0,0,793671,3364869,NULL),(273849302,'2014-11-05 00:00:00',0,NULL,'2015-01-04 00:00:00',0.58,'2014-11-06 03:25:37','2015-01-04 21:33:39',0,0,793671,3364869,NULL),(273849303,'2014-11-05 00:00:00',0,NULL,'2015-01-04 00:00:00',0.65,'2014-11-06 03:25:37','2015-01-04 21:33:31',0,0,783108,3253568,NULL),(273854315,'2014-11-05 00:00:00',0,NULL,'2015-01-04 00:00:00',0.88,'2014-11-06 04:20:34','2015-01-04 21:33:31',0,0,783108,3253911,NULL),(273859870,'2014-11-06 00:00:00',0,NULL,'2015-01-04 00:00:00',0.23,'2014-11-06 05:23:06','2015-01-04 21:33:31',0,0,783108,3253911,NULL),(273860916,'2014-11-06 00:00:00',0,'Economics','2015-01-04 00:00:00',0.82,'2014-11-06 05:37:15','2015-01-04 21:33:31',0,0,783108,3253911,NULL),(273960457,'2014-11-06 00:00:00',0,NULL,'2015-01-04 00:00:00',0.22,'2014-11-06 14:30:58','2015-01-04 21:33:31',0,0,783108,3254032,NULL),(273960781,'2014-11-06 00:00:00',0,NULL,'2015-01-04 00:00:00',0.10,'2014-11-06 14:31:48','2015-01-04 21:33:31',0,0,783108,3254032,NULL),(273965112,'2014-11-06 00:00:00',0,NULL,'2015-01-04 00:00:00',0.18,'2014-11-06 14:42:00','2015-01-04 21:33:31',0,0,783108,3253567,NULL),(273965474,'2014-11-06 00:00:00',0,NULL,'2015-01-04 00:00:00',0.83,'2014-11-06 14:42:48','2015-01-04 21:33:31',0,0,783108,3463052,NULL),(273975855,'2014-11-06 00:00:00',0,NULL,'2015-01-04 00:00:00',1.60,'2014-11-06 15:04:53','2015-01-04 21:33:31',0,0,783108,3478497,NULL),(274031086,'2014-11-06 00:00:00',0,NULL,'2015-01-04 00:00:00',0.13,'2014-11-06 17:08:28','2015-01-04 21:33:31',0,0,783108,3584449,NULL),(274032630,'2014-11-06 00:00:00',0,NULL,'2015-01-04 00:00:00',0.37,'2014-11-06 17:12:10','2015-01-04 21:33:39',0,0,793671,3364869,NULL),(274038854,'2014-11-06 00:00:00',0,NULL,'2015-01-04 00:00:00',0.00,'2014-11-06 17:26:27','2015-01-04 21:33:31',0,0,783108,3522794,NULL),(274057915,'2014-11-06 00:00:00',0,NULL,'2015-01-04 00:00:00',1.74,'2014-11-06 18:16:32','2015-01-04 21:33:31',0,0,783108,3573746,NULL),(274059686,'2014-11-06 00:00:00',0,NULL,'2015-01-04 00:00:00',0.65,'2014-11-06 18:22:23','2015-01-04 21:33:31',0,0,783108,3364869,NULL),(274069666,'2014-11-06 00:00:00',0,NULL,'2015-01-04 00:00:00',0.27,'2014-11-06 18:52:53','2015-01-04 21:33:31',0,0,783108,3254032,NULL),(274069684,'2014-11-06 00:00:00',0,NULL,'2015-01-04 00:00:00',0.58,'2014-11-06 18:52:56','2015-01-04 21:33:39',0,0,793671,3291311,NULL),(274075457,'2014-11-06 00:00:00',0,NULL,'2015-01-04 00:00:00',0.06,'2014-11-06 19:09:51','2015-01-04 21:33:31',0,0,783108,3477685,NULL),(274078240,'2014-11-06 00:00:00',0,NULL,'2015-01-04 00:00:00',0.35,'2014-11-06 19:18:22','2015-01-04 21:33:39',0,0,793671,3313390,NULL),(274081112,'2014-11-06 00:00:00',0,NULL,'2015-01-04 00:00:00',0.38,'2014-11-06 19:27:27','2015-01-04 21:33:39',0,0,793671,3313390,NULL),(274082436,'2014-11-06 00:00:00',0,NULL,'2015-01-04 00:00:00',2.82,'2014-11-06 19:31:27','2015-01-04 21:33:39',0,0,793671,3313390,NULL),(274085788,'2014-11-06 00:00:00',0,NULL,'2015-01-04 00:00:00',0.11,'2014-11-06 19:41:29','2015-01-04 21:33:39',0,0,793671,3253911,NULL),(274088653,'2014-11-06 00:00:00',0,NULL,'2015-01-04 00:00:00',5.00,'2014-11-06 19:49:56','2015-01-04 21:33:22',0,0,806530,3291311,NULL),(274108536,'2014-11-06 00:00:00',0,NULL,'2015-01-04 00:00:00',0.13,'2014-11-06 20:55:24','2015-01-04 21:33:39',0,0,793671,3364869,NULL),(274117103,'2014-11-06 00:00:00',0,NULL,'2015-01-04 00:00:00',0.34,'2014-11-06 21:20:48','2015-01-04 21:33:31',0,0,783108,3253992,NULL),(274124379,'2014-11-06 00:00:00',0,NULL,'2015-01-04 00:00:00',0.07,'2014-11-06 21:41:58','2015-01-04 21:33:31',0,0,783108,3254032,NULL),(274128574,'2014-11-06 00:00:00',0,NULL,'2015-01-04 00:00:00',0.29,'2014-11-06 21:54:07','2015-01-04 21:33:31',0,0,783108,3593785,NULL),(274174639,'2014-11-06 00:00:00',0,NULL,'2015-01-04 00:00:00',0.45,'2014-11-07 00:38:31','2015-01-04 21:33:39',0,0,793671,3313391,NULL),(274188282,'2014-11-06 00:00:00',0,NULL,'2015-01-04 00:00:00',2.71,'2014-11-07 02:03:04','2015-01-04 21:33:39',0,0,793671,3364869,NULL),(274202708,'2014-11-06 00:00:00',0,NULL,'2015-01-04 00:00:00',0.14,'2014-11-07 03:22:36','2015-01-04 21:33:31',0,0,783108,3512621,NULL),(274212881,'2014-11-06 00:00:00',0,'Writing website content','2015-01-04 00:00:00',1.42,'2014-11-07 05:07:07','2015-01-04 21:33:22',0,0,806530,3291311,NULL),(274214017,'2014-11-07 00:00:00',0,NULL,'2015-01-04 00:00:00',3.01,'2014-11-07 05:17:21','2015-01-04 21:33:39',0,0,793671,3313390,NULL),(274217534,'2014-11-07 00:00:00',0,'https://github.com/concentricsky/django-client-admin','2015-01-04 00:00:00',0.30,'2014-11-07 05:52:50','2015-01-04 21:33:39',0,0,793671,3253911,NULL),(274225240,'2014-11-07 00:00:00',0,NULL,'2015-01-04 00:00:00',0.37,'2014-11-07 07:02:07','2015-01-04 21:33:39',0,0,793671,3313390,NULL),(274229153,'2014-11-07 00:00:00',0,NULL,'2015-01-04 00:00:00',0.17,'2014-11-07 07:35:58','2015-01-04 21:33:39',0,0,793671,3254032,NULL),(274342044,'2014-11-07 00:00:00',0,NULL,'2015-01-04 00:00:00',0.62,'2014-11-07 15:06:07','2015-01-04 21:33:31',0,0,783108,3291311,NULL),(274354671,'2014-11-07 00:00:00',0,NULL,'2015-01-04 00:00:00',0.42,'2014-11-07 15:30:29','2015-01-04 21:33:31',0,0,783108,3253567,NULL),(274367245,'2014-11-07 00:00:00',0,NULL,'2015-01-04 00:00:00',0.42,'2014-11-07 15:55:40','2015-01-04 21:33:31',0,0,783108,3254032,NULL),(274370384,'2014-11-07 00:00:00',0,NULL,'2015-01-04 00:00:00',0.36,'2014-11-07 16:01:13','2015-01-04 21:33:31',0,0,783108,3254032,NULL),(274393916,'2014-11-07 00:00:00',0,NULL,'2015-01-04 00:00:00',0.10,'2014-11-07 16:42:02','2015-01-04 21:33:31',0,0,783108,3325439,NULL),(274410271,'2014-11-07 00:00:00',0,NULL,'2015-01-04 00:00:00',0.28,'2014-11-07 17:14:47','2015-01-04 21:33:31',0,0,783108,3254032,NULL),(274417910,'2014-11-07 00:00:00',0,'Google Mail configuration for Rodney Blevins, FastMail, etc.','2015-01-04 00:00:00',0.93,'2014-11-07 17:31:31','2015-01-04 21:33:31',0,0,783108,3596307,NULL),(274426467,'2014-11-07 00:00:00',0,NULL,'2015-01-04 00:00:00',0.20,'2014-11-07 17:53:07','2015-01-04 21:33:39',0,0,793671,3254032,NULL),(274439564,'2014-11-07 00:00:00',0,NULL,'2015-01-04 00:00:00',0.69,'2014-11-07 18:28:15','2015-01-04 21:33:31',0,0,783108,3568081,NULL),(274445313,'2014-11-07 00:00:00',0,NULL,'2015-01-04 00:00:00',0.25,'2014-11-07 18:45:24','2015-01-04 21:33:39',0,0,793671,3358283,NULL),(274451548,'2014-11-07 00:00:00',0,'sorted out numbers','2015-01-04 00:00:00',0.40,'2014-11-07 19:03:31','2015-01-04 21:33:39',0,0,793671,3313391,NULL),(274453682,'2014-11-07 00:00:00',0,NULL,'2015-01-04 00:00:00',0.59,'2014-11-07 19:09:28','2015-01-04 21:33:31',0,0,783108,3559906,NULL),(274463083,'2014-11-07 00:00:00',0,'emailed, set up basecamp for remaining to-do\'s','2015-01-04 00:00:00',0.25,'2014-11-07 19:37:21','2015-01-04 21:33:39',0,0,793671,3254032,NULL),(274464998,'2014-11-07 00:00:00',0,NULL,'2015-01-04 00:00:00',0.10,'2014-11-07 19:43:19','2015-01-04 21:33:40',0,0,793671,3254032,NULL),(274466784,'2014-11-07 00:00:00',0,NULL,'2015-01-04 00:00:00',0.13,'2014-11-07 19:48:44','2015-01-04 21:33:31',0,0,783108,3574157,NULL),(274470088,'2014-11-07 00:00:00',0,NULL,'2015-01-04 00:00:00',0.60,'2014-11-07 19:58:35','2015-01-04 21:33:31',0,0,783108,3254032,NULL),(274496868,'2014-11-07 00:00:00',0,NULL,'2015-01-04 00:00:00',0.08,'2014-11-07 20:24:15','2015-01-04 21:33:31',0,0,783108,3574157,NULL),(274499634,'2014-11-07 00:00:00',0,NULL,'2015-01-04 00:00:00',0.60,'2014-11-07 20:30:16','2015-01-04 21:33:39',0,0,793671,3364869,NULL),(274499690,'2014-11-07 00:00:00',0,NULL,'2015-01-04 00:00:00',0.59,'2014-11-07 20:30:23','2015-01-04 21:33:31',0,0,783108,3364869,NULL),(274558584,'2014-11-07 00:00:00',0,NULL,'2015-01-04 00:00:00',0.71,'2014-11-07 22:42:18','2015-01-04 21:33:31',0,0,783108,3463052,NULL),(274564985,'2014-11-07 00:00:00',0,NULL,'2015-01-04 00:00:00',0.52,'2014-11-07 23:00:44','2015-01-04 21:33:39',0,0,793671,3364869,NULL),(274599395,'2014-11-07 00:00:00',0,NULL,'2015-01-04 00:00:00',0.33,'2014-11-08 01:47:19','2015-01-04 21:33:31',0,0,783108,3325439,NULL),(274609353,'2014-11-08 00:00:00',0,NULL,'2015-01-04 00:00:00',2.70,'2014-11-08 05:45:00','2015-01-04 21:33:40',0,0,793671,3313390,NULL),(274617119,'2014-11-08 00:00:00',0,NULL,'2015-01-04 00:00:00',1.25,'2014-11-08 08:22:07','2015-01-04 21:33:40',0,0,793671,3463052,NULL),(274617288,'2014-11-08 00:00:00',0,NULL,'2015-01-04 00:00:00',1.27,'2014-11-08 08:38:56','2015-01-04 21:33:22',0,0,806530,3463052,NULL),(274628665,'2014-11-08 00:00:00',0,'Meeting with Glenn Garnes','2015-01-04 00:00:00',0.47,'2014-11-08 16:14:15','2015-01-04 21:33:32',0,0,783108,3596307,NULL),(274636451,'2014-11-08 00:00:00',0,NULL,'2015-01-04 00:00:00',0.25,'2014-11-08 20:08:02','2015-01-04 21:33:40',0,0,793671,3254032,NULL),(274636457,'2014-11-08 00:00:00',0,NULL,'2015-01-04 00:00:00',1.03,'2014-11-08 20:08:13','2015-01-04 21:33:40',0,0,793671,3254032,NULL),(274636921,'2014-11-08 00:00:00',0,NULL,'2015-01-04 00:00:00',0.21,'2014-11-08 20:24:47','2015-01-04 21:33:32',0,0,783108,3254032,NULL),(274637461,'2014-11-08 00:00:00',0,NULL,'2015-01-04 00:00:00',0.21,'2014-11-08 20:42:28','2015-01-04 21:33:31',0,0,783108,3253992,NULL),(274641838,'2014-11-08 00:00:00',0,NULL,'2015-01-04 00:00:00',0.05,'2014-11-08 22:59:11','2015-01-04 21:33:31',0,0,783108,3574157,NULL),(274642195,'2014-11-08 00:00:00',0,NULL,'2015-01-04 00:00:00',0.76,'2014-11-08 23:13:42','2015-01-04 21:33:31',0,0,783108,3478497,NULL),(274643674,'2014-11-08 00:00:00',0,NULL,'2015-01-04 00:00:00',0.82,'2014-11-09 00:06:37','2015-01-04 21:33:31',0,0,783108,3463052,NULL),(274643753,'2014-11-08 00:00:00',0,NULL,'2015-01-04 00:00:00',0.77,'2014-11-09 00:10:36','2015-01-04 21:33:31',0,0,783108,3477685,NULL),(274644719,'2014-11-08 00:00:00',0,NULL,'2015-01-04 00:00:00',0.77,'2014-11-09 00:55:06','2015-01-04 21:33:31',0,0,783108,3253567,NULL),(274646420,'2014-11-08 00:00:00',0,NULL,'2015-01-04 00:00:00',1.55,'2014-11-09 02:28:43','2015-01-04 21:33:31',0,0,783108,3364869,NULL),(274647939,'2014-11-08 00:00:00',0,NULL,'2015-01-04 00:00:00',1.03,'2014-11-09 03:52:40','2015-01-04 21:33:40',0,0,793671,3364869,NULL),(274649133,'2014-11-08 00:00:00',0,NULL,'2015-01-04 00:00:00',0.17,'2014-11-09 04:41:36','2015-01-04 21:33:31',0,0,783108,3254032,NULL),(274661683,'2014-11-09 00:00:00',0,'Research. Found 1&1 to have the best pricing','2015-01-04 00:00:00',0.69,'2014-11-09 15:07:47','2015-01-04 21:33:32',0,0,783108,3253567,NULL),(274661907,'2014-11-09 00:00:00',0,NULL,'2015-01-04 00:00:00',0.14,'2014-11-09 15:13:24','2015-01-04 21:33:32',0,0,783108,3254032,NULL),(274665984,'2014-11-09 00:00:00',0,NULL,'2015-01-04 00:00:00',0.12,'2014-11-09 16:55:19','2015-01-04 21:33:32',0,0,783108,3253567,NULL),(274666257,'2014-11-09 00:00:00',0,NULL,'2015-01-04 00:00:00',0.44,'2014-11-09 17:02:22','2015-01-04 21:33:32',0,0,783108,3574157,NULL),(274667542,'2014-11-09 00:00:00',0,NULL,'2015-01-04 00:00:00',0.57,'2014-11-09 17:31:05','2015-01-04 21:33:32',0,0,783108,3593785,NULL),(274668970,'2014-11-09 00:00:00',0,NULL,'2015-01-04 00:00:00',0.07,'2014-11-09 18:05:21','2015-01-04 21:33:32',0,0,783108,3254032,NULL),(274684758,'2014-11-09 00:00:00',0,'Meeting with Alejandro - Business development','2015-01-04 00:00:00',0.42,'2014-11-09 21:57:26','2015-01-04 21:33:32',0,0,783108,3254032,NULL),(274684804,'2014-11-09 00:00:00',0,'Glenn Garnes','2015-01-04 00:00:00',3.56,'2014-11-09 21:58:01','2015-01-04 21:33:32',0,0,783108,3559987,NULL),(274696686,'2014-11-09 00:00:00',0,NULL,'2015-01-04 00:00:00',0.15,'2014-11-09 23:45:06','2015-01-04 21:33:32',0,0,783108,3266878,NULL),(274697568,'2014-11-09 00:00:00',0,NULL,'2015-01-04 00:00:00',0.37,'2014-11-09 23:54:11','2015-01-04 21:33:32',0,0,783108,3253567,NULL),(274703756,'2014-11-09 00:00:00',0,NULL,'2015-01-04 00:00:00',1.00,'2014-11-10 00:59:42','2015-01-04 21:33:32',0,0,783108,3478497,NULL),(274718957,'2014-11-09 00:00:00',0,NULL,'2015-01-04 00:00:00',0.68,'2014-11-10 03:18:31','2015-01-04 21:33:40',0,0,793671,3313391,NULL),(274719072,'2014-11-09 00:00:00',0,NULL,'2015-01-04 00:00:00',0.27,'2014-11-10 03:19:16','2015-01-04 21:33:40',0,0,793671,3291311,NULL),(274727971,'2014-11-09 00:00:00',0,NULL,'2015-01-04 00:00:00',0.20,'2014-11-10 04:35:26','2015-01-04 21:33:40',0,0,793671,3254032,NULL),(274876482,'2014-11-10 00:00:00',0,NULL,'2015-01-04 00:00:00',0.15,'2014-11-10 14:37:46','2015-01-04 21:33:32',0,0,783108,3596307,NULL),(274881951,'2014-11-10 00:00:00',0,NULL,'2015-01-04 00:00:00',0.34,'2014-11-10 14:46:29','2015-01-04 21:33:32',0,0,783108,3254032,NULL),(274930752,'2014-11-10 00:00:00',0,'Rodney Blevins','2015-01-04 00:00:00',2.08,'2014-11-10 16:01:22','2015-01-04 21:33:32',0,0,783108,3596307,NULL),(274986208,'2014-11-10 00:00:00',0,'(20 min with josh)','2015-01-04 00:00:00',0.61,'2014-11-10 17:35:49','2015-01-04 21:33:40',0,0,793671,3254032,NULL),(274992454,'2014-11-10 00:00:00',0,NULL,'2015-01-04 00:00:00',0.23,'2014-11-10 17:48:38','2015-01-04 21:33:32',0,0,783108,3253567,NULL),(274999767,'2014-11-10 00:00:00',0,NULL,'2015-01-04 00:00:00',2.01,'2014-11-10 18:03:27','2015-01-04 21:33:32',0,0,783108,3253992,NULL),(275005331,'2014-11-10 00:00:00',0,NULL,'2015-01-04 00:00:00',0.05,'2014-11-10 18:15:31','2015-01-04 21:33:40',0,0,793671,3254032,NULL),(275006105,'2014-11-10 00:00:00',0,NULL,'2015-01-04 00:00:00',0.13,'2014-11-10 18:17:19','2015-01-04 21:33:40',0,0,793671,3313390,NULL),(275007284,'2014-11-03 00:00:00',0,NULL,'2015-01-04 00:00:00',0.00,'2014-11-10 18:19:58','2015-01-04 21:33:22',0,0,806530,3463052,NULL),(275010055,'2014-11-10 00:00:00',0,'-$316.70 left in NW account, $150.30 left in BoA account after payout this week.','2015-01-04 00:00:00',0.37,'2014-11-10 18:26:38','2015-01-04 21:33:40',0,0,793671,3358283,NULL),(275012093,'2014-11-10 00:00:00',0,NULL,'2015-01-04 00:00:00',0.07,'2014-11-10 18:31:05','2015-01-04 21:33:32',0,0,783108,3574157,NULL),(275017618,'2014-11-10 00:00:00',0,NULL,'2015-01-04 00:00:00',0.37,'2014-11-10 18:43:52','2015-01-04 21:33:40',0,0,793671,3575764,NULL),(275029089,'2014-11-10 00:00:00',0,NULL,'2015-01-04 00:00:00',0.63,'2014-11-10 19:14:53','2015-01-04 21:33:32',0,0,783108,3358283,NULL),(275056943,'2014-11-10 00:00:00',0,NULL,'2015-01-04 00:00:00',1.26,'2014-11-10 20:33:00','2015-01-04 21:33:40',0,0,793671,3602716,NULL),(275057043,'2014-11-10 00:00:00',0,NULL,'2015-01-04 00:00:00',0.33,'2014-11-10 20:33:15','2015-01-04 21:33:40',0,0,793671,3253566,NULL),(275070287,'2014-11-10 00:00:00',0,NULL,'2015-01-04 00:00:00',0.35,'2014-11-10 21:09:37','2015-01-04 21:33:32',0,0,783108,3253568,NULL),(275077963,'2014-11-10 00:00:00',0,NULL,'2015-01-04 00:00:00',0.32,'2014-11-10 21:29:34','2015-01-04 21:33:40',0,0,793671,3254032,NULL),(275084011,'2014-11-10 00:00:00',0,NULL,'2015-01-04 00:00:00',0.38,'2014-11-10 21:45:56','2015-01-04 21:33:32',0,0,783108,3364869,NULL),(275087181,'2014-11-10 00:00:00',0,NULL,'2015-01-04 00:00:00',0.19,'2014-11-10 21:53:59','2015-01-04 21:33:32',0,0,783108,3291311,NULL),(275087913,'2014-11-10 00:00:00',0,NULL,'2015-01-04 00:00:00',0.16,'2014-11-10 21:55:48','2015-01-04 21:33:40',0,0,793671,3254032,NULL),(275096095,'2014-11-10 00:00:00',0,NULL,'2015-01-04 00:00:00',0.23,'2014-11-10 22:15:44','2015-01-04 21:33:40',0,0,793671,3313391,NULL),(275104271,'2014-11-10 00:00:00',0,NULL,'2015-01-04 00:00:00',1.15,'2014-11-10 22:37:00','2015-01-04 21:33:40',0,0,793671,3313390,NULL),(275108819,'2014-11-10 00:00:00',0,'research into lms applications, ways they structure their login systems.','2015-01-04 00:00:00',0.65,'2014-11-10 22:49:39','2015-01-04 21:33:40',0,0,793671,3253911,NULL),(275132866,'2014-11-10 00:00:00',0,NULL,'2015-01-04 00:00:00',1.28,'2014-11-11 00:20:46','2015-01-04 21:33:40',0,0,793671,3253566,NULL),(275164409,'2014-11-10 00:00:00',0,NULL,'2015-01-04 00:00:00',1.45,'2014-11-11 04:14:29','2015-01-04 21:33:22',0,0,806530,3559906,NULL),(275169111,'2014-11-11 00:00:00',0,NULL,'2015-01-04 00:00:00',0.47,'2014-11-11 05:04:40','2015-01-04 21:33:40',0,0,793671,3602716,NULL),(275175790,'2014-11-11 00:00:00',0,'trello concept for business, organized board, added calendar power-up, slack','2015-01-04 00:00:00',2.82,'2014-11-11 06:23:53','2015-01-04 21:33:40',0,0,793671,3313391,NULL),(275266231,'2014-11-11 00:00:00',0,'Rodney Blevins','2015-01-04 00:00:00',2.19,'2014-11-11 14:17:37','2015-01-04 21:33:32',0,0,783108,3596307,NULL),(275273975,'2014-11-11 00:00:00',0,NULL,'2015-01-04 00:00:00',0.07,'2014-11-11 14:36:42','2015-01-04 21:33:32',0,0,783108,3254032,NULL),(275285285,'2014-11-11 00:00:00',0,'Hosting, Project Management','2015-01-04 00:00:00',0.88,'2014-11-11 15:01:15','2015-01-04 21:33:32',0,0,783108,3364869,NULL),(275301880,'2014-11-11 00:00:00',0,NULL,'2015-01-04 00:00:00',1.34,'2014-11-11 15:34:03','2015-01-04 21:33:22',0,0,806530,3254032,NULL),(275311412,'2014-11-11 00:00:00',0,NULL,'2015-01-04 00:00:00',0.72,'2014-11-11 15:54:32','2015-01-04 21:33:40',0,0,793671,3254032,NULL),(275311551,'2014-11-11 00:00:00',0,'discussion of new trello board','2015-01-04 00:00:00',0.17,'2014-11-11 15:54:46','2015-01-04 21:33:40',0,0,793671,3254032,NULL),(275365259,'2014-11-11 00:00:00',0,NULL,'2015-01-04 00:00:00',0.10,'2014-11-11 18:05:29','2015-01-04 21:33:32',0,0,783108,3254032,NULL),(275369352,'2014-11-11 00:00:00',0,NULL,'2015-01-04 00:00:00',0.42,'2014-11-11 18:17:51','2015-01-04 21:33:40',0,0,793671,3313391,NULL),(275369400,'2014-11-11 00:00:00',0,NULL,'2015-01-04 00:00:00',0.27,'2014-11-11 18:17:59','2015-01-04 21:33:40',0,0,793671,3253566,NULL),(275385796,'2014-11-11 00:00:00',0,NULL,'2015-01-04 00:00:00',1.22,'2014-11-11 19:11:30','2015-01-04 21:33:40',0,0,793671,3313390,NULL),(275396375,'2014-11-11 00:00:00',0,NULL,'2015-01-04 00:00:00',0.09,'2014-11-11 19:47:10','2015-01-04 21:33:40',0,0,793671,3253911,NULL),(275409101,'2014-11-11 00:00:00',0,NULL,'2015-01-04 00:00:00',1.84,'2014-11-11 20:29:51','2015-01-04 21:33:32',0,0,783108,3533765,NULL),(275453387,'2014-11-11 00:00:00',0,NULL,'2015-01-04 00:00:00',0.25,'2014-11-11 22:53:52','2015-01-04 21:33:22',0,0,806530,3253911,NULL),(275466611,'2014-11-11 00:00:00',0,NULL,'2015-01-04 00:00:00',0.72,'2014-11-11 23:51:03','2015-01-04 21:33:32',0,0,783108,3253911,NULL),(275504201,'2014-11-11 00:00:00',0,NULL,'2015-01-04 00:00:00',0.42,'2014-11-12 05:20:24','2015-01-04 21:33:40',0,0,793671,3364869,NULL),(275504230,'2014-11-11 00:00:00',0,'development of ideas w/ josh','2015-01-04 00:00:00',0.42,'2014-11-12 05:20:48','2015-01-04 21:33:40',0,0,793671,3253992,NULL),(275504716,'2014-11-11 00:00:00',0,NULL,'2015-01-04 00:00:00',0.33,'2014-11-12 05:27:13','2015-01-04 21:33:32',0,0,783108,3364869,NULL),(275504728,'2014-11-11 00:00:00',0,NULL,'2015-01-04 00:00:00',0.25,'2014-11-12 05:27:21','2015-01-04 21:33:32',0,0,783108,3364869,NULL),(275504755,'2014-11-11 00:00:00',0,NULL,'2015-01-04 00:00:00',0.25,'2014-11-12 05:27:44','2015-01-04 21:33:40',0,0,793671,3253566,NULL),(275504921,'2014-11-11 00:00:00',0,NULL,'2015-01-04 00:00:00',0.21,'2014-11-12 05:30:18','2015-01-04 21:33:32',0,0,783108,3574157,NULL),(275658172,'2014-11-12 00:00:00',0,'Email issues. Ryan is unable to send mail to hotmail.','2015-01-04 00:00:00',0.45,'2014-11-12 16:24:43','2015-01-04 21:33:32',0,0,783108,3434036,NULL),(275670678,'2014-11-12 00:00:00',0,NULL,'2015-01-04 00:00:00',0.47,'2014-11-12 16:51:43','2015-01-04 21:33:32',0,0,783108,3254032,NULL),(275673319,'2014-11-12 00:00:00',0,NULL,'2015-01-04 00:00:00',0.16,'2014-11-12 16:57:31','2015-01-04 21:33:32',0,0,783108,3477685,NULL),(275675993,'2014-11-12 00:00:00',0,NULL,'2015-01-04 00:00:00',0.35,'2014-11-12 17:03:15','2015-01-04 21:33:40',0,0,793671,3253567,NULL),(275676043,'2014-11-12 00:00:00',0,NULL,'2015-01-04 00:00:00',1.85,'2014-11-12 17:03:22','2015-01-04 21:33:40',0,0,793671,3313390,NULL),(275677864,'2014-11-12 00:00:00',0,'Rodney Blevins: Importing contacts','2015-01-04 00:00:00',1.18,'2014-11-12 17:07:19','2015-01-04 21:33:32',0,0,783108,3596307,NULL),(275691134,'2014-11-12 00:00:00',0,NULL,'2015-01-04 00:00:00',0.18,'2014-11-12 17:40:13','2015-01-04 21:33:32',0,0,783108,3266878,NULL),(275699208,'2014-11-12 00:00:00',0,NULL,'2015-01-04 00:00:00',0.36,'2014-11-12 18:01:29','2015-01-04 21:33:32',0,0,783108,3253567,NULL),(275703268,'2014-11-12 00:00:00',0,NULL,'2015-01-04 00:00:00',0.04,'2014-11-12 18:13:20','2015-01-04 21:33:32',0,0,783108,3253568,NULL),(275703534,'2014-11-12 00:00:00',0,'organization for the day, trello cards, slack, worked on organize','2015-01-04 00:00:00',1.42,'2014-11-12 18:14:04','2015-01-04 21:33:40',0,0,793671,3313391,NULL),(275703618,'2014-11-12 00:00:00',0,NULL,'2015-01-04 00:00:00',0.30,'2014-11-12 18:14:16','2015-01-04 21:33:40',0,0,793671,3253566,NULL),(275703786,'2014-11-12 00:00:00',0,'communicaton, set up gallery on picture website, etc','2015-01-04 00:00:00',0.42,'2014-11-12 18:14:47','2015-01-04 21:33:40',0,0,793671,3317020,NULL),(275706531,'2014-11-12 00:00:00',0,NULL,'2015-01-04 00:00:00',1.22,'2014-11-12 18:23:14','2015-01-04 21:33:32',0,0,783108,3253992,NULL),(275708474,'2014-11-12 00:00:00',0,'trackvia research, emailed sales rep about trackvia and the company\'s needs','2015-01-04 00:00:00',0.52,'2014-11-12 18:29:00','2015-01-04 21:33:40',0,0,793671,3313391,NULL),(275735071,'2014-11-12 00:00:00',0,NULL,'2015-01-04 00:00:00',1.45,'2014-11-12 19:51:18','2015-01-04 21:33:40',0,0,793671,3313391,NULL),(275744839,'2014-11-12 00:00:00',0,NULL,'2015-01-04 00:00:00',0.05,'2014-11-12 20:21:41','2015-01-04 21:33:32',0,0,783108,3253992,NULL),(275747530,'2014-11-12 00:00:00',0,NULL,'2015-01-04 00:00:00',0.35,'2014-11-12 20:30:19','2015-01-04 21:33:32',0,0,783108,3364869,NULL),(275755617,'2014-11-12 00:00:00',0,NULL,'2015-01-04 00:00:00',0.35,'2014-11-12 20:55:04','2015-01-04 21:33:40',0,0,793671,3364869,NULL),(275767749,'2014-11-12 00:00:00',0,NULL,'2015-01-04 00:00:00',0.02,'2014-11-12 21:31:07','2015-01-04 21:33:32',0,0,783108,3254032,NULL),(275776853,'2014-11-12 00:00:00',0,NULL,'2015-01-04 00:00:00',0.60,'2014-11-12 21:58:03','2015-01-04 21:33:32',0,0,783108,3253567,NULL),(275784434,'2014-11-12 00:00:00',0,'http://www.tastekid.com\nhttp://www.cobase.cs.ucla.edu/tech-docs/jmhek/snrs.pdf\nhttp://www.academia.edu/1467307/Social_Networks_and_Recommender_Systems_A_World_of_Current_and_Future_Synergies\nhttp://mobblog.cs.ucl.ac.uk/datasets/\nhttp://kevinchai.net/datasets\nhttp://courses.cs.washington.edu/courses/cse140/13wi/homework/hw4/homework4.html\nhttp://www.google.com/trends/topcharts#cid','2015-01-04 00:00:00',0.45,'2014-11-12 22:17:48','2015-01-04 21:33:40',0,0,793671,3253911,NULL),(275798684,'2014-11-12 00:00:00',0,NULL,'2015-01-04 00:00:00',0.05,'2014-11-12 23:02:09','2015-01-04 21:33:32',0,0,783108,3291311,NULL),(275799708,'2014-11-12 00:00:00',0,NULL,'2015-01-04 00:00:00',0.10,'2014-11-12 23:05:53','2015-01-04 21:33:40',0,0,793671,3254032,NULL),(275815987,'2014-11-12 00:00:00',0,'page hierarchy system','2015-01-04 00:00:00',0.33,'2014-11-13 00:14:47','2015-01-04 21:33:40',0,0,793671,3253567,NULL),(275817990,'2014-11-12 00:00:00',0,NULL,'2015-01-04 00:00:00',0.98,'2014-11-13 00:24:41','2015-01-04 21:33:40',0,0,793671,3313390,NULL),(275829818,'2014-11-12 00:00:00',0,NULL,'2015-01-04 00:00:00',0.45,'2014-11-13 01:31:28','2015-01-04 21:33:40',0,0,793671,3313390,NULL),(275844362,'2014-11-12 00:00:00',0,NULL,'2015-01-04 00:00:00',0.07,'2014-11-13 03:39:33','2015-01-04 21:33:32',0,0,783108,3253992,NULL),(275844708,'2014-11-12 00:00:00',0,NULL,'2015-01-04 00:00:00',0.27,'2014-11-13 03:43:27','2015-01-04 21:33:32',0,0,783108,3434036,NULL),(275942751,'2014-11-13 00:00:00',0,NULL,'2015-01-04 00:00:00',0.65,'2014-11-13 14:08:14','2015-01-04 21:33:32',0,0,783108,3254032,NULL),(275961100,'2014-11-13 00:00:00',0,NULL,'2015-01-04 00:00:00',0.58,'2014-11-13 14:49:52','2015-01-04 21:33:32',0,0,783108,3434036,NULL),(276000046,'2014-11-13 00:00:00',0,'Rodney Blevins','2015-01-04 00:00:00',0.17,'2014-11-13 16:17:27','2015-01-04 21:33:32',0,0,783108,3596307,NULL),(276008423,'2014-11-13 00:00:00',0,NULL,'2015-01-04 00:00:00',3.29,'2014-11-13 16:35:01','2015-01-04 21:33:32',0,0,783108,3512621,NULL),(276034909,'2014-11-13 00:00:00',0,NULL,'2015-01-04 00:00:00',0.32,'2014-11-13 17:34:41','2015-01-04 21:33:32',0,0,783108,3253568,NULL),(276042091,'2014-11-13 00:00:00',0,NULL,'2015-01-04 00:00:00',0.35,'2014-11-13 17:53:55','2015-01-04 21:33:40',0,0,793671,3602716,NULL),(276042944,'2014-11-13 00:00:00',0,NULL,'2015-01-04 00:00:00',0.45,'2014-11-13 17:55:55','2015-01-04 21:33:32',0,0,783108,3291311,NULL),(276043295,'2014-11-13 00:00:00',0,NULL,'2015-01-04 00:00:00',0.58,'2014-11-13 17:56:42','2015-01-04 21:33:40',0,0,793671,3291311,NULL),(276052471,'2014-11-13 00:00:00',0,NULL,'2015-01-04 00:00:00',0.18,'2014-11-13 18:24:14','2015-01-04 21:33:32',0,0,783108,3253567,NULL),(276057804,'2014-11-13 00:00:00',0,'looking into different lms\'s, and component research','2015-01-04 00:00:00',1.63,'2014-11-13 18:41:50','2015-01-04 21:33:40',0,0,793671,3512621,NULL),(276082919,'2014-11-13 00:00:00',0,NULL,'2015-01-04 00:00:00',0.68,'2014-11-13 20:00:17','2015-01-04 21:33:40',0,0,793671,3313391,NULL),(276085704,'2014-11-13 00:00:00',0,'Stripping ESM','2015-01-04 00:00:00',2.00,'2014-11-13 20:09:25','2015-01-04 21:33:32',0,0,783108,3253992,NULL),(276087185,'2014-11-13 00:00:00',0,NULL,'2015-01-04 00:00:00',0.87,'2014-11-13 20:14:07','2015-01-04 21:33:40',0,0,793671,3253992,NULL),(276105813,'2014-11-13 00:00:00',0,NULL,'2015-01-04 00:00:00',1.09,'2014-11-13 21:12:09','2015-01-04 21:33:40',0,0,793671,3313390,NULL),(276150891,'2014-11-13 00:00:00',0,NULL,'2015-01-04 00:00:00',0.83,'2014-11-13 23:35:34','2015-01-04 21:33:40',0,0,793671,3325439,NULL),(276183804,'2014-11-13 00:00:00',0,NULL,'2015-01-04 00:00:00',1.18,'2014-11-14 03:05:13','2015-01-04 21:33:32',0,0,783108,3574157,NULL),(276198035,'2014-11-14 00:00:00',0,NULL,'2015-01-04 00:00:00',0.92,'2014-11-14 05:30:37','2015-01-04 21:33:40',0,0,793671,3313390,NULL),(276200004,'2014-11-14 00:00:00',0,NULL,'2015-01-04 00:00:00',0.63,'2014-11-14 05:50:14','2015-01-04 21:33:32',0,0,783108,3253992,NULL),(276201100,'2014-11-14 00:00:00',0,NULL,'2015-01-04 00:00:00',0.51,'2014-11-14 06:00:59','2015-01-04 21:33:22',0,0,806530,3253911,NULL),(276201279,'2014-11-10 00:00:00',0,NULL,'2015-01-04 00:00:00',2.12,'2014-11-14 06:02:40','2015-01-04 21:33:22',0,0,806530,3253911,NULL),(276204309,'2014-11-14 00:00:00',0,NULL,'2015-01-04 00:00:00',0.34,'2014-11-14 06:27:59','2015-01-04 21:33:32',0,0,783108,3253992,NULL),(276313641,'2014-11-14 00:00:00',0,NULL,'2015-01-04 00:00:00',0.72,'2014-11-14 15:02:12','2015-01-04 21:33:32',0,0,783108,3364869,NULL),(276329272,'2014-11-14 00:00:00',0,NULL,'2015-01-04 00:00:00',0.80,'2014-11-14 15:31:45','2015-01-04 21:33:40',0,0,793671,3364869,NULL),(276341014,'2014-11-14 00:00:00',0,NULL,'2015-01-04 00:00:00',0.82,'2014-11-14 15:53:54','2015-01-04 21:33:32',0,0,783108,3254032,NULL),(276373171,'2014-11-14 00:00:00',0,NULL,'2015-01-04 00:00:00',0.17,'2014-11-14 16:48:50','2015-01-04 21:33:32',0,0,783108,3254032,NULL),(276373485,'2014-11-14 00:00:00',0,NULL,'2015-01-04 00:00:00',0.05,'2014-11-14 16:49:23','2015-01-04 21:33:32',0,0,783108,3512621,NULL),(276374008,'2014-11-14 00:00:00',0,NULL,'2015-01-04 00:00:00',0.03,'2014-11-14 16:50:25','2015-01-04 21:33:32',0,0,783108,3253567,NULL),(276374791,'2014-11-14 00:00:00',0,NULL,'2015-01-04 00:00:00',2.62,'2014-11-14 16:52:09','2015-01-04 21:33:32',0,0,783108,3253992,NULL),(276387872,'2014-11-14 00:00:00',0,NULL,'2015-01-04 00:00:00',0.18,'2014-11-14 17:18:37','2015-01-04 21:33:40',0,0,793671,3291311,NULL),(276392888,'2014-11-14 00:00:00',0,'teacher gradebook','2015-01-04 00:00:00',3.15,'2014-11-14 17:29:43','2015-01-04 21:33:40',0,0,793671,3313390,NULL),(276393001,'2014-11-14 00:00:00',0,NULL,'2015-01-04 00:00:00',0.30,'2014-11-14 17:29:57','2015-01-04 21:33:40',0,0,793671,3253992,NULL),(276403590,'2014-11-14 00:00:00',0,NULL,'2015-01-04 00:00:00',0.77,'2014-11-14 17:55:45','2015-01-04 21:33:40',0,0,793671,3254032,NULL),(276463246,'2014-11-14 00:00:00',0,NULL,'2015-01-04 00:00:00',0.26,'2014-11-14 20:42:36','2015-01-04 21:33:40',0,0,793671,3253566,NULL),(276469784,'2014-11-14 00:00:00',0,NULL,'2015-01-04 00:00:00',0.12,'2014-11-14 21:00:56','2015-01-04 21:33:32',0,0,783108,3253567,NULL),(276470124,'2014-11-14 00:00:00',0,NULL,'2015-01-04 00:00:00',0.07,'2014-11-14 21:01:44','2015-01-04 21:33:32',0,0,783108,3253567,NULL),(276471909,'2014-11-14 00:00:00',0,NULL,'2015-01-04 00:00:00',0.42,'2014-11-14 21:05:57','2015-01-04 21:33:40',0,0,793671,3364869,NULL),(276474622,'2014-11-14 00:00:00',0,NULL,'2015-01-04 00:00:00',0.41,'2014-11-14 21:11:57','2015-01-04 21:33:32',0,0,783108,3364869,NULL),(276490468,'2014-11-14 00:00:00',0,NULL,'2015-01-04 00:00:00',0.40,'2014-11-14 21:40:22','2015-01-04 21:33:40',0,0,793671,3512621,NULL),(276492320,'2014-11-14 00:00:00',0,NULL,'2015-01-04 00:00:00',3.58,'2014-11-14 21:44:24','2015-01-04 21:33:32',0,0,783108,3618405,NULL),(276583838,'2014-11-15 00:00:00',0,NULL,'2015-01-04 00:00:00',0.10,'2014-11-15 15:16:15','2015-01-04 21:33:32',0,0,783108,3253567,NULL),(276584044,'2014-11-15 00:00:00',0,NULL,'2015-01-04 00:00:00',0.06,'2014-11-15 15:22:29','2015-01-04 21:33:32',0,0,783108,3253605,NULL),(276584173,'2014-11-15 00:00:00',0,NULL,'2015-01-04 00:00:00',0.28,'2014-11-15 15:25:56','2015-01-04 21:33:32',0,0,783108,3434036,NULL),(276584847,'2014-11-15 00:00:00',0,NULL,'2015-01-04 00:00:00',0.15,'2014-11-15 15:42:54','2015-01-04 21:33:32',0,0,783108,3254032,NULL),(276585024,'2014-11-15 00:00:00',0,NULL,'2015-01-04 00:00:00',0.66,'2014-11-15 15:48:14','2015-01-04 21:33:32',0,0,783108,3317020,NULL),(276585229,'2014-11-15 00:00:00',0,'Glenn Garnes','2015-01-04 00:00:00',1.58,'2014-11-15 15:53:16','2015-01-04 21:33:32',0,0,783108,3559987,NULL),(276586804,'2014-11-15 00:00:00',0,NULL,'2015-01-04 00:00:00',0.08,'2014-11-15 16:36:37','2015-01-04 21:33:32',0,0,783108,3434036,NULL),(276587473,'2014-11-15 00:00:00',0,NULL,'2015-01-04 00:00:00',0.62,'2014-11-15 16:52:56','2015-01-04 21:33:32',0,0,783108,3559987,NULL),(276588469,'2014-11-15 00:00:00',0,'complete cleanup of web directory','2015-01-04 00:00:00',1.43,'2014-11-15 17:20:01','2015-01-04 21:33:40',0,0,793671,3313391,NULL),(276590342,'2014-11-15 00:00:00',0,NULL,'2015-01-04 00:00:00',0.10,'2014-11-15 18:01:34','2015-01-04 21:33:32',0,0,783108,3477685,NULL),(276590554,'2014-11-15 00:00:00',0,NULL,'2015-01-04 00:00:00',0.25,'2014-11-15 18:07:46','2015-01-04 21:33:32',0,0,783108,3253911,NULL),(276592075,'2014-11-15 00:00:00',0,NULL,'2015-01-04 00:00:00',2.31,'2014-11-15 18:47:25','2015-01-04 21:33:32',0,0,783108,3618405,NULL),(276593442,'2014-11-15 00:00:00',0,NULL,'2015-01-04 00:00:00',0.62,'2014-11-15 19:30:33','2015-01-04 21:33:40',0,0,793671,3313390,NULL),(276595301,'2014-11-15 00:00:00',0,'Research','2015-01-04 00:00:00',1.00,'2014-11-15 20:27:13','2015-01-04 21:33:32',0,0,783108,3253567,NULL),(276595468,'2014-11-15 00:00:00',0,NULL,'2015-01-04 00:00:00',0.50,'2014-11-15 20:30:41','2015-01-04 21:33:40',0,0,793671,3364869,NULL),(276596140,'2014-11-15 00:00:00',0,NULL,'2015-01-04 00:00:00',1.97,'2014-11-15 20:50:23','2015-01-04 21:33:32',0,0,783108,3364869,NULL),(276596670,'2014-11-15 00:00:00',0,NULL,'2015-01-04 00:00:00',0.10,'2014-11-15 21:07:14','2015-01-04 21:33:32',0,0,783108,3254032,NULL),(276596874,'2014-11-15 00:00:00',0,NULL,'2015-01-04 00:00:00',0.33,'2014-11-15 21:13:47','2015-01-04 21:33:40',0,0,793671,3364869,NULL),(276599960,'2014-11-15 00:00:00',0,NULL,'2015-01-04 00:00:00',3.01,'2014-11-15 22:47:16','2015-01-04 21:33:40',0,0,793671,3313390,NULL),(276603648,'2014-11-15 00:00:00',0,NULL,'2015-01-04 00:00:00',0.68,'2014-11-16 01:05:48','2015-01-04 21:33:32',0,0,783108,3478497,NULL),(276605856,'2014-11-15 00:00:00',0,'testing before meeting','2015-01-04 00:00:00',0.13,'2014-11-16 02:46:45','2015-01-04 21:33:40',0,0,793671,3313391,NULL),(276607989,'2014-11-15 00:00:00',0,NULL,'2015-01-04 00:00:00',1.31,'2014-11-16 04:47:11','2015-01-04 21:33:40',0,0,793671,3364869,NULL),(276608477,'2014-11-16 00:00:00',0,NULL,'2015-01-04 00:00:00',0.02,'2014-11-16 05:13:28','2015-01-04 21:33:32',0,0,783108,3254032,NULL),(276627779,'2014-11-16 00:00:00',0,NULL,'2015-01-04 00:00:00',0.24,'2014-11-16 17:29:43','2015-01-04 21:33:32',0,0,783108,3254032,NULL),(276628583,'2014-11-16 00:00:00',0,NULL,'2015-01-04 00:00:00',0.07,'2014-11-16 17:42:10','2015-01-04 21:33:32',0,0,783108,3569713,NULL),(276628616,'2014-11-16 00:00:00',0,NULL,'2015-01-04 00:00:00',4.19,'2014-11-16 17:42:46','2015-01-04 21:33:22',0,0,806530,3253911,NULL),(276629205,'2014-11-16 00:00:00',0,NULL,'2015-01-04 00:00:00',0.34,'2014-11-16 17:54:31','2015-01-04 21:33:32',0,0,783108,3620655,NULL),(276631952,'2014-11-16 00:00:00',0,NULL,'2015-01-04 00:00:00',0.15,'2014-11-16 18:44:54','2015-01-04 21:33:32',0,0,783108,3574157,NULL),(276632423,'2014-11-16 00:00:00',0,'Ruby - Code Academy','2015-01-04 00:00:00',0.97,'2014-11-16 18:53:59','2015-01-04 21:33:32',0,0,783108,3560422,NULL),(276634482,'2014-11-16 00:00:00',0,NULL,'2015-01-04 00:00:00',2.83,'2014-11-16 19:29:19','2015-01-04 21:33:40',0,0,793671,3602716,NULL),(276634494,'2014-11-16 00:00:00',0,NULL,'2015-01-04 00:00:00',1.30,'2014-11-16 19:29:33','2015-01-04 21:33:40',0,0,793671,3313390,NULL),(276637673,'2014-11-16 00:00:00',0,NULL,'2015-01-04 00:00:00',0.05,'2014-11-16 20:21:21','2015-01-04 21:33:32',0,0,783108,3522794,NULL),(276637935,'2014-11-16 00:00:00',0,'Organize - moving to Laravel','2015-01-04 00:00:00',3.96,'2014-11-16 20:25:55','2015-01-04 21:33:32',0,0,783108,3620856,NULL),(276643690,'2014-11-16 00:00:00',0,'mamp issue','2015-01-04 00:00:00',0.27,'2014-11-16 21:37:34','2015-01-04 21:33:40',0,0,793671,3253566,NULL),(276957914,'2014-11-17 00:00:00',0,NULL,'2015-01-04 00:00:00',0.17,'2014-11-17 17:17:30','2015-01-04 21:33:32',0,0,783108,3254032,NULL),(276963955,'2014-11-17 00:00:00',0,NULL,'2015-01-04 00:00:00',0.23,'2014-11-17 17:27:58','2015-01-04 21:33:32',0,0,783108,3253606,NULL),(276964320,'2014-11-17 00:00:00',0,'mamp configuration','2015-01-04 00:00:00',0.28,'2014-11-17 17:28:37','2015-01-04 21:33:40',0,0,793671,3313391,NULL),(276964454,'2014-11-17 00:00:00',0,NULL,'2015-01-04 00:00:00',1.95,'2014-11-17 17:28:51','2015-01-04 21:33:40',0,0,793671,3253605,NULL),(276973777,'2014-11-17 00:00:00',0,NULL,'2015-01-04 00:00:00',0.17,'2014-11-17 17:44:53','2015-01-04 21:33:32',0,0,783108,3434036,NULL),(276973872,'2014-11-17 00:00:00',0,NULL,'2015-01-04 00:00:00',0.11,'2014-11-17 17:45:04','2015-01-04 21:33:32',0,0,783108,3254032,NULL),(276982085,'2014-11-17 00:00:00',0,'Quintus McDonald','2015-01-04 00:00:00',0.36,'2014-11-17 18:00:36','2015-01-04 21:33:32',0,0,783108,3559987,NULL),(276982509,'2014-11-17 00:00:00',0,NULL,'2015-01-04 00:00:00',0.53,'2014-11-17 18:01:29','2015-01-04 21:33:40',0,0,793671,3253566,NULL),(276990614,'2014-11-17 00:00:00',0,NULL,'2015-01-04 00:00:00',0.99,'2014-11-17 18:18:54','2015-01-04 21:33:22',0,0,806530,3253911,NULL),(276991471,'2014-11-17 00:00:00',0,'Glenn Garnes','2015-01-04 00:00:00',0.81,'2014-11-17 18:21:13','2015-01-04 21:33:32',0,0,783108,3559987,NULL),(277004906,'2014-11-17 00:00:00',0,NULL,'2015-01-04 00:00:00',0.76,'2014-11-17 18:50:20','2015-01-04 21:33:32',0,0,783108,3253566,NULL),(277020224,'2014-11-17 00:00:00',0,'Rick Rowe','2015-01-04 00:00:00',0.18,'2014-11-17 19:25:53','2015-01-04 21:33:32',0,0,783108,3623920,NULL),(277031653,'2014-11-17 00:00:00',0,NULL,'2015-01-04 00:00:00',1.18,'2014-11-17 19:52:34','2015-01-04 21:33:32',0,0,783108,3253567,NULL),(277033033,'2014-11-17 00:00:00',0,NULL,'2015-01-04 00:00:00',0.55,'2014-11-17 19:56:07','2015-01-04 21:33:32',0,0,783108,3364869,NULL),(277040761,'2014-11-17 00:00:00',0,NULL,'2015-01-04 00:00:00',0.17,'2014-11-17 20:15:56','2015-01-04 21:33:40',0,0,793671,3291311,NULL),(277046398,'2014-11-17 00:00:00',0,NULL,'2015-01-04 00:00:00',0.20,'2014-11-17 20:28:33','2015-01-04 21:33:40',0,0,793671,3254032,NULL),(277123056,'2014-11-17 00:00:00',0,NULL,'2015-01-04 00:00:00',0.17,'2014-11-17 21:11:01','2015-01-04 21:33:32',0,0,783108,3358283,NULL),(277123456,'2014-11-17 00:00:00',0,NULL,'2015-01-04 00:00:00',0.55,'2014-11-17 21:11:12','2015-01-04 21:33:40',0,0,793671,3364869,NULL),(277123724,'2014-11-17 00:00:00',0,'finances','2015-01-04 00:00:00',0.11,'2014-11-17 21:11:20','2015-01-04 21:33:40',0,0,793671,3364869,NULL),(277158971,'2014-11-17 00:00:00',0,NULL,'2015-01-04 00:00:00',0.00,'2014-11-17 21:38:12','2015-01-04 21:33:32',0,0,783108,3254032,NULL),(277187754,'2014-11-17 00:00:00',0,NULL,'2015-01-04 00:00:00',0.82,'2014-11-17 22:47:15','2015-01-04 21:33:40',0,0,793671,3313390,NULL),(277189549,'2014-11-17 00:00:00',0,NULL,'2015-01-04 00:00:00',0.93,'2014-11-17 22:51:53','2015-01-04 21:33:40',0,0,793671,3313390,NULL),(277195127,'2014-11-17 00:00:00',0,NULL,'2015-01-04 00:00:00',0.35,'2014-11-17 23:07:40','2015-01-04 21:33:32',0,0,783108,3317020,NULL),(277221237,'2014-11-17 00:00:00',0,NULL,'2015-01-04 00:00:00',0.27,'2014-11-18 00:50:09','2015-01-04 21:33:40',0,0,793671,3602716,NULL),(277224441,'2014-11-17 00:00:00',0,'Internal Meeting','2015-01-04 00:00:00',0.55,'2014-11-18 01:04:13','2015-01-04 21:33:32',0,0,783108,3254032,NULL),(277224603,'2014-11-17 00:00:00',0,NULL,'2015-01-04 00:00:00',1.20,'2014-11-18 01:04:57','2015-01-04 21:33:22',0,0,806530,3254032,NULL),(277261165,'2014-11-17 00:00:00',0,'hosting call with josh and dylan','2015-01-04 00:00:00',0.58,'2014-11-18 01:39:05','2015-01-04 21:33:40',0,0,793671,3364869,NULL),(277346211,'2014-11-17 00:00:00',0,NULL,'2015-01-04 00:00:00',0.78,'2014-11-18 02:57:53','2015-01-04 21:33:32',0,0,783108,3478497,NULL),(277347712,'2014-11-17 00:00:00',0,NULL,'2015-01-04 00:00:00',0.77,'2014-11-18 03:10:59','2015-01-04 21:33:32',0,0,783108,3477685,NULL),(277356157,'2014-11-17 00:00:00',0,NULL,'2015-01-04 00:00:00',0.26,'2014-11-18 04:30:48','2015-01-04 21:33:32',0,0,783108,3618405,NULL),(277358761,'2014-11-17 00:00:00',0,NULL,'2015-01-04 00:00:00',1.08,'2014-11-18 04:56:37','2015-01-04 21:33:22',0,0,806530,3291311,NULL),(277359184,'2014-11-17 00:00:00',0,NULL,'2015-01-04 00:00:00',0.70,'2014-11-18 05:00:59','2015-01-04 21:33:40',0,0,793671,3291311,NULL),(277359240,'2014-11-18 00:00:00',0,NULL,'2015-01-04 00:00:00',0.72,'2014-11-18 05:01:24','2015-01-04 21:33:40',0,0,793671,3291311,NULL),(277365032,'2014-11-18 00:00:00',0,NULL,'2015-01-04 00:00:00',0.73,'2014-11-18 06:06:54','2015-01-04 21:33:40',0,0,793671,3253605,NULL),(277367805,'2014-11-18 00:00:00',0,NULL,'2015-01-04 00:00:00',1.92,'2014-11-18 06:30:04','2015-01-04 21:33:40',0,0,793671,3313390,NULL),(277493786,'2014-11-18 00:00:00',0,NULL,'2015-01-04 00:00:00',0.30,'2014-11-18 15:22:16','2015-01-04 21:33:32',0,0,783108,3254032,NULL),(277497470,'2014-11-18 00:00:00',0,'Meeting','2015-01-04 00:00:00',0.60,'2014-11-18 15:29:57','2015-01-04 21:33:32',0,0,783108,3254032,NULL),(277514900,'2014-11-18 00:00:00',0,NULL,'2015-01-04 00:00:00',0.04,'2014-11-18 16:06:07','2015-01-04 21:33:32',0,0,783108,3254032,NULL),(277515952,'2014-11-18 00:00:00',0,NULL,'2015-01-04 00:00:00',0.52,'2014-11-18 16:08:25','2015-01-04 21:33:32',0,0,783108,3253567,NULL),(277534265,'2014-11-18 00:00:00',0,NULL,'2015-01-04 00:00:00',0.36,'2014-11-18 16:46:44','2015-01-04 21:33:32',0,0,783108,3418965,NULL),(277535046,'2014-11-18 00:00:00',0,NULL,'2015-01-04 00:00:00',0.43,'2014-11-18 16:48:28','2015-01-04 21:33:40',0,0,793671,3254032,NULL),(277557766,'2014-11-18 00:00:00',0,NULL,'2015-01-04 00:00:00',0.20,'2014-11-18 17:37:38','2015-01-04 21:33:32',0,0,783108,3253567,NULL),(277557831,'2014-11-18 00:00:00',0,NULL,'2015-01-04 00:00:00',1.87,'2014-11-18 17:37:47','2015-01-04 21:33:32',0,0,783108,3434036,NULL),(277568845,'2014-11-18 00:00:00',0,NULL,'2015-01-04 00:00:00',0.04,'2014-11-18 18:03:33','2015-01-04 21:33:22',0,0,806530,3463052,NULL),(277576151,'2014-11-18 00:00:00',0,NULL,'2015-01-04 00:00:00',0.77,'2014-11-18 18:24:26','2015-01-04 21:33:32',0,0,783108,3618405,NULL),(277577461,'2014-11-18 00:00:00',0,'student gradebook page','2015-01-04 00:00:00',1.32,'2014-11-18 18:28:03','2015-01-04 21:33:40',0,0,793671,3313390,NULL),(277611595,'2014-11-18 00:00:00',0,NULL,'2015-01-04 00:00:00',0.15,'2014-11-18 20:06:44','2015-01-04 21:33:40',0,0,793671,3291311,NULL),(277619016,'2014-11-18 00:00:00',0,NULL,'2015-01-04 00:00:00',0.35,'2014-11-18 20:30:14','2015-01-04 21:33:32',0,0,783108,3364869,NULL),(277626726,'2014-11-18 00:00:00',0,'phone call with josh','2015-01-04 00:00:00',0.17,'2014-11-18 20:54:19','2015-01-04 21:33:40',0,0,793671,3364869,NULL),(277626772,'2014-11-18 00:00:00',0,'phone call with josh','2015-01-04 00:00:00',0.17,'2014-11-18 20:54:25','2015-01-04 21:33:40',0,0,793671,3364869,NULL),(277644432,'2014-11-18 00:00:00',0,'javascript for student gradebook page','2015-01-04 00:00:00',0.35,'2014-11-18 21:44:49','2015-01-04 21:33:40',0,0,793671,3568081,NULL),(277646211,'2014-11-18 00:00:00',0,'set up trello for dylan, made boards, made to-do list','2015-01-04 00:00:00',0.57,'2014-11-18 21:49:43','2015-01-04 21:33:40',0,0,793671,3313391,NULL),(277646267,'2014-11-18 00:00:00',0,'looked over portfolio and stocks within it','2015-01-04 00:00:00',0.28,'2014-11-18 21:49:55','2015-01-04 21:33:40',0,0,793671,3253566,NULL),(277653892,'2014-11-18 00:00:00',0,NULL,'2015-01-04 00:00:00',0.14,'2014-11-18 22:10:55','2015-01-04 21:33:32',0,0,783108,3477685,NULL),(277655086,'2014-11-18 00:00:00',0,NULL,'2015-01-04 00:00:00',0.17,'2014-11-18 22:14:29','2015-01-04 21:33:40',0,0,793671,3254032,NULL),(277657839,'2014-11-18 00:00:00',0,NULL,'2015-01-04 00:00:00',1.48,'2014-11-18 22:22:46','2015-01-04 21:33:32',0,0,783108,3253911,NULL),(277661551,'2014-11-18 00:00:00',0,NULL,'2015-01-04 00:00:00',0.18,'2014-11-18 22:33:55','2015-01-04 21:33:32',0,0,783108,3313390,NULL),(277664122,'2014-11-18 00:00:00',0,NULL,'2015-01-04 00:00:00',0.40,'2014-11-18 22:41:55','2015-01-04 21:33:40',0,0,793671,3254032,NULL),(277664513,'2014-11-18 00:00:00',0,NULL,'2015-01-04 00:00:00',0.52,'2014-11-18 22:43:11','2015-01-04 21:33:32',0,0,783108,3522794,NULL),(277687669,'2014-11-18 00:00:00',0,'Organize','2015-01-04 00:00:00',0.35,'2014-11-19 00:11:02','2015-01-04 21:33:32',0,0,783108,3620856,NULL),(277711048,'2014-11-18 00:00:00',0,NULL,'2015-01-04 00:00:00',0.08,'2014-11-19 02:41:55','2015-01-04 21:33:32',0,0,783108,3253992,NULL),(277711569,'2014-11-18 00:00:00',0,'Tim Nebergall\'s client','2015-01-04 00:00:00',1.68,'2014-11-19 02:46:35','2015-01-04 21:33:32',0,0,783108,3253992,NULL),(277714258,'2014-11-18 00:00:00',0,NULL,'2015-01-04 00:00:00',0.16,'2014-11-19 03:11:56','2015-01-04 21:33:40',0,0,793671,3525417,NULL),(277716621,'2014-11-18 00:00:00',0,NULL,'2015-01-04 00:00:00',0.33,'2014-11-19 03:33:52','2015-01-04 21:33:40',0,0,793671,3313390,NULL),(277722620,'2014-11-18 00:00:00',0,NULL,'2015-01-04 00:00:00',0.06,'2014-11-19 04:37:29','2015-01-04 21:33:32',0,0,783108,3254032,NULL),(277724581,'2014-11-18 00:00:00',0,NULL,'2015-01-04 00:00:00',0.77,'2014-11-19 05:01:10','2015-01-04 21:33:40',0,0,793671,3602716,NULL),(277725522,'2014-11-19 00:00:00',0,'tier 27 site','2015-01-04 00:00:00',0.22,'2014-11-19 05:11:04','2015-01-04 21:33:40',0,0,793671,3313390,NULL),(277728107,'2014-11-19 00:00:00',0,NULL,'2015-01-04 00:00:00',1.48,'2014-11-19 05:41:04','2015-01-04 21:33:40',0,0,793671,3313390,NULL),(277887432,'2014-11-19 00:00:00',0,NULL,'2015-01-04 00:00:00',0.26,'2014-11-19 16:42:14','2015-01-04 21:33:32',0,0,783108,3254032,NULL),(277889342,'2014-11-19 00:00:00',0,NULL,'2015-01-04 00:00:00',0.06,'2014-11-19 16:46:45','2015-01-04 21:33:32',0,0,783108,3254032,NULL),(277890710,'2014-11-19 00:00:00',0,'Tim\'s client, Wendy Sosik','2015-01-04 00:00:00',1.02,'2014-11-19 16:50:07','2015-01-04 21:33:32',0,0,783108,3623920,NULL),(277894933,'2014-11-19 00:00:00',0,'Email blacklists','2015-01-04 00:00:00',0.60,'2014-11-19 16:59:29','2015-01-04 21:33:32',0,0,783108,3623920,NULL),(277904327,'2014-11-19 00:00:00',0,NULL,'2015-01-04 00:00:00',0.23,'2014-11-19 17:21:02','2015-01-04 21:33:40',0,0,793671,3253566,NULL),(277904444,'2014-11-19 00:00:00',0,'bank of america, ordered checks','2015-01-04 00:00:00',0.35,'2014-11-19 17:21:20','2015-01-04 21:33:40',0,0,793671,3253605,NULL),(277904574,'2014-11-19 00:00:00',0,NULL,'2015-01-04 00:00:00',2.82,'2014-11-19 17:21:42','2015-01-04 21:33:40',0,0,793671,3313390,NULL),(277943948,'2014-11-19 00:00:00',0,NULL,'2015-01-04 00:00:00',0.13,'2014-11-19 19:11:34','2015-01-04 21:33:40',0,0,793671,3291311,NULL),(277945893,'2014-11-19 00:00:00',0,'slack - added GitHub and Trello integrations, meeting with josh','2015-01-04 00:00:00',1.48,'2014-11-19 19:17:22','2015-01-04 21:33:40',0,0,793671,3313391,NULL),(277950560,'2014-11-19 00:00:00',0,NULL,'2015-01-04 00:00:00',0.20,'2014-11-19 19:31:58','2015-01-04 21:33:40',0,0,793671,3358283,NULL),(277965093,'2014-11-19 00:00:00',0,NULL,'2015-01-04 00:00:00',0.23,'2014-11-19 20:17:43','2015-01-04 21:33:32',0,0,783108,3434036,NULL),(277970375,'2014-11-19 00:00:00',0,NULL,'2015-01-04 00:00:00',0.78,'2014-11-19 20:31:19','2015-01-04 21:33:40',0,0,793671,3364869,NULL),(277970513,'2014-11-19 00:00:00',0,NULL,'2015-01-04 00:00:00',0.76,'2014-11-19 20:31:45','2015-01-04 21:33:32',0,0,783108,3364869,NULL),(277987037,'2014-11-19 00:00:00',0,NULL,'2015-01-04 00:00:00',1.55,'2014-11-19 21:22:46','2015-01-04 21:33:32',0,0,783108,3522794,NULL),(278017037,'2014-11-19 00:00:00',0,NULL,'2015-01-04 00:00:00',1.60,'2014-11-19 22:51:36','2015-01-04 21:33:32',0,0,783108,3253992,NULL),(278054215,'2014-11-19 00:00:00',0,NULL,'2015-01-04 00:00:00',0.53,'2014-11-20 01:58:57','2015-01-04 21:33:32',0,0,783108,3253567,NULL),(278063816,'2014-11-19 00:00:00',0,NULL,'2015-01-04 00:00:00',0.34,'2014-11-20 03:21:51','2015-01-04 21:33:40',0,0,793671,3313390,NULL),(278196752,'2014-11-20 00:00:00',0,NULL,'2015-01-04 00:00:00',0.06,'2014-11-20 15:26:05','2015-01-04 21:33:32',0,0,783108,3254032,NULL),(278202256,'2014-11-20 00:00:00',0,NULL,'2015-01-04 00:00:00',0.59,'2014-11-20 15:38:01','2015-01-04 21:33:32',0,0,783108,3574157,NULL),(278217373,'2014-11-20 00:00:00',0,'Wendy Sosik','2015-01-04 00:00:00',0.92,'2014-11-20 16:11:46','2015-01-04 21:33:32',0,0,783108,3623920,NULL),(278248072,'2014-11-20 00:00:00',0,'Emails - Yahoo','2015-01-04 00:00:00',1.45,'2014-11-20 17:20:07','2015-01-04 21:33:32',0,0,783108,3623920,NULL),(278250093,'2014-11-20 00:00:00',0,NULL,'2015-01-04 00:00:00',0.70,'2014-11-20 17:25:13','2015-01-04 21:33:22',0,0,806530,3463052,NULL),(278286588,'2014-11-20 00:00:00',0,NULL,'2015-01-04 00:00:00',0.13,'2014-11-20 19:12:59','2015-01-04 21:33:32',0,0,783108,3253567,NULL),(278287795,'2014-11-20 00:00:00',0,NULL,'2015-01-04 00:00:00',0.17,'2014-11-20 19:17:01','2015-01-04 21:33:40',0,0,793671,3291311,NULL),(278299703,'2014-11-20 00:00:00',0,NULL,'2015-01-04 00:00:00',1.17,'2014-11-20 19:54:26','2015-01-04 21:33:32',0,0,783108,3253567,NULL),(278300160,'2014-11-20 00:00:00',0,'Organize','2015-01-04 00:00:00',0.37,'2014-11-20 19:55:54','2015-01-04 21:33:32',0,0,783108,3620856,NULL),(278303030,'2014-11-20 00:00:00',0,NULL,'2015-01-04 00:00:00',2.92,'2014-11-20 20:04:35','2015-01-04 21:33:40',0,0,793671,3522794,NULL),(278325721,'2014-11-20 00:00:00',0,NULL,'2015-01-04 00:00:00',2.90,'2014-11-20 21:16:10','2015-01-04 21:33:40',0,0,793671,3313390,NULL),(278326585,'2014-11-20 00:00:00',0,NULL,'2015-01-04 00:00:00',0.38,'2014-11-20 21:18:32','2015-01-04 21:33:32',0,0,783108,3254032,NULL),(278329587,'2014-11-20 00:00:00',0,NULL,'2015-01-04 00:00:00',3.75,'2014-11-20 21:27:14','2015-01-04 21:33:32',0,0,783108,3522794,NULL),(278401920,'2014-11-20 00:00:00',0,NULL,'2015-01-04 00:00:00',0.86,'2014-11-21 02:35:58','2015-01-04 21:33:32',0,0,783108,3477685,NULL),(278406162,'2014-11-20 00:00:00',0,NULL,'2015-01-04 00:00:00',1.00,'2014-11-21 03:16:48','2015-01-04 21:33:32',0,0,783108,3364869,NULL),(278408374,'2014-11-20 00:00:00',0,NULL,'2015-01-04 00:00:00',0.95,'2014-11-21 03:36:38','2015-01-04 21:33:40',0,0,793671,3364869,NULL),(278414153,'2014-11-20 00:00:00',0,NULL,'2015-01-04 00:00:00',1.49,'2014-11-21 04:36:30','2015-01-04 21:33:32',0,0,783108,3253567,NULL),(278415052,'2014-11-20 00:00:00',0,NULL,'2015-01-04 00:00:00',0.61,'2014-11-21 04:46:34','2015-01-04 21:33:40',0,0,793671,3253567,NULL),(278418950,'2014-11-20 00:00:00',0,NULL,'2015-01-04 00:00:00',0.56,'2014-11-21 05:24:45','2015-01-04 21:33:40',0,0,793671,3313390,NULL),(278422406,'2014-11-21 00:00:00',0,NULL,'2015-01-04 00:00:00',1.65,'2014-11-21 05:58:17','2015-01-04 21:33:40',0,0,793671,3313390,NULL),(278423865,'2014-11-21 00:00:00',0,NULL,'2015-01-04 00:00:00',1.50,'2014-11-21 06:10:45','2015-01-04 21:33:32',0,0,783108,3253992,NULL),(278537988,'2014-11-21 00:00:00',0,NULL,'2015-01-04 00:00:00',0.31,'2014-11-21 15:01:19','2015-01-04 21:33:32',0,0,783108,3364869,NULL),(278549413,'2014-11-21 00:00:00',0,NULL,'2015-01-04 00:00:00',0.12,'2014-11-21 15:23:06','2015-01-04 21:33:32',0,0,783108,3254032,NULL),(278550260,'2014-11-21 00:00:00',0,NULL,'2015-01-04 00:00:00',0.30,'2014-11-21 15:24:39','2015-01-04 21:33:40',0,0,793671,3364869,NULL),(278579361,'2014-11-21 00:00:00',0,NULL,'2015-01-04 00:00:00',1.18,'2014-11-21 16:18:01','2015-01-04 21:33:32',0,0,783108,3574157,NULL),(278622408,'2014-11-21 00:00:00',0,NULL,'2015-01-04 00:00:00',0.48,'2014-11-21 17:45:31','2015-01-04 21:33:40',0,0,793671,3254032,NULL),(278624457,'2014-11-21 00:00:00',0,NULL,'2015-01-04 00:00:00',0.09,'2014-11-21 17:50:44','2015-01-04 21:33:32',0,0,783108,3434036,NULL),(278630746,'2014-11-21 00:00:00',0,NULL,'2015-01-04 00:00:00',0.42,'2014-11-21 18:07:17','2015-01-04 21:33:40',0,0,793671,3253605,NULL),(278640878,'2014-11-21 00:00:00',0,NULL,'2015-01-04 00:00:00',0.21,'2014-11-21 18:35:49','2015-01-04 21:33:40',0,0,793671,3313390,NULL),(278641924,'2014-11-21 00:00:00',0,NULL,'2015-01-04 00:00:00',0.36,'2014-11-21 18:38:20','2015-01-04 21:33:40',0,0,793671,3253566,NULL),(278651218,'2014-11-21 00:00:00',0,NULL,'2015-01-04 00:00:00',0.10,'2014-11-21 19:04:57','2015-01-04 21:33:32',0,0,783108,3364869,NULL),(278651306,'2014-11-21 00:00:00',0,NULL,'2015-01-04 00:00:00',0.43,'2014-11-21 19:05:13','2015-01-04 21:33:40',0,0,793671,3253567,NULL),(278656093,'2014-11-21 00:00:00',0,'SSL','2015-01-04 00:00:00',0.12,'2014-11-21 19:19:36','2015-01-04 21:33:32',0,0,783108,3434036,NULL),(278663160,'2014-11-21 00:00:00',0,NULL,'2015-01-04 00:00:00',0.22,'2014-11-21 19:41:22','2015-01-04 21:33:32',0,0,783108,3313390,NULL),(278663268,'2014-11-21 00:00:00',0,NULL,'2015-01-04 00:00:00',0.23,'2014-11-21 19:41:41','2015-01-04 21:33:40',0,0,793671,3313390,NULL),(278663822,'2014-11-21 00:00:00',0,NULL,'2015-01-04 00:00:00',0.31,'2014-11-21 19:43:16','2015-01-04 21:33:40',0,0,793671,3313390,NULL),(278728848,'2014-11-21 00:00:00',0,NULL,'2015-01-04 00:00:00',0.52,'2014-11-21 22:20:40','2015-01-04 21:33:40',0,0,793671,3313391,NULL),(278782790,'2014-11-21 00:00:00',0,'Organize','2015-01-04 00:00:00',2.00,'2014-11-22 02:25:34','2015-01-04 21:33:32',0,0,783108,3620856,NULL),(278799950,'2014-11-22 00:00:00',0,NULL,'2015-01-04 00:00:00',2.72,'2014-11-22 14:37:45','2015-01-04 21:33:40',0,0,793671,3313390,NULL),(278799955,'2014-11-22 00:00:00',0,NULL,'2015-01-04 00:00:00',0.23,'2014-11-22 14:37:54','2015-01-04 21:33:40',0,0,793671,3253605,NULL),(278808231,'2014-11-22 00:00:00',0,'Codeacademy - Ruby','2015-01-04 00:00:00',2.09,'2014-11-22 18:14:10','2015-01-04 21:33:32',0,0,783108,3560422,NULL),(278810039,'2014-11-22 00:00:00',0,NULL,'2015-01-04 00:00:00',0.64,'2014-11-22 19:04:01','2015-01-04 21:33:32',0,0,783108,3254032,NULL),(278810114,'2014-11-22 00:00:00',0,NULL,'2015-01-04 00:00:00',1.37,'2014-11-22 19:06:25','2015-01-04 21:33:32',0,0,783108,3574157,NULL),(278811389,'2014-11-22 00:00:00',0,NULL,'2015-01-04 00:00:00',0.27,'2014-11-22 19:39:16','2015-01-04 21:33:32',0,0,783108,3254032,NULL),(278823060,'2014-11-22 00:00:00',0,NULL,'2015-01-04 00:00:00',0.95,'2014-11-23 01:30:21','2015-01-04 21:33:40',0,0,793671,3313391,NULL),(278823286,'2014-11-22 00:00:00',0,NULL,'2015-01-04 00:00:00',0.12,'2014-11-23 01:42:32','2015-01-04 21:33:32',0,0,783108,3574157,NULL),(278823418,'2014-11-22 00:00:00',0,NULL,'2015-01-04 00:00:00',0.11,'2014-11-23 01:49:31','2015-01-04 21:33:32',0,0,783108,3253567,NULL),(278827641,'2014-11-23 00:00:00',0,'Ruby on Rails','2015-01-04 00:00:00',1.12,'2014-11-23 05:17:01','2015-01-04 21:33:32',0,0,783108,3560422,NULL),(278829253,'2014-11-23 00:00:00',0,NULL,'2015-01-04 00:00:00',0.62,'2014-11-23 06:54:44','2015-01-04 21:33:40',0,0,793671,3313390,NULL),(278829406,'2014-11-23 00:00:00',0,'http://www.myproductadvisor.com/mpa/carmax/usage.do?org.apache.struts.taglib.html.TOKEN=4d418cd1445dde21de5c47f4217462c0&qaId=201','2015-01-04 00:00:00',1.15,'2014-11-23 07:04:08','2015-01-04 21:33:40',0,0,793671,3253911,NULL),(278830264,'2014-11-22 00:00:00',0,NULL,'2015-01-04 00:00:00',0.63,'2014-11-23 07:57:58','2015-01-04 21:33:40',0,0,793671,3253566,NULL),(278844501,'2014-11-23 00:00:00',0,NULL,'2015-01-04 00:00:00',1.87,'2014-11-23 16:45:25','2015-01-04 21:33:40',0,0,793671,3313390,NULL),(278847526,'2014-11-23 00:00:00',0,NULL,'2015-01-04 00:00:00',0.25,'2014-11-23 17:43:21','2015-01-04 21:33:32',0,0,783108,3254032,NULL),(278847691,'2014-11-23 00:00:00',0,NULL,'2015-01-04 00:00:00',0.37,'2014-11-23 17:46:35','2015-01-04 21:33:40',0,0,793671,3254032,NULL),(278847709,'2014-11-23 00:00:00',0,NULL,'2015-01-04 00:00:00',1.44,'2014-11-23 17:47:01','2015-01-04 21:33:32',0,0,783108,3569713,NULL),(278851500,'2014-11-23 00:00:00',0,NULL,'2015-01-04 00:00:00',0.44,'2014-11-23 19:06:26','2015-01-04 21:33:32',0,0,783108,3559987,NULL),(278852636,'2014-11-23 00:00:00',0,NULL,'2015-01-04 00:00:00',0.20,'2014-11-23 19:26:20','2015-01-04 21:33:32',0,0,783108,3434036,NULL),(278856372,'2014-11-23 00:00:00',0,NULL,'2015-01-04 00:00:00',0.67,'2014-11-23 20:17:50','2015-01-04 21:33:40',0,0,793671,3254032,NULL),(278857490,'2014-11-23 00:00:00',0,NULL,'2015-01-04 00:00:00',0.48,'2014-11-23 20:30:52','2015-01-04 21:33:40',0,0,793671,3253566,NULL),(278857706,'2014-11-23 00:00:00',0,NULL,'2015-01-04 00:00:00',4.71,'2014-11-23 20:34:22','2015-01-04 21:33:22',0,0,806530,3463052,NULL),(278884228,'2014-11-23 00:00:00',0,NULL,'2015-01-04 00:00:00',0.12,'2014-11-23 23:53:26','2015-01-04 21:33:32',0,0,783108,3623920,NULL),(278886574,'2014-11-23 00:00:00',0,NULL,'2015-01-04 00:00:00',1.37,'2014-11-24 00:16:32','2015-01-04 21:33:32',0,0,783108,3641665,NULL),(278891801,'2014-11-23 00:00:00',0,'Security','2015-01-04 00:00:00',1.17,'2014-11-24 01:07:07','2015-01-04 21:33:32',0,0,783108,3434036,NULL),(278893749,'2014-11-23 00:00:00',0,NULL,'2015-01-04 00:00:00',0.30,'2014-11-24 01:23:53','2015-01-04 21:33:40',0,0,793671,3313391,NULL),(279043630,'2014-11-24 00:00:00',0,NULL,'2015-01-04 00:00:00',0.05,'2014-11-24 13:57:04','2015-01-04 21:33:32',0,0,783108,3254032,NULL),(279044325,'2014-11-24 00:00:00',0,NULL,'2015-01-04 00:00:00',0.68,'2014-11-24 13:58:22','2015-01-04 21:33:32',0,0,783108,3253568,NULL),(279081864,'2014-11-24 00:00:00',0,NULL,'2015-01-04 00:00:00',1.93,'2014-11-24 14:57:20','2015-01-04 21:33:32',0,0,783108,3641665,NULL),(279141459,'2014-11-24 00:00:00',0,'Ruby on Rails','2015-01-04 00:00:00',0.55,'2014-11-24 16:25:11','2015-01-04 21:33:32',0,0,783108,3560422,NULL),(279180377,'2014-11-24 00:00:00',0,NULL,'2015-01-04 00:00:00',0.67,'2014-11-24 17:23:54','2015-01-04 21:33:32',0,0,783108,3434036,NULL),(279192930,'2014-11-24 00:00:00',0,NULL,'2015-01-04 00:00:00',0.73,'2014-11-24 17:48:38','2015-01-04 21:33:40',0,0,793671,3313391,NULL),(279192996,'2014-11-24 00:00:00',0,NULL,'2015-01-04 00:00:00',1.64,'2014-11-24 17:48:47','2015-01-04 21:33:40',0,0,793671,3313391,NULL),(279193056,'2014-11-24 00:00:00',0,NULL,'2015-01-04 00:00:00',0.03,'2014-11-24 17:48:55','2015-01-04 21:33:40',0,0,793671,3602716,NULL),(279198896,'2014-11-24 00:00:00',0,NULL,'2015-01-04 00:00:00',2.06,'2014-11-24 18:00:32','2015-01-04 21:33:32',0,0,783108,3253992,NULL),(279205506,'2014-11-24 00:00:00',0,NULL,'2015-01-04 00:00:00',0.68,'2014-11-24 18:13:37','2015-01-04 21:33:40',0,0,793671,3313390,NULL),(279282866,'2014-11-24 00:00:00',0,NULL,'2015-01-04 00:00:00',0.23,'2014-11-24 21:06:11','2015-01-04 21:33:40',0,0,793671,3253605,NULL),(279287316,'2014-11-24 00:00:00',0,'Email','2015-01-04 00:00:00',0.17,'2014-11-24 21:12:47','2015-01-04 21:33:32',0,0,783108,3574157,NULL),(279287545,'2014-11-24 00:00:00',0,NULL,'2015-01-04 00:00:00',0.48,'2014-11-24 21:13:15','2015-01-04 21:33:40',0,0,793671,3253566,NULL),(279289533,'2014-11-24 00:00:00',0,'Wendy Sosik - convincing her that the problem has been fixed.','2015-01-04 00:00:00',1.01,'2014-11-24 21:17:37','2015-01-04 21:33:32',0,0,783108,3623920,NULL),(279313779,'2014-11-24 00:00:00',0,NULL,'2015-01-04 00:00:00',1.23,'2014-11-24 22:04:15','2015-01-04 21:33:40',0,0,793671,3253992,NULL),(279375465,'2014-11-24 00:00:00',0,NULL,'2015-01-04 00:00:00',0.26,'2014-11-25 01:10:02','2015-01-04 21:33:32',0,0,783108,3254032,NULL),(279379791,'2014-11-24 00:00:00',0,NULL,'2015-01-04 00:00:00',0.94,'2014-11-25 01:25:36','2015-01-04 21:33:32',0,0,783108,3253992,NULL),(279384897,'2014-11-24 00:00:00',0,'JavaScript lesson #1:\n-strings (\"i\'m cool\")\n-numbers\n-booleans\n-if statements\n-else statements\n-debugging!\n-modulo\n-variables\n\nif (5 > 10) {\nconsole.log(\"I did not finish the course\")\n}\nelse \n{\nconsole.log(\"I finished my first course!\");\n}','2015-01-04 00:00:00',1.33,'2014-11-25 01:56:13','2015-01-04 21:33:40',0,0,793671,3253566,NULL),(279394389,'2014-11-24 00:00:00',0,NULL,'2015-01-04 00:00:00',0.37,'2014-11-25 03:11:29','2015-01-04 21:33:32',0,0,783108,3254032,NULL),(279402909,'2014-11-24 00:00:00',0,NULL,'2015-01-04 00:00:00',1.67,'2014-11-25 04:36:21','2015-01-04 21:33:22',0,0,806530,3253911,NULL),(279408397,'2014-11-24 00:00:00',0,NULL,'2015-01-04 00:00:00',0.59,'2014-11-25 05:36:45','2015-01-04 21:33:40',0,0,793671,3574157,NULL),(279410929,'2014-11-24 00:00:00',0,NULL,'2015-01-04 00:00:00',0.33,'2014-11-25 06:03:54','2015-01-04 21:33:40',0,0,793671,3253566,NULL),(279417294,'2014-11-25 00:00:00',0,NULL,'2015-01-04 00:00:00',0.99,'2014-11-25 06:59:23','2015-01-04 21:33:40',0,0,793671,3253911,NULL),(279605912,'2014-11-25 00:00:00',0,NULL,'2015-01-04 00:00:00',3.24,'2014-11-25 16:51:34','2015-01-04 21:33:32',0,0,783108,3253568,NULL),(279614172,'2014-11-25 00:00:00',0,NULL,'2015-01-04 00:00:00',0.64,'2014-11-25 17:09:54','2015-01-04 21:33:32',0,0,783108,3254032,NULL),(279620989,'2014-11-25 00:00:00',0,NULL,'2015-01-04 00:00:00',0.10,'2014-11-25 17:26:08','2015-01-04 21:33:32',0,0,783108,3253567,NULL),(279623438,'2014-11-25 00:00:00',0,NULL,'2015-01-04 00:00:00',0.25,'2014-11-25 17:31:47','2015-01-04 21:33:32',0,0,783108,3253566,NULL),(279627357,'2014-11-25 00:00:00',0,NULL,'2015-01-04 00:00:00',0.63,'2014-11-25 17:40:46','2015-01-04 21:33:40',0,0,793671,3313391,NULL),(279650297,'2014-11-25 00:00:00',0,'SSL','2015-01-04 00:00:00',0.14,'2014-11-25 18:26:47','2015-01-04 21:33:32',0,0,783108,3253566,NULL),(279656609,'2014-11-25 00:00:00',0,NULL,'2015-01-04 00:00:00',2.56,'2014-11-25 18:45:00','2015-01-04 21:33:22',0,0,806530,3463052,NULL),(279659598,'2014-11-25 00:00:00',0,NULL,'2015-01-04 00:00:00',0.24,'2014-11-25 18:53:17','2015-01-04 21:33:32',0,0,783108,3434036,NULL),(279661923,'2014-11-25 00:00:00',0,NULL,'2015-01-04 00:00:00',3.14,'2014-11-25 18:59:57','2015-01-04 21:33:40',0,0,793671,3364869,NULL),(279739950,'2014-11-25 00:00:00',0,NULL,'2015-01-04 00:00:00',1.95,'2014-11-25 22:39:25','2015-01-04 21:33:32',0,0,783108,3291311,NULL),(279784060,'2014-11-25 00:00:00',0,NULL,'2015-01-04 00:00:00',0.98,'2014-11-26 02:04:52','2015-01-04 21:33:40',0,0,793671,3364869,NULL),(279784671,'2014-11-25 00:00:00',0,NULL,'2015-01-04 00:00:00',1.35,'2014-11-26 02:10:31','2015-01-04 21:33:40',0,0,793671,3291311,NULL),(279792262,'2014-11-25 00:00:00',0,NULL,'2015-01-04 00:00:00',0.32,'2014-11-26 03:32:41','2015-01-04 21:33:32',0,0,783108,3364869,NULL),(279792773,'2014-11-25 00:00:00',0,NULL,'2015-01-04 00:00:00',0.36,'2014-11-26 03:37:46','2015-01-04 21:33:40',0,0,793671,3364869,NULL),(279950214,'2014-11-26 00:00:00',0,NULL,'2015-01-04 00:00:00',0.18,'2014-11-26 16:13:27','2015-01-04 21:33:32',0,0,783108,3254032,NULL),(279950650,'2014-11-26 00:00:00',0,'SSL installation and nameserver adjustments','2015-01-04 00:00:00',0.37,'2014-11-26 16:14:15','2015-01-04 21:33:32',0,0,783108,3434036,NULL),(279960046,'2014-11-26 00:00:00',0,'Glenn Garnes','2015-01-04 00:00:00',1.09,'2014-11-26 16:34:44','2015-01-04 21:33:32',0,0,783108,3559987,NULL),(279997008,'2014-11-26 00:00:00',0,NULL,'2015-01-04 00:00:00',1.04,'2014-11-26 17:59:02','2015-01-04 21:33:32',0,0,783108,3254032,NULL),(280004650,'2014-11-26 00:00:00',0,NULL,'2015-01-04 00:00:00',0.35,'2014-11-26 18:20:12','2015-01-04 21:33:40',0,0,793671,3364869,NULL),(280014377,'2014-11-26 00:00:00',0,NULL,'2015-01-04 00:00:00',1.01,'2014-11-26 18:46:59','2015-01-04 21:33:32',0,0,783108,3253568,NULL),(280034380,'2014-11-26 00:00:00',0,NULL,'2015-01-04 00:00:00',1.00,'2014-11-26 19:44:41','2015-01-04 21:33:40',0,0,793671,3364869,NULL),(280034924,'2014-11-26 00:00:00',0,NULL,'2015-01-04 00:00:00',0.06,'2014-11-26 19:46:12','2015-01-04 21:33:40',0,0,793671,3253911,NULL),(280036220,'2014-11-26 00:00:00',0,NULL,'2015-01-04 00:00:00',0.18,'2014-11-26 19:49:42','2015-01-04 21:33:40',0,0,793671,3313390,NULL),(280040255,'2014-11-26 00:00:00',0,NULL,'2015-01-04 00:00:00',0.37,'2014-11-26 20:00:23','2015-01-04 21:33:40',0,0,793671,3313390,NULL),(280098979,'2014-11-26 00:00:00',0,NULL,'2015-01-04 00:00:00',0.28,'2014-11-26 23:03:00','2015-01-04 21:33:40',0,0,793671,3313390,NULL),(280099038,'2014-11-26 00:00:00',0,NULL,'2015-01-04 00:00:00',0.28,'2014-11-26 23:03:10','2015-01-04 21:33:40',0,0,793671,3313391,NULL),(280240023,'2014-11-27 00:00:00',0,NULL,'2015-01-04 00:00:00',0.11,'2014-11-27 15:11:56','2015-01-04 21:33:32',0,0,783108,3254032,NULL),(280240935,'2014-11-27 00:00:00',0,'Changing URL for SSL purposes','2015-01-04 00:00:00',1.53,'2014-11-27 15:16:18','2015-01-04 21:33:32',0,0,783108,3434036,NULL),(280265789,'2014-11-27 00:00:00',0,NULL,'2015-01-04 00:00:00',0.27,'2014-11-27 17:16:17','2015-01-04 21:33:32',0,0,783108,3364869,NULL),(280268280,'2014-11-27 00:00:00',0,'Rob\'s site configuration','2015-01-04 00:00:00',0.35,'2014-11-27 17:29:15','2015-01-04 21:33:32',0,0,783108,3253992,NULL),(280269441,'2014-11-27 00:00:00',0,'Merging Events Calendar Info into Networking Advocate','2015-01-04 00:00:00',1.77,'2014-11-27 17:36:59','2015-01-04 21:33:32',0,0,783108,3434036,NULL),(280279675,'2014-11-27 00:00:00',0,NULL,'2015-01-04 00:00:00',0.47,'2014-11-27 19:03:48','2015-01-04 21:33:22',0,0,806530,3463052,NULL),(280284213,'2014-11-27 00:00:00',0,NULL,'2015-01-04 00:00:00',0.28,'2014-11-27 19:50:07','2015-01-04 21:33:40',0,0,793671,3254032,NULL),(280284226,'2014-11-27 00:00:00',0,NULL,'2015-01-04 00:00:00',2.73,'2014-11-27 19:50:13','2015-01-04 21:33:40',0,0,793671,3313390,NULL),(280293767,'2014-11-27 00:00:00',0,'Requests for Saturday meeting with school(s)','2015-01-04 00:00:00',0.47,'2014-11-27 21:27:50','2015-01-04 21:33:32',0,0,783108,3291311,NULL),(280327192,'2014-11-27 00:00:00',0,NULL,'2015-01-04 00:00:00',0.75,'2014-11-28 03:51:40','2015-01-04 21:33:40',0,0,793671,3313391,NULL),(280331373,'2014-11-27 00:00:00',0,NULL,'2015-01-04 00:00:00',0.62,'2014-11-28 04:58:28','2015-01-04 21:33:40',0,0,793671,3313390,NULL),(280331973,'2014-11-28 00:00:00',0,NULL,'2015-01-04 00:00:00',0.13,'2014-11-28 05:05:30','2015-01-04 21:33:32',0,0,783108,3291311,NULL),(280407638,'2014-11-28 00:00:00',0,NULL,'2015-01-04 00:00:00',0.15,'2014-11-28 13:14:02','2015-01-04 21:33:32',0,0,783108,3254032,NULL),(280411926,'2014-11-28 00:00:00',0,'On a new computer. And hosting.','2015-01-04 00:00:00',1.00,'2014-11-28 13:35:01','2015-01-04 21:33:32',0,0,783108,3253911,NULL),(280449965,'2014-11-28 00:00:00',0,'Meeting with Glenn Garnes and Deborah Myers','2015-01-04 00:00:00',0.44,'2014-11-28 16:01:17','2015-01-04 21:33:32',0,0,783108,3254032,NULL),(280460991,'2014-11-28 00:00:00',0,NULL,'2015-01-04 00:00:00',2.27,'2014-11-28 16:30:47','2015-01-04 21:33:32',0,0,783108,3253992,NULL),(280481131,'2014-11-28 00:00:00',0,NULL,'2015-01-04 00:00:00',0.23,'2014-11-28 17:41:38','2015-01-04 21:33:32',0,0,783108,3254032,NULL),(280485357,'2014-11-28 00:00:00',0,'general, a small orange\n','2015-01-04 00:00:00',0.92,'2014-11-28 18:03:48','2015-01-04 21:33:40',0,0,793671,3313391,NULL),(280486705,'2014-11-28 00:00:00',0,NULL,'2015-01-04 00:00:00',0.30,'2014-11-28 18:10:57','2015-01-04 21:33:32',0,0,783108,3254032,NULL),(280495711,'2014-11-28 00:00:00',0,NULL,'2015-01-04 00:00:00',0.17,'2014-11-28 19:14:53','2015-01-04 21:33:40',0,0,793671,3253605,NULL),(280495980,'2014-11-28 00:00:00',0,NULL,'2015-01-04 00:00:00',1.06,'2014-11-28 19:17:15','2015-01-04 21:33:40',0,0,793671,3313390,NULL),(280500517,'2014-11-28 00:00:00',0,'2300: $7,136.65\n2299: $1,560.25\n2301: $1,594.55\n\ntotal: +$10,291.45','2015-01-04 00:00:00',0.37,'2014-11-28 19:53:47','2015-01-04 21:33:40',0,0,793671,3253566,NULL),(280502975,'2014-11-28 00:00:00',0,NULL,'2015-01-04 00:00:00',0.31,'2014-11-28 20:11:13','2015-01-04 21:33:40',0,0,793671,3313390,NULL),(280523090,'2014-11-28 00:00:00',0,NULL,'2015-01-04 00:00:00',2.01,'2014-11-28 23:11:32','2015-01-04 21:33:40',0,0,793671,3313390,NULL),(280537632,'2014-11-28 00:00:00',0,NULL,'2015-01-04 00:00:00',0.08,'2014-11-29 05:42:47','2015-01-04 21:33:32',0,0,783108,3254032,NULL),(280537909,'2014-11-28 00:00:00',0,NULL,'2015-01-04 00:00:00',0.23,'2014-11-29 05:59:54','2015-01-04 21:33:32',0,0,783108,3291311,NULL),(280537943,'2014-11-29 00:00:00',0,'(10 min. with Josh) (40 min. with Jaimin)','2015-01-04 00:00:00',1.47,'2014-11-29 06:03:10','2015-01-04 21:33:40',0,0,793671,3254032,NULL),(280551092,'2014-11-29 00:00:00',0,NULL,'2015-01-04 00:00:00',1.12,'2014-11-29 16:30:47','2015-01-04 21:33:40',0,0,793671,3313390,NULL),(280558682,'2014-11-29 00:00:00',0,NULL,'2015-01-04 00:00:00',4.58,'2014-11-29 20:10:46','2015-01-04 21:33:40',0,0,793671,3313390,NULL),(280562306,'2014-11-29 00:00:00',0,NULL,'2015-01-04 00:00:00',0.18,'2014-11-29 22:06:21','2015-01-04 21:33:32',0,0,783108,3254032,NULL),(280562360,'2014-11-29 00:00:00',0,NULL,'2015-01-04 00:00:00',2.42,'2014-11-29 22:08:53','2015-01-04 21:33:32',0,0,783108,3291311,NULL),(280562504,'2014-11-29 00:00:00',0,NULL,'2015-01-04 00:00:00',0.22,'2014-11-29 22:12:38','2015-01-04 21:33:40',0,0,793671,3313391,NULL),(280562568,'2014-11-29 00:00:00',0,'Debugging my profile files','2015-01-04 00:00:00',0.10,'2014-11-29 22:14:19','2015-01-04 21:33:32',0,0,783108,3584449,NULL),(280562928,'2014-11-29 00:00:00',0,NULL,'2015-01-04 00:00:00',0.53,'2014-11-29 22:29:41','2015-01-04 21:33:32',0,0,783108,3657266,NULL),(280563158,'2014-11-29 00:00:00',0,NULL,'2015-01-04 00:00:00',0.41,'2014-11-29 22:36:39','2015-01-04 21:33:32',0,0,783108,3574157,NULL),(280564402,'2014-11-29 00:00:00',0,NULL,'2015-01-04 00:00:00',0.58,'2014-11-29 23:22:52','2015-01-04 21:33:40',0,0,793671,3254032,NULL),(280564426,'2014-11-29 00:00:00',0,NULL,'2015-01-04 00:00:00',0.12,'2014-11-29 23:23:59','2015-01-04 21:33:40',0,0,793671,3291311,NULL),(280565518,'2014-11-29 00:00:00',0,'Bandwidth','2015-01-04 00:00:00',0.28,'2014-11-30 00:18:18','2015-01-04 21:33:32',0,0,783108,3434036,NULL),(280565989,'2014-11-29 00:00:00',0,'Coordinating dedicated server transition with ASO, checking into time tracking tags and general project management, researching computer specs','2015-01-04 00:00:00',1.49,'2014-11-30 00:41:30','2015-01-04 21:33:32',0,0,783108,3253568,NULL),(280635525,'2014-11-30 00:00:00',0,'The Time Machine','2015-01-04 00:00:00',2.32,'2014-11-30 17:37:00','2015-01-04 21:33:32',0,0,783108,3620856,NULL),(280647946,'2014-11-30 00:00:00',0,NULL,'2015-01-04 00:00:00',0.41,'2014-11-30 20:11:30','2015-01-04 21:33:32',0,0,783108,3254032,NULL),(280656510,'2014-11-30 00:00:00',0,'Setting up an account for Glenn Garnes, checking bandwidth from the command line','2015-01-04 00:00:00',0.43,'2014-11-30 21:33:44','2015-01-04 21:33:32',0,0,783108,3434036,NULL),(280657135,'2014-11-30 00:00:00',0,NULL,'2015-01-04 00:00:00',0.74,'2014-11-30 21:38:57','2015-01-04 21:33:32',0,0,783108,3253992,NULL),(280673948,'2014-11-30 00:00:00',0,NULL,'2015-01-04 00:00:00',4.23,'2014-11-30 23:38:45','2015-01-04 21:33:22',0,0,806530,3463052,NULL),(280676028,'2014-11-30 00:00:00',0,NULL,'2015-01-04 00:00:00',0.71,'2014-11-30 23:54:14','2015-01-04 21:33:32',0,0,783108,3253567,NULL),(280690865,'2014-11-30 00:00:00',0,NULL,'2015-01-04 00:00:00',1.17,'2014-12-01 01:53:11','2015-01-04 21:33:40',0,0,793671,3291311,NULL),(280709430,'2014-11-30 00:00:00',0,'Virtuarte.com','2015-01-04 00:00:00',0.29,'2014-12-01 04:23:53','2015-01-04 21:33:32',0,0,783108,3253567,NULL),(280712874,'2014-11-30 00:00:00',0,'(:13 josh, :14 Dylan)','2015-01-04 00:00:00',0.45,'2014-12-01 04:49:00','2015-01-04 21:33:40',0,0,793671,3254032,NULL),(280728895,'2014-12-01 00:00:00',0,NULL,'2015-01-04 00:00:00',0.35,'2014-12-01 06:42:31','2015-01-04 21:33:40',0,0,793671,3253911,NULL),(280947704,'2014-12-01 00:00:00',0,NULL,'2015-01-04 00:00:00',1.20,'2014-12-01 16:00:46','2015-01-04 21:33:40',0,0,793671,3313390,NULL),(280960239,'2014-12-01 00:00:00',0,NULL,'2015-01-04 00:00:00',0.67,'2014-12-01 16:18:04','2015-01-04 21:33:32',0,0,783108,3254032,NULL),(280962611,'2014-12-01 00:00:00',0,NULL,'2015-01-04 00:00:00',0.04,'2014-12-01 16:21:16','2015-01-04 21:33:32',0,0,783108,3291311,NULL),(280999489,'2014-12-01 00:00:00',0,'meeting w/ Dylan','2015-01-04 00:00:00',0.67,'2014-12-01 17:14:02','2015-01-04 21:33:40',0,0,793671,3364869,NULL),(280999696,'2014-12-01 00:00:00',0,'(computer w/ josh)','2015-01-04 00:00:00',0.51,'2014-12-01 17:14:20','2015-01-04 21:33:40',0,0,793671,3254032,NULL),(281003266,'2014-12-01 00:00:00',0,'The Time Machine','2015-01-04 00:00:00',3.55,'2014-12-01 17:20:07','2015-01-04 21:33:32',0,0,783108,3620856,NULL),(281023909,'2014-12-01 00:00:00',0,NULL,'2015-01-04 00:00:00',0.73,'2014-12-01 17:53:38','2015-01-04 21:33:32',0,0,783108,3253992,NULL),(281029440,'2014-12-01 00:00:00',0,NULL,'2015-01-04 00:00:00',0.68,'2014-12-01 18:02:20','2015-01-04 21:33:22',0,0,806530,3463052,NULL),(281100745,'2014-12-01 00:00:00',0,NULL,'2015-01-04 00:00:00',0.13,'2014-12-01 20:31:59','2015-01-04 21:33:32',0,0,783108,3254032,NULL),(281117254,'2014-12-01 00:00:00',0,NULL,'2015-01-04 00:00:00',0.73,'2014-12-01 21:09:43','2015-01-04 21:33:40',0,0,793671,3313390,NULL),(281127322,'2014-12-01 00:00:00',0,'Virtuarte, Chew Chest','2015-01-04 00:00:00',0.41,'2014-12-01 21:31:46','2015-01-04 21:33:32',0,0,783108,3254032,NULL),(281177166,'2014-12-01 00:00:00',0,NULL,'2015-01-04 00:00:00',0.30,'2014-12-01 23:35:20','2015-01-04 21:33:40',0,0,793671,3253566,NULL),(281183915,'2014-12-01 00:00:00',0,NULL,'2015-01-04 00:00:00',1.18,'2014-12-02 00:01:51','2015-01-04 21:33:32',0,0,783108,3253992,NULL),(281193493,'2014-12-01 00:00:00',0,NULL,'2015-01-04 00:00:00',0.18,'2014-12-02 00:41:43','2015-01-04 21:33:40',0,0,793671,3313391,NULL),(281194087,'2014-12-01 00:00:00',0,NULL,'2015-01-04 00:00:00',2.38,'2014-12-02 00:44:26','2015-01-04 21:33:40',0,0,793671,3253605,NULL),(281199839,'2014-12-01 00:00:00',0,NULL,'2015-01-04 00:00:00',0.43,'2014-12-02 01:10:30','2015-01-04 21:33:40',0,0,793671,3358283,NULL),(281215413,'2014-12-01 00:00:00',0,NULL,'2015-01-04 00:00:00',0.28,'2014-12-02 02:49:48','2015-01-04 21:33:32',0,0,783108,3358283,NULL),(281219514,'2014-12-01 00:00:00',0,NULL,'2015-01-04 00:00:00',1.08,'2014-12-02 03:22:29','2015-01-04 21:33:40',0,0,793671,3313390,NULL),(281386873,'2014-12-02 00:00:00',0,'Tier 27','2015-01-04 00:00:00',0.29,'2014-12-02 15:21:46','2015-01-04 21:33:32',0,0,783108,3620856,NULL),(281398809,'2014-12-02 00:00:00',0,NULL,'2015-01-04 00:00:00',0.50,'2014-12-02 15:41:44','2015-01-04 21:33:32',0,0,783108,3254032,NULL),(281404873,'2014-12-02 00:00:00',0,'New ASO server is up','2015-01-04 00:00:00',1.09,'2014-12-02 15:53:56','2015-01-04 21:33:32',0,0,783108,3434036,NULL),(281407254,'2014-12-02 00:00:00',0,'Preparing check to MG','2015-01-04 00:00:00',0.04,'2014-12-02 15:58:35','2015-01-04 21:33:32',0,0,783108,3358283,NULL),(281454406,'2014-12-02 00:00:00',0,NULL,'2015-01-04 00:00:00',1.47,'2014-12-02 17:30:48','2015-01-04 21:33:40',0,0,793671,3313391,NULL),(281458004,'2014-12-02 00:00:00',0,NULL,'2015-01-04 00:00:00',0.44,'2014-12-02 17:38:28','2015-01-04 21:33:32',0,0,783108,3254032,NULL),(281473899,'2014-12-02 00:00:00',0,NULL,'2015-01-04 00:00:00',2.01,'2014-12-02 18:15:40','2015-01-04 21:33:40',0,0,793671,3364869,NULL),(281473995,'2014-12-02 00:00:00',0,'Meeting','2015-01-04 00:00:00',2.00,'2014-12-02 18:15:57','2015-01-04 21:33:32',0,0,783108,3253568,NULL),(281534726,'2014-12-02 00:00:00',0,NULL,'2015-01-04 00:00:00',0.45,'2014-12-02 20:59:55','2015-01-04 21:33:40',0,0,793671,3313390,NULL),(281552444,'2014-12-02 00:00:00',0,NULL,'2015-01-04 00:00:00',1.55,'2014-12-02 21:46:54','2015-01-04 21:33:32',0,0,783108,3291311,NULL),(281558456,'2014-12-02 00:00:00',0,NULL,'2015-01-04 00:00:00',1.57,'2014-12-02 22:02:51','2015-01-04 21:33:22',0,0,806530,3463052,NULL),(281559417,'2014-12-02 00:00:00',0,NULL,'2015-01-04 00:00:00',1.29,'2014-12-02 22:05:15','2015-01-04 21:33:40',0,0,793671,3291311,NULL),(281589298,'2014-12-02 00:00:00',0,NULL,'2015-01-04 00:00:00',0.82,'2014-12-02 23:30:02','2015-01-04 21:33:32',0,0,783108,3291311,NULL),(281593516,'2014-12-02 00:00:00',0,'Bob Graham','2015-01-04 00:00:00',0.22,'2014-12-02 23:39:49','2015-01-04 21:33:32',0,0,783108,3254032,NULL),(281598631,'2014-12-02 00:00:00',0,NULL,'2015-01-04 00:00:00',0.26,'2014-12-02 23:52:50','2015-01-04 21:33:32',0,0,783108,3463052,NULL),(281619761,'2014-12-02 00:00:00',0,NULL,'2015-01-04 00:00:00',1.57,'2014-12-03 01:37:24','2015-01-04 21:33:40',0,0,793671,3364869,NULL),(281632379,'2014-12-02 00:00:00',0,NULL,'2015-01-04 00:00:00',0.45,'2014-12-03 03:14:16','2015-01-04 21:33:40',0,0,793671,3291311,NULL),(281636395,'2014-12-02 00:00:00',0,NULL,'2015-01-04 00:00:00',0.32,'2014-12-03 03:44:49','2015-01-04 21:33:40',0,0,793671,3254032,NULL),(281641562,'2014-12-02 00:00:00',0,'Emails','2015-01-04 00:00:00',0.87,'2014-12-03 04:38:00','2015-01-04 21:33:32',0,0,783108,3574157,NULL),(281643406,'2014-12-03 00:00:00',0,NULL,'2015-01-04 00:00:00',0.23,'2014-12-03 05:01:04','2015-01-04 21:33:40',0,0,793671,3254032,NULL),(281646746,'2014-12-03 00:00:00',0,NULL,'2015-01-04 00:00:00',0.04,'2014-12-03 05:37:15','2015-01-04 21:33:32',0,0,783108,3574157,NULL),(281773536,'2014-12-03 00:00:00',0,NULL,'2015-01-04 00:00:00',1.67,'2014-12-03 15:19:31','2015-01-04 21:33:22',0,0,806530,3463052,NULL),(281774378,'2014-12-03 00:00:00',0,'Ruby Newegg Script','2015-01-04 00:00:00',3.25,'2014-12-03 15:21:24','2015-01-04 21:33:32',0,0,783108,3620856,NULL),(281816328,'2014-12-03 00:00:00',0,NULL,'2015-01-04 00:00:00',0.16,'2014-12-03 16:50:49','2015-01-04 21:33:32',0,0,783108,3254032,NULL),(281844267,'2014-12-03 00:00:00',0,NULL,'2015-01-04 00:00:00',0.28,'2014-12-03 17:58:11','2015-01-04 21:33:32',0,0,783108,3253992,NULL),(281854683,'2014-12-03 00:00:00',0,NULL,'2015-01-04 00:00:00',1.83,'2014-12-03 18:27:57','2015-01-04 21:33:40',0,0,793671,3313390,NULL),(281855031,'2014-12-03 00:00:00',0,NULL,'2015-01-04 00:00:00',0.93,'2014-12-03 18:28:52','2015-01-04 21:33:40',0,0,793671,3313391,NULL),(281866028,'2014-12-03 00:00:00',0,NULL,'2015-01-04 00:00:00',0.27,'2014-12-03 19:00:23','2015-01-04 21:33:40',0,0,793671,3253566,NULL),(281880159,'2014-12-03 00:00:00',0,NULL,'2015-01-04 00:00:00',0.33,'2014-12-03 19:40:16','2015-01-04 21:33:40',0,0,793671,3291311,NULL),(281892443,'2014-12-03 00:00:00',0,NULL,'2015-01-04 00:00:00',0.98,'2014-12-03 20:13:16','2015-01-04 21:33:40',0,0,793671,3313390,NULL),(281903279,'2014-12-03 00:00:00',0,NULL,'2015-01-04 00:00:00',0.85,'2014-12-03 20:45:56','2015-01-04 21:33:32',0,0,783108,3253992,NULL),(281910633,'2014-12-03 00:00:00',0,NULL,'2015-01-04 00:00:00',0.34,'2014-12-03 21:07:30','2015-01-04 21:33:32',0,0,783108,3584449,NULL),(281911837,'2014-12-03 00:00:00',0,NULL,'2015-01-04 00:00:00',0.66,'2014-12-03 21:11:39','2015-01-04 21:33:40',0,0,793671,3253605,NULL),(281917178,'2014-12-03 00:00:00',0,NULL,'2015-01-04 00:00:00',0.28,'2014-12-03 21:27:39','2015-01-04 21:33:32',0,0,783108,3478497,NULL),(281920994,'2014-12-03 00:00:00',0,NULL,'2015-01-04 00:00:00',0.70,'2014-12-03 21:38:34','2015-01-04 21:33:32',0,0,783108,3254032,NULL),(281921578,'2014-12-03 00:00:00',0,NULL,'2015-01-04 00:00:00',0.58,'2014-12-03 21:40:09','2015-01-04 21:33:40',0,0,793671,3254032,NULL),(281926128,'2014-12-03 00:00:00',0,NULL,'2015-01-04 00:00:00',0.48,'2014-12-03 21:52:17','2015-01-04 21:33:40',0,0,793671,3291311,NULL),(281928371,'2014-12-03 00:00:00',0,'Glenn and Deborah, Virtuarte','2015-01-04 00:00:00',0.83,'2014-12-03 21:57:48','2015-01-04 21:33:32',0,0,783108,3254032,NULL),(281930044,'2014-12-03 00:00:00',0,'change this category to meeting','2015-01-04 00:00:00',0.63,'2014-12-03 22:02:08','2015-01-04 21:33:40',0,0,793671,3253911,NULL),(281975921,'2014-12-03 00:00:00',0,NULL,'2015-01-04 00:00:00',0.28,'2014-12-04 00:42:21','2015-01-04 21:33:32',0,0,783108,3253992,NULL),(281986543,'2014-12-03 00:00:00',0,NULL,'2015-01-04 00:00:00',0.45,'2014-12-04 01:40:44','2015-01-04 21:33:40',0,0,793671,3291311,NULL),(281987568,'2014-12-03 00:00:00',0,NULL,'2015-01-04 00:00:00',2.51,'2014-12-04 01:48:02','2015-01-04 21:33:32',0,0,783108,3418965,NULL),(281992690,'2014-12-03 00:00:00',0,NULL,'2015-01-04 00:00:00',0.91,'2014-12-04 02:25:21','2015-01-04 21:33:40',0,0,793671,3313390,NULL),(282011049,'2014-12-04 00:00:00',0,NULL,'2015-01-04 00:00:00',1.54,'2014-12-04 05:32:04','2015-01-04 21:33:32',0,0,783108,3253567,NULL),(282138647,'2014-12-04 00:00:00',0,NULL,'2015-01-04 00:00:00',1.76,'2014-12-04 15:31:58','2015-01-04 21:33:32',0,0,783108,3434036,NULL),(282159792,'2014-12-04 00:00:00',0,NULL,'2015-01-04 00:00:00',0.77,'2014-12-04 16:21:06','2015-01-04 21:33:32',0,0,783108,3620856,NULL),(282160348,'2014-12-04 00:00:00',0,NULL,'2015-01-04 00:00:00',1.36,'2014-12-04 16:22:18','2015-01-04 21:33:32',0,0,783108,3254032,NULL),(282183728,'2014-12-04 00:00:00',0,NULL,'2015-01-04 00:00:00',0.19,'2014-12-04 17:14:26','2015-01-04 21:33:32',0,0,783108,3418965,NULL),(282187850,'2014-12-04 00:00:00',0,NULL,'2015-01-04 00:00:00',0.47,'2014-12-04 17:24:23','2015-01-04 21:33:40',0,0,793671,3254032,NULL),(282187996,'2014-12-04 00:00:00',0,'http://app.fontastic.me/\nindeed.com for hiring systems admin\nsystems admin research','2015-01-04 00:00:00',1.57,'2014-12-04 17:24:44','2015-01-04 21:33:40',0,0,793671,3253911,NULL),(282188067,'2014-12-04 00:00:00',0,NULL,'2015-01-04 00:00:00',1.53,'2014-12-04 17:24:54','2015-01-04 21:33:40',0,0,793671,3313390,NULL),(282195969,'2014-12-04 00:00:00',0,NULL,'2015-01-04 00:00:00',0.27,'2014-12-04 17:44:44','2015-01-04 21:33:32',0,0,783108,3254032,NULL),(282207808,'2014-12-04 00:00:00',0,NULL,'2015-01-04 00:00:00',1.48,'2014-12-04 18:18:20','2015-01-04 21:33:40',0,0,793671,3254032,NULL),(282220735,'2014-12-04 00:00:00',0,'negotiated payout','2015-01-04 00:00:00',0.65,'2014-12-04 18:57:42','2015-01-04 21:33:40',0,0,793671,3253566,NULL),(282223377,'2014-12-04 00:00:00',0,NULL,'2015-01-04 00:00:00',0.08,'2014-12-04 19:06:21','2015-01-04 21:33:40',0,0,793671,3313390,NULL),(282246533,'2014-12-04 00:00:00',0,NULL,'2015-01-04 00:00:00',0.27,'2014-12-04 20:19:22','2015-01-04 21:33:40',0,0,793671,3254032,NULL),(282246840,'2014-12-04 00:00:00',0,NULL,'2015-01-04 00:00:00',0.98,'2014-12-04 20:20:22','2015-01-04 21:33:40',0,0,793671,3313391,NULL),(282259156,'2014-12-04 00:00:00',0,NULL,'2015-01-04 00:00:00',1.60,'2014-12-04 20:58:34','2015-01-04 21:33:32',0,0,783108,3253567,NULL),(282291970,'2014-12-04 00:00:00',0,NULL,'2015-01-04 00:00:00',0.19,'2014-12-04 22:29:56','2015-01-04 21:33:32',0,0,783108,3254032,NULL),(282298394,'2014-12-04 00:00:00',0,NULL,'2015-01-04 00:00:00',0.38,'2014-12-04 22:49:49','2015-01-04 21:33:32',0,0,783108,3254032,NULL),(282307057,'2014-12-04 00:00:00',0,NULL,'2015-01-04 00:00:00',0.80,'2014-12-04 23:19:02','2015-01-04 21:33:32',0,0,783108,3253567,NULL),(282327149,'2014-12-04 00:00:00',0,NULL,'2015-01-04 00:00:00',0.60,'2014-12-05 00:32:11','2015-01-04 21:33:32',0,0,783108,3253567,NULL),(282330777,'2014-12-04 00:00:00',0,NULL,'2015-01-04 00:00:00',0.23,'2014-12-05 00:50:18','2015-01-04 21:33:40',0,0,793671,3253567,NULL),(282331200,'2014-12-04 00:00:00',0,NULL,'2015-01-04 00:00:00',0.20,'2014-12-05 00:52:40','2015-01-04 21:33:40',0,0,793671,3254032,NULL),(282361047,'2014-12-04 00:00:00',0,NULL,'2015-01-04 00:00:00',0.37,'2014-12-05 02:38:54','2015-01-04 21:33:32',0,0,783108,3253567,NULL),(282363945,'2014-12-04 00:00:00',0,NULL,'2015-01-04 00:00:00',0.17,'2014-12-05 03:06:22','2015-01-04 21:33:40',0,0,793671,3254032,NULL),(282364189,'2014-12-04 00:00:00',0,NULL,'2015-01-04 00:00:00',0.44,'2014-12-05 03:08:43','2015-01-04 21:33:32',0,0,783108,3434036,NULL),(282366481,'2014-12-04 00:00:00',0,NULL,'2015-01-04 00:00:00',0.98,'2014-12-05 03:32:04','2015-01-04 21:33:40',0,0,793671,3364869,NULL),(282366680,'2014-12-04 00:00:00',0,NULL,'2015-01-04 00:00:00',0.90,'2014-12-05 03:34:55','2015-01-04 21:33:32',0,0,783108,3364869,NULL),(282374761,'2014-12-05 00:00:00',0,'Email','2015-01-04 00:00:00',0.74,'2014-12-05 05:04:41','2015-01-04 21:33:32',0,0,783108,3574157,NULL),(282380276,'2014-12-05 00:00:00',0,NULL,'2015-01-04 00:00:00',0.97,'2014-12-05 05:55:53','2015-01-04 21:33:40',0,0,793671,3313390,NULL),(282396755,'2014-12-05 00:00:00',0,NULL,'2015-01-04 00:00:00',0.55,'2014-12-05 08:11:33','2015-01-04 21:33:40',0,0,793671,3313391,NULL),(282397045,'2014-12-05 00:00:00',0,'trackvia, meeting setup','2015-01-04 00:00:00',1.65,'2014-12-05 08:13:17','2015-01-04 21:33:40',0,0,793671,3313391,NULL),(282486154,'2014-12-05 00:00:00',0,NULL,'2015-01-04 00:00:00',0.09,'2014-12-05 14:40:20','2015-01-04 21:33:32',0,0,783108,3254032,NULL),(282486682,'2014-12-05 00:00:00',0,NULL,'2015-01-04 00:00:00',1.29,'2014-12-05 14:41:26','2015-01-04 21:33:32',0,0,783108,3254032,NULL),(282490164,'2014-12-05 00:00:00',0,NULL,'2015-01-04 00:00:00',3.27,'2014-12-05 14:48:38','2015-01-04 21:33:32',0,0,783108,3253567,NULL),(282517982,'2014-12-05 00:00:00',0,NULL,'2015-01-04 00:00:00',0.98,'2014-12-05 15:40:52','2015-01-04 21:33:40',0,0,793671,3364869,NULL),(282528882,'2014-12-05 00:00:00',0,NULL,'2015-01-04 00:00:00',0.17,'2014-12-05 16:01:18','2015-01-04 21:33:40',0,0,793671,3254032,NULL),(282535911,'2014-12-05 00:00:00',0,NULL,'2015-01-04 00:00:00',0.07,'2014-12-05 16:12:54','2015-01-04 21:33:40',0,0,793671,3254032,NULL),(282536267,'2014-12-05 00:00:00',0,NULL,'2015-01-04 00:00:00',1.42,'2014-12-05 16:13:24','2015-01-04 21:33:32',0,0,783108,3254032,NULL),(282539493,'2014-12-05 00:00:00',0,NULL,'2015-01-04 00:00:00',0.32,'2014-12-05 16:18:21','2015-01-04 21:33:32',0,0,783108,3253992,NULL),(282561418,'2014-12-05 00:00:00',0,NULL,'2015-01-04 00:00:00',0.41,'2014-12-05 16:57:40','2015-01-04 21:33:32',0,0,783108,3434036,NULL),(282580911,'2014-12-05 00:00:00',0,NULL,'2015-01-04 00:00:00',1.40,'2014-12-05 17:40:06','2015-01-04 21:33:40',0,0,793671,3364869,NULL),(282583509,'2014-12-05 00:00:00',0,NULL,'2015-01-04 00:00:00',0.08,'2014-12-05 17:46:11','2015-01-04 21:33:40',0,0,793671,3253992,NULL),(282600715,'2014-12-05 00:00:00',0,NULL,'2015-01-04 00:00:00',0.08,'2014-12-05 18:30:58','2015-01-04 21:33:40',0,0,793671,3254032,NULL),(282626652,'2014-12-05 00:00:00',0,NULL,'2015-01-04 00:00:00',0.45,'2014-12-05 19:48:31','2015-01-04 21:33:32',0,0,783108,3254032,NULL),(282663979,'2014-12-05 00:00:00',0,NULL,'2015-01-04 00:00:00',0.66,'2014-12-05 21:24:50','2015-01-04 21:33:32',0,0,783108,3254032,NULL),(282671266,'2014-12-05 00:00:00',0,'Bandwidth - Al solved his own problem, and helped me quite a bit (robots.txt, eventsca)','2015-01-04 00:00:00',0.18,'2014-12-05 21:39:08','2015-01-04 21:33:33',0,0,783108,3253566,NULL),(282687598,'2014-12-05 00:00:00',0,NULL,'2015-01-04 00:00:00',0.08,'2014-12-05 22:16:01','2015-01-04 21:33:40',0,0,793671,3254032,NULL),(282687634,'2014-12-05 00:00:00',0,NULL,'2015-01-04 00:00:00',0.17,'2014-12-05 22:16:07','2015-01-04 21:33:40',0,0,793671,3254032,NULL),(282732862,'2014-12-05 00:00:00',0,NULL,'2015-01-04 00:00:00',0.79,'2014-12-06 00:53:35','2015-01-04 21:33:32',0,0,783108,3620856,NULL),(282751565,'2014-12-06 00:00:00',0,NULL,'2015-01-04 00:00:00',2.76,'2014-12-06 05:05:00','2015-01-04 21:33:33',0,0,783108,3620856,NULL),(282753192,'2014-12-06 00:00:00',0,'Fixing an issue with VC - don\'t bill him for this.','2015-01-04 00:00:00',0.25,'2014-12-06 06:13:33','2015-01-04 21:33:33',0,0,783108,3253567,NULL),(282766146,'2014-12-06 00:00:00',0,NULL,'2015-01-04 00:00:00',0.51,'2014-12-06 16:12:49','2015-01-04 21:33:40',0,0,793671,3313390,NULL),(282767363,'2014-12-06 00:00:00',0,NULL,'2015-01-04 00:00:00',0.16,'2014-12-06 16:43:15','2015-01-04 21:33:40',0,0,793671,3253911,NULL),(282767475,'2014-12-06 00:00:00',0,NULL,'2015-01-04 00:00:00',0.20,'2014-12-06 16:46:00','2015-01-04 21:33:40',0,0,793671,3254032,NULL),(282770957,'2014-12-06 00:00:00',0,NULL,'2015-01-04 00:00:00',0.04,'2014-12-06 18:04:48','2015-01-04 21:33:33',0,0,783108,3254032,NULL),(282771009,'2014-12-06 00:00:00',0,NULL,'2015-01-04 00:00:00',0.02,'2014-12-06 18:06:01','2015-01-04 21:33:33',0,0,783108,3254032,NULL),(282771098,'2014-12-06 00:00:00',0,'Changing \"No results.\" text.','2015-01-04 00:00:00',0.14,'2014-12-06 18:08:06','2015-01-04 21:33:33',0,0,783108,3253992,NULL),(282771736,'2014-12-06 00:00:00',0,'Record keeping','2015-01-04 00:00:00',3.35,'2014-12-06 18:23:47','2015-01-04 21:33:33',0,0,783108,3253567,NULL),(282774431,'2014-12-06 00:00:00',0,NULL,'2015-01-04 00:00:00',0.14,'2014-12-06 19:40:23','2015-01-04 21:33:33',0,0,783108,3254032,NULL),(282775681,'2014-12-06 00:00:00',0,NULL,'2015-01-04 00:00:00',0.68,'2014-12-06 20:16:13','2015-01-04 21:33:40',0,0,793671,3313390,NULL),(282775777,'2014-12-06 00:00:00',0,NULL,'2015-01-04 00:00:00',1.15,'2014-12-06 20:18:39','2015-01-04 21:33:40',0,0,793671,3313391,NULL),(282778116,'2014-12-06 00:00:00',0,NULL,'2015-01-04 00:00:00',0.37,'2014-12-06 21:23:53','2015-01-04 21:33:40',0,0,793671,3253992,NULL),(282780452,'2014-12-06 00:00:00',0,'iptables','2015-01-04 00:00:00',1.51,'2014-12-06 22:43:45','2015-01-04 21:33:33',0,0,783108,3434036,NULL),(282780949,'2014-12-06 00:00:00',0,NULL,'2015-01-04 00:00:00',0.35,'2014-12-06 23:02:16','2015-01-04 21:33:40',0,0,793671,3254032,NULL),(282780955,'2014-12-06 00:00:00',0,NULL,'2015-01-04 00:00:00',0.18,'2014-12-06 23:02:30','2015-01-04 21:33:40',0,0,793671,3253566,NULL),(282785952,'2014-12-06 00:00:00',0,'Preparation for migration No. 1','2015-01-04 00:00:00',0.12,'2014-12-07 02:24:41','2015-01-04 21:33:33',0,0,783108,3253567,NULL),(282786072,'2014-12-06 00:00:00',0,NULL,'2015-01-04 00:00:00',0.87,'2014-12-07 02:31:05','2015-01-04 21:33:33',0,0,783108,3253992,NULL),(282788322,'2014-12-06 00:00:00',0,NULL,'2015-01-04 00:00:00',0.06,'2014-12-07 04:17:17','2015-01-04 21:33:33',0,0,783108,3254032,NULL),(282789387,'2014-12-07 00:00:00',0,NULL,'2015-01-04 00:00:00',0.57,'2014-12-07 05:25:46','2015-01-04 21:33:33',0,0,783108,3253567,NULL),(282790220,'2014-12-07 00:00:00',0,NULL,'2015-01-04 00:00:00',1.16,'2014-12-07 06:20:27','2015-01-04 21:33:40',0,0,793671,3253992,NULL),(282790653,'2014-12-07 00:00:00',0,NULL,'2015-01-04 00:00:00',0.65,'2014-12-07 06:43:44','2015-01-04 21:33:40',0,0,793671,3313391,NULL),(282792232,'2014-12-07 00:00:00',0,NULL,'2015-01-04 00:00:00',0.18,'2014-12-07 08:22:33','2015-01-04 21:33:40',0,0,793671,3253566,NULL),(282799490,'2014-12-07 00:00:00',0,NULL,'2015-01-04 00:00:00',0.43,'2014-12-07 14:12:58','2015-01-04 21:33:33',0,0,783108,3254032,NULL),(282804505,'2014-12-07 00:00:00',0,NULL,'2015-01-04 00:00:00',3.08,'2014-12-07 16:26:49','2015-01-04 21:33:33',0,0,783108,3253992,NULL),(282806641,'2014-12-07 00:00:00',0,NULL,'2015-01-04 00:00:00',0.14,'2014-12-07 17:13:30','2015-01-04 21:33:33',0,0,783108,3254032,NULL),(282806911,'2014-12-07 00:00:00',0,NULL,'2015-01-04 00:00:00',0.41,'2014-12-07 17:20:26','2015-01-04 21:33:33',0,0,783108,3254032,NULL),(282811271,'2014-12-07 00:00:00',0,NULL,'2015-01-04 00:00:00',5.12,'2014-12-07 18:54:33','2015-01-04 21:33:22',0,0,806530,3463052,NULL),(282813588,'2014-12-07 00:00:00',0,NULL,'2015-01-04 00:00:00',0.43,'2014-12-07 19:32:11','2015-01-04 21:33:33',0,0,783108,3325439,NULL),(282888788,'2014-12-07 00:00:00',0,'long talk with Dylan','2015-01-04 00:00:00',0.97,'2014-12-08 01:27:18','2015-01-04 21:33:40',0,0,793671,3254032,NULL),(282889122,'2014-12-07 00:00:00',0,'TrackVia','2015-01-04 00:00:00',0.52,'2014-12-08 01:30:33','2015-01-04 21:33:40',0,0,793671,3253911,NULL),(282897532,'2014-12-07 00:00:00',0,NULL,'2015-01-04 00:00:00',0.47,'2014-12-08 02:50:03','2015-01-04 21:33:33',0,0,783108,3434036,NULL),(282898304,'2014-12-07 00:00:00',0,NULL,'2015-01-04 00:00:00',1.32,'2014-12-08 02:58:00','2015-01-04 21:33:40',0,0,793671,3364869,NULL),(282905593,'2014-12-07 00:00:00',0,NULL,'2015-01-04 00:00:00',0.17,'2014-12-08 04:02:24','2015-01-04 21:33:40',0,0,793671,3254032,NULL),(282930688,'2014-12-08 00:00:00',0,NULL,'2015-01-04 00:00:00',1.78,'2014-12-08 07:22:26','2015-01-04 21:33:40',0,0,793671,3313390,NULL),(282955818,'2014-12-08 00:00:00',0,NULL,'2015-01-04 00:00:00',0.32,'2014-12-08 09:09:52','2015-01-04 21:33:40',0,0,793671,3253992,NULL),(282959971,'2014-12-08 00:00:00',0,NULL,'2015-01-04 00:00:00',0.48,'2014-12-08 09:23:54','2015-01-04 21:33:40',0,0,793671,3313391,NULL),(283081945,'2014-12-08 00:00:00',0,NULL,'2015-01-04 00:00:00',0.55,'2014-12-08 15:13:25','2015-01-04 21:33:33',0,0,783108,3254032,NULL),(283083134,'2014-12-08 00:00:00',0,NULL,'2015-01-04 00:00:00',0.06,'2014-12-08 15:14:58','2015-01-04 21:33:33',0,0,783108,3254032,NULL),(283084995,'2014-12-08 00:00:00',0,'45 minutes of this was for setting up content blocks on our Laravel installation. Well worth the time.','2015-01-04 00:00:00',2.67,'2014-12-08 15:17:36','2015-01-04 21:33:33',0,0,783108,3253567,NULL),(283095351,'2014-12-08 00:00:00',0,NULL,'2015-01-04 00:00:00',0.07,'2014-12-08 15:32:37','2015-01-04 21:33:33',0,0,783108,3254032,NULL),(283144424,'2014-12-08 00:00:00',0,'Julie Ringnes','2015-01-04 00:00:00',0.51,'2014-12-08 16:47:25','2015-01-04 21:33:33',0,0,783108,3254032,NULL),(283164328,'2014-12-08 00:00:00',0,'bigger pie page\njosh','2015-01-04 00:00:00',0.29,'2014-12-08 17:20:16','2015-01-04 21:33:40',0,0,793671,3254032,NULL),(283164627,'2014-12-08 00:00:00',0,'Meeting with Xavier from Cerres','2015-01-04 00:00:00',1.35,'2014-12-08 17:20:45','2015-01-04 21:33:40',0,0,793671,3364869,NULL),(283164837,'2014-12-08 00:00:00',0,'email','2015-01-04 00:00:00',0.36,'2014-12-08 17:21:05','2015-01-04 21:33:40',0,0,793671,3254032,NULL),(283180243,'2014-12-08 00:00:00',0,NULL,'2015-01-04 00:00:00',2.04,'2014-12-08 17:46:48','2015-01-04 21:33:33',0,0,783108,3253992,NULL),(283203979,'2014-12-08 00:00:00',0,'Trello - personal, tier 27','2015-01-04 00:00:00',0.60,'2014-12-08 18:37:00','2015-01-04 21:33:40',0,0,793671,3291311,NULL),(283208511,'2014-12-08 00:00:00',0,'communication with Bob and Josh','2015-01-04 00:00:00',0.30,'2014-12-08 18:48:44','2015-01-04 21:33:40',0,0,793671,3254032,NULL),(283217648,'2014-12-08 00:00:00',0,'email to dillan, discussion with Josh','2015-01-04 00:00:00',0.58,'2014-12-08 19:11:08','2015-01-04 21:33:40',0,0,793671,3254032,NULL),(283279627,'2014-12-07 00:00:00',0,NULL,'2015-01-04 00:00:00',0.97,'2014-12-08 21:44:38','2015-01-04 21:33:22',0,0,806530,3291311,NULL),(283299439,'2014-12-08 00:00:00',0,NULL,'2015-01-04 00:00:00',0.19,'2014-12-08 22:31:24','2015-01-04 21:33:40',0,0,793671,3291311,NULL),(283302734,'2014-12-08 00:00:00',0,NULL,'2015-01-04 00:00:00',1.20,'2014-12-08 22:39:46','2015-01-04 21:33:40',0,0,793671,3313390,NULL),(283306089,'2014-12-08 00:00:00',0,NULL,'2015-01-04 00:00:00',4.00,'2014-12-08 22:48:37','2015-01-04 21:33:22',0,0,806530,3291311,NULL),(283341101,'2014-12-08 00:00:00',0,'SBDC','2015-01-04 00:00:00',0.09,'2014-12-09 01:00:56','2015-01-04 21:33:40',0,0,793671,3364869,NULL),(283342123,'2014-12-08 00:00:00',0,NULL,'2015-01-04 00:00:00',2.14,'2014-12-09 01:06:48','2015-01-04 21:33:33',0,0,783108,3254032,NULL),(283347994,'2014-12-08 00:00:00',0,NULL,'2015-01-04 00:00:00',0.04,'2014-12-09 01:43:58','2015-01-04 21:33:33',0,0,783108,3253992,NULL),(283371225,'2014-12-08 00:00:00',0,NULL,'2015-01-04 00:00:00',1.40,'2014-12-09 05:18:01','2015-01-04 21:33:40',0,0,793671,3313390,NULL),(283378261,'2014-12-09 00:00:00',0,NULL,'2015-01-04 00:00:00',2.60,'2014-12-09 06:32:24','2015-01-04 21:33:22',0,0,806530,3253567,NULL),(283518209,'2014-12-09 00:00:00',0,NULL,'2015-01-04 00:00:00',0.12,'2014-12-09 15:39:29','2015-01-04 21:33:33',0,0,783108,3254032,NULL),(283521037,'2014-12-09 00:00:00',0,NULL,'2015-01-04 00:00:00',1.39,'2014-12-09 15:45:15','2015-01-04 21:33:33',0,0,783108,3253992,NULL),(283553337,'2014-12-09 00:00:00',0,'Trello','2015-01-04 00:00:00',0.37,'2014-12-09 16:52:43','2015-01-04 21:33:40',0,0,793671,3291311,NULL),(283561311,'2014-12-09 00:00:00',0,NULL,'2015-01-04 00:00:00',0.23,'2014-12-09 17:08:37','2015-01-04 21:33:33',0,0,783108,3253567,NULL),(283569124,'2014-12-09 00:00:00',0,NULL,'2015-01-04 00:00:00',3.65,'2014-12-09 17:25:54','2015-01-04 21:33:33',0,0,783108,3253568,NULL),(283570295,'2014-12-09 00:00:00',0,NULL,'2015-01-04 00:00:00',0.71,'2014-12-09 17:28:40','2015-01-04 21:33:33',0,0,783108,3434036,NULL),(283595261,'2014-12-09 00:00:00',0,'Yorktowne Sports','2015-01-04 00:00:00',0.08,'2014-12-09 18:33:07','2015-01-04 21:33:33',0,0,783108,3253566,NULL),(283605600,'2014-12-09 00:00:00',0,NULL,'2015-01-04 00:00:00',0.40,'2014-12-09 19:02:46','2015-01-04 21:33:40',0,0,793671,3254032,NULL),(283605625,'2014-12-09 00:00:00',0,'(2.5 IBD)(1.75 Consulting)(1.25 Jim)','2015-01-04 00:00:00',5.57,'2014-12-09 19:02:51','2015-01-04 21:33:40',0,0,793671,3364869,NULL),(283612415,'2014-12-09 00:00:00',0,NULL,'2015-01-04 00:00:00',0.13,'2014-12-09 19:24:05','2015-01-04 21:33:40',0,0,793671,3254032,NULL),(283652700,'2014-12-09 00:00:00',0,NULL,'2015-01-04 00:00:00',0.50,'2014-12-09 21:19:36','2015-01-04 21:33:33',0,0,783108,3620856,NULL),(283704075,'2014-12-09 00:00:00',0,NULL,'2015-01-04 00:00:00',0.25,'2014-12-09 23:44:54','2015-01-04 21:33:33',0,0,783108,3253566,NULL),(283705997,'2014-12-09 00:00:00',0,NULL,'2015-01-04 00:00:00',0.05,'2014-12-09 23:52:55','2015-01-04 21:33:33',0,0,783108,3253992,NULL),(283727320,'2014-12-09 00:00:00',0,'Meeting with Dylan','2015-01-04 00:00:00',0.50,'2014-12-10 01:42:05','2015-01-04 21:33:33',0,0,783108,3253568,NULL),(283732157,'2014-12-09 00:00:00',0,NULL,'2015-01-04 00:00:00',0.15,'2014-12-10 02:20:49','2015-01-04 21:33:40',0,0,793671,3313390,NULL),(283732178,'2014-12-09 00:00:00',0,NULL,'2015-01-04 00:00:00',0.40,'2014-12-10 02:21:01','2015-01-04 21:33:40',0,0,793671,3313391,NULL),(283733190,'2014-12-09 00:00:00',0,NULL,'2015-01-04 00:00:00',0.62,'2014-12-10 02:32:05','2015-01-04 21:33:40',0,0,793671,3291311,NULL),(283733219,'2014-12-09 00:00:00',0,NULL,'2015-01-04 00:00:00',0.62,'2014-12-10 02:32:29','2015-01-04 21:33:33',0,0,783108,3291311,NULL),(283761241,'2014-12-10 00:00:00',0,'trade page edits','2015-01-04 00:00:00',0.58,'2014-12-10 07:25:07','2015-01-04 21:33:41',0,0,793671,3313390,NULL),(283761934,'2014-12-10 00:00:00',0,NULL,'2015-01-04 00:00:00',0.98,'2014-12-10 07:31:03','2015-01-04 21:33:40',0,0,793671,3313391,NULL),(283890509,'2014-12-10 00:00:00',0,NULL,'2015-01-04 00:00:00',0.66,'2014-12-10 15:59:17','2015-01-04 21:33:33',0,0,783108,3253567,NULL),(283920108,'2014-12-09 00:00:00',0,'Meeting with Jim','2015-01-04 00:00:00',1.00,'2014-12-10 17:03:21','2015-01-04 21:33:33',0,0,783108,3364869,NULL),(283926441,'2014-12-10 00:00:00',0,NULL,'2015-01-04 00:00:00',6.60,'2014-12-10 17:18:06','2015-01-04 21:33:33',0,0,783108,3253992,NULL),(283943961,'2014-12-10 00:00:00',0,NULL,'2015-01-04 00:00:00',0.02,'2014-12-10 18:04:53','2015-01-04 21:33:33',0,0,783108,3620856,NULL),(283945593,'2014-12-10 00:00:00',0,NULL,'2015-01-04 00:00:00',0.56,'2014-12-10 18:09:53','2015-01-04 21:33:33',0,0,783108,3253568,NULL),(283946706,'2014-12-10 00:00:00',0,NULL,'2015-01-04 00:00:00',0.65,'2014-12-10 18:13:26','2015-01-04 21:33:33',0,0,783108,3253567,NULL),(283947025,'2014-12-10 00:00:00',0,'compared GitHub issues to Google Docs spreadsheet (:38)\n','2015-01-04 00:00:00',0.83,'2014-12-10 18:14:22','2015-01-04 21:33:40',0,0,793671,3291311,NULL),(283971335,'2014-12-10 00:00:00',0,'conversation about upcoming projects - ConnectDG, Bell Park','2015-01-04 00:00:00',0.43,'2014-12-10 19:28:22','2015-01-04 21:33:41',0,0,793671,3254032,NULL),(283996457,'2014-12-10 00:00:00',0,NULL,'2015-01-04 00:00:00',0.03,'2014-12-10 20:51:50','2015-01-04 21:33:33',0,0,783108,3574157,NULL),(284008515,'2014-12-10 00:00:00',0,'TrackVia','2015-01-04 00:00:00',0.43,'2014-12-10 21:27:53','2015-01-04 21:33:40',0,0,793671,3364869,NULL),(284008570,'2014-12-10 00:00:00',0,'TrackVia','2015-01-04 00:00:00',1.13,'2014-12-10 21:28:05','2015-01-04 21:33:40',0,0,793671,3313391,NULL),(284008643,'2014-12-10 00:00:00',0,'discussion with josh','2015-01-04 00:00:00',0.27,'2014-12-10 21:28:19','2015-01-04 21:33:40',0,0,793671,3254032,NULL),(284067168,'2014-12-10 00:00:00',0,NULL,'2015-01-04 00:00:00',0.33,'2014-12-11 01:00:05','2015-01-04 21:33:40',0,0,793671,3254032,NULL),(284067212,'2014-12-10 00:00:00',0,'made boxes responsive','2015-01-04 00:00:00',0.48,'2014-12-11 01:00:25','2015-01-04 21:33:40',0,0,793671,3253992,NULL),(284067256,'2014-12-10 00:00:00',0,'Trello (for personal and tier 27)','2015-01-04 00:00:00',0.72,'2014-12-11 01:00:42','2015-01-04 21:33:40',0,0,793671,3291311,NULL),(284090560,'2014-12-10 00:00:00',0,NULL,'2015-01-04 00:00:00',0.25,'2014-12-11 04:25:54','2015-01-04 21:33:40',0,0,793671,3254032,NULL),(284092272,'2014-12-10 00:00:00',0,NULL,'2015-01-04 00:00:00',0.15,'2014-12-11 04:45:32','2015-01-04 21:33:33',0,0,783108,3253567,NULL),(284093349,'2014-12-10 00:00:00',0,NULL,'2015-01-04 00:00:00',0.15,'2014-12-11 04:57:47','2015-01-04 21:33:40',0,0,793671,3463052,NULL),(284093918,'2014-12-10 00:00:00',0,'http://www.bothsidesofthetable.com/2009/11/04/is-it-time-for-you-to-earn-or-to-learn/','2015-01-04 00:00:00',0.82,'2014-12-11 05:04:53','2015-01-04 21:33:40',0,0,793671,3253911,NULL),(284095929,'2014-12-11 00:00:00',0,NULL,'2015-01-04 00:00:00',0.70,'2014-12-11 05:30:22','2015-01-04 21:33:33',0,0,783108,3253567,NULL),(284095953,'2014-12-11 00:00:00',0,NULL,'2015-01-04 00:00:00',0.87,'2014-12-11 05:30:40','2015-01-04 21:33:33',0,0,783108,3253568,NULL),(284103946,'2014-12-10 00:00:00',0,NULL,'2015-01-04 00:00:00',0.13,'2014-12-11 06:55:20','2015-01-04 21:33:41',0,0,793671,3253566,NULL),(284104693,'2014-12-11 00:00:00',0,'Trello - personal, tier 27, download app','2015-01-04 00:00:00',0.73,'2014-12-11 07:03:21','2015-01-04 21:33:41',0,0,793671,3291311,NULL),(284217865,'2014-12-11 00:00:00',0,'Purging affiliations in TM','2015-01-04 00:00:00',0.21,'2014-12-11 15:23:15','2015-01-04 21:33:33',0,0,783108,3253568,NULL),(284225141,'2014-12-11 00:00:00',0,NULL,'2015-01-04 00:00:00',0.22,'2014-12-11 15:41:12','2015-01-04 21:33:33',0,0,783108,3254032,NULL),(284226454,'2014-12-11 00:00:00',0,NULL,'2015-01-04 00:00:00',0.75,'2014-12-11 15:44:17','2015-01-04 21:33:33',0,0,783108,3253992,NULL),(284240101,'2014-12-11 00:00:00',0,NULL,'2015-01-04 00:00:00',1.04,'2014-12-11 16:14:04','2015-01-04 21:33:33',0,0,783108,3291311,NULL),(284241235,'2014-12-11 00:00:00',0,'wine spreadsheets, parcel','2015-01-04 00:00:00',1.08,'2014-12-11 16:16:29','2015-01-04 21:33:41',0,0,793671,3254032,NULL),(284241953,'2014-12-11 00:00:00',0,NULL,'2015-01-04 00:00:00',0.39,'2014-12-11 16:18:10','2015-01-04 21:33:33',0,0,783108,3478496,NULL),(284255257,'2014-12-11 00:00:00',0,'Importing data','2015-01-04 00:00:00',2.21,'2014-12-11 16:41:22','2015-01-04 21:33:33',0,0,783108,3522794,NULL),(284324902,'2014-12-11 00:00:00',0,NULL,'2015-01-04 00:00:00',0.71,'2014-12-11 17:55:06','2015-01-04 21:33:33',0,0,783108,3434036,NULL),(284335012,'2014-12-11 00:00:00',0,NULL,'2015-01-04 00:00:00',2.90,'2014-12-11 18:26:25','2015-01-04 21:33:22',0,0,806530,3253567,NULL),(284336822,'2014-12-11 00:00:00',0,NULL,'2015-01-04 00:00:00',0.17,'2014-12-11 18:31:56','2015-01-04 21:33:41',0,0,793671,3253605,NULL),(284338455,'2014-12-11 00:00:00',0,'looked through issues, in an effort to figure out what to work on next. (:09)','2015-01-04 00:00:00',0.47,'2014-12-11 18:37:18','2015-01-04 21:33:41',0,0,793671,3291311,NULL),(284340153,'2014-12-11 00:00:00',0,NULL,'2015-01-04 00:00:00',1.16,'2014-12-11 18:43:11','2015-01-04 21:33:41',0,0,793671,3313390,NULL),(284343444,'2014-12-11 00:00:00',0,NULL,'2015-01-04 00:00:00',0.10,'2014-12-11 18:53:42','2015-01-04 21:33:33',0,0,783108,3253567,NULL),(284363204,'2014-12-11 00:00:00',0,'designed user profile page and edit profile page','2015-01-04 00:00:00',1.82,'2014-12-11 19:56:19','2015-01-04 21:33:41',0,0,793671,3313390,NULL),(284367033,'2014-12-11 00:00:00',0,'phone call with Josh - Matt Getz (:04)\nconversation with Josh','2015-01-04 00:00:00',0.23,'2014-12-11 20:08:24','2015-01-04 21:33:41',0,0,793671,3254032,NULL),(284368368,'2014-12-11 00:00:00',0,NULL,'2015-01-04 00:00:00',0.30,'2014-12-11 20:12:51','2015-01-04 21:33:41',0,0,793671,3253566,NULL),(284387572,'2014-12-11 00:00:00',0,'Autotask - 1:30pm est tuesday.  350 employees.  been in business since 2001.  he\'s been with them 8 years.  headquartered in albany.  available in 90 countires.  7 languages.  60-80 developers. (:15)\ncall with josh (:03)\ntalk with Dylan (:13)','2015-01-04 00:00:00',0.52,'2014-12-11 21:15:14','2015-01-04 21:33:41',0,0,793671,3254032,NULL),(284392837,'2014-12-11 00:00:00',0,NULL,'2015-01-04 00:00:00',0.38,'2014-12-11 21:30:11','2015-01-04 21:33:33',0,0,783108,3254032,NULL),(284400076,'2014-12-11 00:00:00',0,'meeting with josh and dillan','2015-01-04 00:00:00',0.40,'2014-12-11 21:51:51','2015-01-04 21:33:41',0,0,793671,3254032,NULL),(284405048,'2014-12-11 00:00:00',0,NULL,'2015-01-04 00:00:00',0.37,'2014-12-11 22:05:29','2015-01-04 21:33:33',0,0,783108,3254032,NULL),(284408783,'2014-12-11 00:00:00',0,'client analysis','2015-01-04 00:00:00',0.67,'2014-12-11 22:15:06','2015-01-04 21:33:41',0,0,793671,3364869,NULL),(284423936,'2014-12-11 00:00:00',0,NULL,'2015-01-04 00:00:00',1.03,'2014-12-11 23:01:12','2015-01-04 21:33:41',0,0,793671,3291311,NULL),(284424454,'2014-12-11 00:00:00',0,NULL,'2015-01-04 00:00:00',1.67,'2014-12-11 23:03:02','2015-01-04 21:33:22',0,0,806530,3253911,NULL),(284444108,'2014-12-11 00:00:00',0,NULL,'2015-01-04 00:00:00',0.25,'2014-12-12 00:26:33','2015-01-04 21:33:33',0,0,783108,3512621,NULL),(284466246,'2014-12-11 00:00:00',0,NULL,'2015-01-04 00:00:00',1.09,'2014-12-12 03:14:49','2015-01-04 21:33:33',0,0,783108,3291311,NULL),(284470851,'2014-12-11 00:00:00',0,NULL,'2015-01-04 00:00:00',0.68,'2014-12-12 04:02:07','2015-01-04 21:33:41',0,0,793671,3364869,NULL),(284472715,'2014-12-11 00:00:00',0,'GG','2015-01-04 00:00:00',0.30,'2014-12-12 04:20:51','2015-01-04 21:33:33',0,0,783108,3593785,NULL),(284474247,'2014-12-11 00:00:00',0,NULL,'2015-01-04 00:00:00',0.12,'2014-12-12 04:39:21','2015-01-04 21:33:33',0,0,783108,3434036,NULL),(284476582,'2014-12-12 00:00:00',0,NULL,'2015-01-04 00:00:00',4.44,'2014-12-12 05:06:53','2015-01-04 21:33:33',0,0,783108,3522794,NULL),(284478819,'2014-12-12 00:00:00',0,NULL,'2015-01-04 00:00:00',1.27,'2014-12-12 05:30:10','2015-01-04 21:33:41',0,0,793671,3313390,NULL),(284478919,'2014-12-12 00:00:00',0,'meeting to answer questions from Dylan','2015-01-04 00:00:00',1.07,'2014-12-12 05:31:11','2015-01-04 21:33:41',0,0,793671,3364869,NULL),(284480550,'2014-12-12 00:00:00',0,NULL,'2015-01-04 00:00:00',1.13,'2014-12-12 05:47:53','2015-01-04 21:33:22',0,0,806530,3254032,NULL),(284490733,'2014-12-12 00:00:00',0,NULL,'2015-01-04 00:00:00',0.48,'2014-12-12 07:20:02','2015-01-04 21:33:41',0,0,793671,3313390,NULL),(284490746,'2014-12-12 00:00:00',0,NULL,'2015-01-04 00:00:00',0.22,'2014-12-12 07:20:12','2015-01-04 21:33:41',0,0,793671,3313391,NULL),(284494087,'2014-12-12 00:00:00',0,NULL,'2015-01-04 00:00:00',0.20,'2014-12-12 07:49:05','2015-01-04 21:33:41',0,0,793671,3253605,NULL),(284495301,'2014-12-12 00:00:00',0,'Trello - planning (:15) new board (:16)','2015-01-04 00:00:00',0.52,'2014-12-12 07:59:07','2015-01-04 21:33:41',0,0,793671,3291311,NULL),(284587915,'2014-12-12 00:00:00',0,NULL,'2015-01-04 00:00:00',0.04,'2014-12-12 14:43:34','2015-01-04 21:33:33',0,0,783108,3254032,NULL),(284613212,'2014-12-12 00:00:00',0,NULL,'2015-01-04 00:00:00',0.94,'2014-12-12 15:33:31','2015-01-04 21:33:41',0,0,793671,3364869,NULL),(284637023,'2014-12-12 00:00:00',0,NULL,'2015-01-04 00:00:00',0.83,'2014-12-12 16:19:07','2015-01-04 21:33:33',0,0,783108,3364869,NULL),(284637140,'2014-12-12 00:00:00',0,'Marc','2015-01-04 00:00:00',0.13,'2014-12-12 16:19:18','2015-01-04 21:33:33',0,0,783108,3254032,NULL),(284640979,'2014-12-12 00:00:00',0,'finished design pages.','2015-01-04 00:00:00',3.18,'2014-12-12 16:26:15','2015-01-04 21:33:41',0,0,793671,3313390,NULL),(284649801,'2014-12-12 00:00:00',0,NULL,'2015-01-04 00:00:00',0.30,'2014-12-12 16:40:41','2015-01-04 21:33:41',0,0,793671,3254032,NULL),(284679356,'2014-12-12 00:00:00',0,'Harvest API','2015-01-04 00:00:00',1.37,'2014-12-12 17:42:51','2015-01-04 21:33:33',0,0,783108,3620856,NULL),(284700504,'2014-12-12 00:00:00',0,NULL,'2015-01-04 00:00:00',0.55,'2014-12-12 18:38:10','2015-01-04 21:33:33',0,0,783108,3434036,NULL),(284725765,'2014-12-12 00:00:00',0,'harvest api demonstration (:30)','2015-01-04 00:00:00',0.70,'2014-12-12 19:54:47','2015-01-04 21:33:41',0,0,793671,3254032,NULL),(284726574,'2014-12-12 00:00:00',0,NULL,'2015-01-04 00:00:00',0.47,'2014-12-12 19:57:02','2015-01-04 21:33:33',0,0,783108,3254032,NULL),(284775435,'2014-12-12 00:00:00',0,'VIM','2015-01-04 00:00:00',1.52,'2014-12-12 21:58:14','2015-01-04 21:33:33',0,0,783108,3325439,NULL),(284830743,'2014-12-12 00:00:00',0,NULL,'2015-01-04 00:00:00',0.07,'2014-12-13 01:23:27','2015-01-04 21:33:41',0,0,793671,3254032,NULL),(284836689,'2014-12-12 00:00:00',0,'bootstrap template','2015-01-04 00:00:00',0.16,'2014-12-13 02:45:18','2015-01-04 21:33:41',0,0,793671,3313390,NULL),(284840075,'2014-12-12 00:00:00',0,NULL,'2015-01-04 00:00:00',0.00,'2014-12-13 04:17:16','2015-01-04 21:33:33',0,0,783108,3253992,NULL),(284840566,'2014-12-12 00:00:00',0,'Alexander Cadman','2015-01-04 00:00:00',0.10,'2014-12-13 04:36:35','2015-01-04 21:33:33',0,0,783108,3254032,NULL),(284840885,'2014-12-12 00:00:00',0,'Rails Admin','2015-01-04 00:00:00',0.45,'2014-12-13 04:50:02','2015-01-04 21:33:33',0,0,783108,3253911,NULL),(284841145,'2014-12-13 00:00:00',0,NULL,'2015-01-04 00:00:00',1.25,'2014-12-13 05:01:42','2015-01-04 21:33:41',0,0,793671,3313390,NULL),(284841514,'2014-12-13 00:00:00',0,'Inventory','2015-01-04 00:00:00',1.69,'2014-12-13 05:16:59','2015-01-04 21:33:33',0,0,783108,3620856,NULL),(284847047,'2014-12-12 00:00:00',0,NULL,'2015-01-04 00:00:00',0.82,'2014-12-13 06:52:56','2015-01-04 21:33:41',0,0,793671,3253567,NULL),(284847100,'2014-12-13 00:00:00',0,'(ticketing system concepts)','2015-01-04 00:00:00',0.63,'2014-12-13 06:56:59','2015-01-04 21:33:41',0,0,793671,3291311,NULL),(284858948,'2014-12-13 00:00:00',0,NULL,'2015-01-04 00:00:00',0.75,'2014-12-13 16:05:19','2015-01-04 21:33:33',0,0,783108,3325439,NULL),(284860592,'2014-12-13 00:00:00',0,NULL,'2015-01-04 00:00:00',1.37,'2014-12-13 16:50:32','2015-01-04 21:33:33',0,0,783108,3253992,NULL),(284861083,'2014-12-13 00:00:00',0,NULL,'2015-01-04 00:00:00',0.77,'2014-12-13 17:01:49','2015-01-04 21:33:41',0,0,793671,3313391,NULL),(284863564,'2014-12-13 00:00:00',0,'Installing Connections on \"Get Ready To Profit\"','2015-01-04 00:00:00',0.37,'2014-12-13 18:14:12','2015-01-04 21:33:33',0,0,783108,3253992,NULL),(284863998,'2014-12-13 00:00:00',0,NULL,'2015-01-04 00:00:00',0.21,'2014-12-13 18:28:00','2015-01-04 21:33:33',0,0,783108,3522794,NULL),(284864462,'2014-12-13 00:00:00',0,NULL,'2015-01-04 00:00:00',0.86,'2014-12-13 18:40:25','2015-01-04 21:33:33',0,0,783108,3291311,NULL),(284864818,'2014-12-13 00:00:00',0,NULL,'2015-01-04 00:00:00',0.93,'2014-12-13 18:51:39','2015-01-04 21:33:41',0,0,793671,3364869,NULL),(284866166,'2014-12-13 00:00:00',0,NULL,'2015-01-04 00:00:00',0.50,'2014-12-13 19:31:51','2015-01-04 21:33:33',0,0,783108,3254032,NULL),(284866234,'2014-12-13 00:00:00',0,'internal discussions (:40) meeting for omar / dillan','2015-01-04 00:00:00',1.71,'2014-12-13 19:33:33','2015-01-04 21:33:41',0,0,793671,3254032,NULL),(284867003,'2014-12-13 00:00:00',0,'Soul Machine','2015-01-04 00:00:00',0.10,'2014-12-13 19:53:36','2015-01-04 21:33:33',0,0,783108,3253567,NULL),(284867318,'2014-12-13 00:00:00',0,'Ticketing System','2015-01-04 00:00:00',0.87,'2014-12-13 20:02:47','2015-01-04 21:33:33',0,0,783108,3620856,NULL),(284869230,'2014-12-13 00:00:00',0,NULL,'2015-01-04 00:00:00',0.95,'2014-12-13 20:59:29','2015-01-04 21:33:41',0,0,793671,3313390,NULL),(284873670,'2014-12-13 00:00:00',0,NULL,'2015-01-04 00:00:00',0.13,'2014-12-13 23:16:06','2015-01-04 21:33:33',0,0,783108,3254032,NULL),(284874020,'2014-12-13 00:00:00',0,NULL,'2015-01-04 00:00:00',1.87,'2014-12-13 23:27:21','2015-01-04 21:33:33',0,0,783108,3253992,NULL),(284876642,'2014-12-13 00:00:00',0,'Preparing for Omar','2015-01-04 00:00:00',0.79,'2014-12-14 01:07:07','2015-01-04 21:33:33',0,0,783108,3253567,NULL),(284877391,'2014-12-13 00:00:00',0,NULL,'2015-01-04 00:00:00',0.23,'2014-12-14 01:47:11','2015-01-04 21:33:33',0,0,783108,3358283,NULL),(284880640,'2014-12-13 00:00:00',0,'Lifebox','2015-01-04 00:00:00',0.74,'2014-12-14 04:30:47','2015-01-04 21:33:33',0,0,783108,3620856,NULL),(284881431,'2014-12-14 00:00:00',0,'Lifebox','2015-01-04 00:00:00',1.69,'2014-12-14 05:15:24','2015-01-04 21:33:33',0,0,783108,3620856,NULL),(284882903,'2014-12-14 00:00:00',0,NULL,'2015-01-04 00:00:00',0.43,'2014-12-14 07:03:20','2015-01-04 21:33:41',0,0,793671,3313391,NULL),(284896117,'2014-12-14 00:00:00',0,NULL,'2015-01-04 00:00:00',0.17,'2014-12-14 16:07:21','2015-01-04 21:33:22',0,0,806530,3253911,NULL),(284898792,'2014-12-14 00:00:00',0,NULL,'2015-01-04 00:00:00',0.81,'2014-12-14 17:09:15','2015-01-04 21:33:33',0,0,783108,3253992,NULL),(284898916,'2014-12-14 00:00:00',0,NULL,'2015-01-04 00:00:00',0.32,'2014-12-14 17:11:48','2015-01-04 21:33:33',0,0,783108,3253992,NULL),(284914512,'2014-12-14 00:00:00',0,'Economics','2015-01-04 00:00:00',0.25,'2014-12-14 21:17:33','2015-01-04 21:33:33',0,0,783108,3325439,NULL),(284914579,'2014-12-14 00:00:00',0,'Omar','2015-01-04 00:00:00',0.89,'2014-12-14 21:18:14','2015-01-04 21:33:33',0,0,783108,3364869,NULL),(284935586,'2014-12-14 00:00:00',0,NULL,'2015-01-04 00:00:00',2.63,'2014-12-15 00:24:28','2015-01-04 21:33:33',0,0,783108,3522794,NULL),(284936772,'2014-12-14 00:00:00',0,NULL,'2015-01-04 00:00:00',0.02,'2014-12-15 00:36:06','2015-01-04 21:33:33',0,0,783108,3254032,NULL),(284955942,'2014-12-14 00:00:00',0,'Debugging something','2015-01-04 00:00:00',0.05,'2014-12-15 03:30:42','2015-01-04 21:33:33',0,0,783108,3253992,NULL),(284984867,'2014-12-15 00:00:00',0,NULL,'2015-01-04 00:00:00',0.21,'2014-12-15 07:33:14','2015-01-04 21:33:41',0,0,793671,3313391,NULL),(285148565,'2014-12-15 00:00:00',0,NULL,'2015-01-04 00:00:00',0.62,'2014-12-15 15:29:21','2015-01-04 21:33:41',0,0,793671,3254032,NULL),(285148628,'2014-12-15 00:00:00',0,NULL,'2015-01-04 00:00:00',2.28,'2014-12-15 15:29:27','2015-01-04 21:33:41',0,0,793671,3313390,NULL),(285164167,'2014-12-15 00:00:00',0,'Lifebox','2015-01-04 00:00:00',0.45,'2014-12-15 15:52:16','2015-01-04 21:33:33',0,0,783108,3620856,NULL),(285201395,'2014-12-15 00:00:00',0,NULL,'2015-01-04 00:00:00',0.27,'2014-12-15 16:46:36','2015-01-04 21:33:33',0,0,783108,3253567,NULL),(285212150,'2014-12-15 00:00:00',0,'Omar','2015-01-04 00:00:00',0.50,'2014-12-15 17:02:44','2015-01-04 21:33:33',0,0,783108,3364869,NULL),(285230033,'2014-12-15 00:00:00',0,'initial meeting with Omar (:31)\nmeeting with dylan - ticketing system concept, among other things (~:45)','2015-01-04 00:00:00',1.10,'2014-12-15 17:31:34','2015-01-04 21:33:41',0,0,793671,3364869,NULL),(285230259,'2014-12-15 00:00:00',0,'First meeting with Josh + Ryan','2015-01-04 00:00:00',0.50,'2014-12-15 17:31:59','2015-01-04 21:33:42',0,0,886127,3254032,NULL),(285230360,'2014-12-15 00:00:00',0,NULL,'2015-01-04 00:00:00',0.07,'2014-12-15 17:32:13','2015-01-04 21:33:33',0,0,783108,3254032,NULL),(285232509,'2014-12-15 00:00:00',0,NULL,'2015-01-04 00:00:00',0.52,'2014-12-15 17:36:18','2015-01-04 21:33:33',0,0,783108,3254032,NULL),(285233952,'2014-12-15 00:00:00',0,'Omar','2015-01-04 00:00:00',0.73,'2014-12-15 17:39:12','2015-01-04 21:33:33',0,0,783108,3254032,NULL),(285258632,'2014-12-15 00:00:00',0,NULL,'2015-01-04 00:00:00',0.52,'2014-12-15 18:27:12','2015-01-04 21:33:33',0,0,783108,3477685,NULL),(285262819,'2014-12-15 00:00:00',0,NULL,'2015-01-04 00:00:00',0.78,'2014-12-15 18:36:37','2015-01-04 21:33:33',0,0,783108,3434036,NULL),(285297904,'2014-12-15 00:00:00',0,NULL,'2015-01-04 00:00:00',1.16,'2014-12-15 20:02:49','2015-01-04 21:33:33',0,0,783108,3253567,NULL),(285301537,'2014-12-15 00:00:00',0,NULL,'2015-01-04 00:00:00',0.44,'2014-12-15 20:12:04','2015-01-04 21:33:33',0,0,783108,3253992,NULL),(285388438,'2014-12-15 00:00:00',0,'communication with paul, looked over infrastructure checklist.','2015-01-04 00:00:00',0.38,'2014-12-16 00:08:12','2015-01-04 21:33:41',0,0,793671,3313391,NULL),(285394593,'2014-12-15 00:00:00',0,NULL,'2015-01-04 00:00:00',3.17,'2014-12-16 00:37:32','2015-01-04 21:33:33',0,0,783108,3522794,NULL),(285397284,'2014-12-15 00:00:00',0,'internal daily communication - josh, dylan, omar, jim','2015-01-04 00:00:00',1.32,'2014-12-16 00:50:27','2015-01-04 21:33:41',0,0,793671,3254032,NULL),(285421293,'2014-12-15 00:00:00',0,'First itinerary on Trello... settings up OVH server (OS and partitioning, installing cPanel)','2015-01-04 00:00:00',1.80,'2014-12-16 03:31:39','2015-01-04 21:33:42',0,0,886127,3253566,NULL),(285427445,'2014-12-15 00:00:00',0,'Ticketing system','2015-01-04 00:00:00',0.42,'2014-12-16 04:32:08','2015-01-04 21:33:33',0,0,783108,3620856,NULL),(285430298,'2014-12-15 00:00:00',0,NULL,'2015-01-04 00:00:00',1.98,'2014-12-16 04:59:52','2015-01-04 21:33:22',0,0,806530,3291311,NULL),(285430688,'2014-12-16 00:00:00',0,'Ticketing system','2015-01-04 00:00:00',2.44,'2014-12-16 05:03:47','2015-01-04 21:33:33',0,0,783108,3620856,NULL),(285431322,'2014-12-16 00:00:00',0,'Omar','2015-01-04 00:00:00',0.20,'2014-12-16 05:10:26','2015-01-04 21:33:33',0,0,783108,3254032,NULL),(285431438,'2014-12-16 00:00:00',0,'Lisa Ridgley, Julie Ringnes, Glenn Garnes','2015-01-04 00:00:00',0.23,'2014-12-16 05:12:07','2015-01-04 21:33:33',0,0,783108,3254032,NULL),(285441756,'2014-12-15 00:00:00',0,'ticketing system','2015-01-04 00:00:00',1.15,'2014-12-16 07:00:24','2015-01-04 21:33:41',0,0,793671,3313390,NULL),(285447347,'2014-12-15 00:00:00',0,'planning for ticketing system page - page list, design conceptualization','2015-01-04 00:00:00',0.52,'2014-12-16 07:48:52','2015-01-04 21:33:41',0,0,793671,3291311,NULL),(285590835,'2014-12-16 00:00:00',0,'(ticketing)','2015-01-04 00:00:00',0.63,'2014-12-16 16:21:14','2015-01-04 21:33:41',0,0,793671,3313390,NULL),(285594224,'2014-12-16 00:00:00',0,NULL,'2015-01-04 00:00:00',2.27,'2014-12-16 16:28:27','2015-01-04 21:33:22',0,0,806530,3291311,NULL),(285597743,'2014-12-16 00:00:00',0,NULL,'2015-01-04 00:00:00',0.20,'2014-12-16 16:35:31','2015-01-04 21:33:41',0,0,793671,3254032,NULL),(285597779,'2014-12-16 00:00:00',0,NULL,'2015-01-04 00:00:00',1.22,'2014-12-16 16:35:35','2015-01-04 21:33:41',0,0,793671,3313390,NULL),(285600295,'2014-12-16 00:00:00',0,NULL,'2015-01-04 00:00:00',0.07,'2014-12-16 16:41:01','2015-01-04 21:33:33',0,0,783108,3253992,NULL),(285620647,'2014-12-16 00:00:00',0,NULL,'2015-01-04 00:00:00',2.66,'2014-12-16 17:24:18','2015-01-04 21:33:33',0,0,783108,3253568,NULL),(285633249,'2014-12-16 00:00:00',0,NULL,'2015-01-04 00:00:00',2.02,'2014-12-16 17:47:38','2015-01-04 21:33:33',0,0,783108,3522794,NULL),(285639605,'2014-12-16 00:00:00',0,NULL,'2015-01-04 00:00:00',0.43,'2014-12-16 18:02:55','2015-01-04 21:33:33',0,0,783108,3254032,NULL),(285648286,'2014-12-16 00:00:00',0,NULL,'2015-01-04 00:00:00',0.62,'2014-12-16 18:25:53','2015-01-04 21:33:33',0,0,783108,3253567,NULL),(285676783,'2014-12-16 00:00:00',0,'weekly ibd meeting with Josh','2015-01-04 00:00:00',2.71,'2014-12-16 19:48:37','2015-01-04 21:33:41',0,0,793671,3364869,NULL),(285746325,'2014-12-16 00:00:00',0,NULL,'2015-01-04 00:00:00',0.15,'2014-12-16 23:13:24','2015-01-04 21:33:41',0,0,793671,3253566,NULL),(285746449,'2014-12-16 00:00:00',0,'Trello','2015-01-04 00:00:00',0.46,'2014-12-16 23:13:49','2015-01-04 21:33:41',0,0,793671,3291311,NULL),(285778506,'2014-12-16 00:00:00',0,'Lisa Ridgley','2015-01-04 00:00:00',0.88,'2014-12-17 01:47:17','2015-01-04 21:33:33',0,0,783108,3574157,NULL),(285785706,'2014-12-16 00:00:00',0,'Setting up the anti-DDOS and firewalls on OVH server','2015-01-04 00:00:00',0.53,'2014-12-17 02:49:40','2015-01-04 21:33:42',0,0,886127,3253566,NULL),(285786531,'2014-12-16 00:00:00',0,NULL,'2015-01-04 00:00:00',0.05,'2014-12-17 02:57:44','2015-01-04 21:33:33',0,0,783108,3266878,NULL),(285789011,'2014-12-16 00:00:00',0,'Making schedule for the rest of the week','2015-01-04 00:00:00',0.10,'2014-12-17 03:21:51','2015-01-04 21:33:42',0,0,886127,3291311,NULL),(285790039,'2014-12-16 00:00:00',0,'Discussing deliverables by Friday with Josh','2015-01-04 00:00:00',0.29,'2014-12-17 03:31:59','2015-01-04 21:33:42',0,0,886127,3364869,NULL),(285796705,'2014-12-16 00:00:00',0,NULL,'2015-01-04 00:00:00',1.68,'2014-12-17 04:49:35','2015-01-04 21:33:22',0,0,806530,3254032,NULL),(285796951,'2014-12-16 00:00:00',0,NULL,'2015-01-04 00:00:00',0.77,'2014-12-17 04:52:28','2015-01-04 21:33:41',0,0,793671,3291311,NULL),(285797578,'2014-12-16 00:00:00',0,NULL,'2015-01-04 00:00:00',0.00,'2014-12-17 05:00:27','2015-01-04 21:33:41',0,0,793671,3364869,NULL),(285798311,'2014-12-16 00:00:00',0,NULL,'2015-01-04 00:00:00',0.53,'2014-12-17 05:06:44','2015-01-04 21:33:41',0,0,793671,3364869,NULL),(285798455,'2014-12-17 00:00:00',0,'Laravel demo is in here','2015-01-04 00:00:00',0.94,'2014-12-17 05:08:03','2015-01-04 21:33:33',0,0,783108,3254032,NULL),(285802602,'2014-12-16 00:00:00',0,'meeting with Dylan','2015-01-04 00:00:00',0.88,'2014-12-17 05:57:42','2015-01-04 21:33:41',0,0,793671,3364869,NULL),(285803140,'2014-12-17 00:00:00',0,NULL,'2015-01-04 00:00:00',0.03,'2014-12-17 06:04:14','2015-01-04 21:33:33',0,0,783108,3434036,NULL),(285805827,'2014-12-17 00:00:00',0,NULL,'2015-01-04 00:00:00',1.74,'2014-12-17 06:32:01','2015-01-04 21:33:33',0,0,783108,3522794,NULL),(285808449,'2014-12-16 00:00:00',0,NULL,'2015-01-04 00:00:00',0.20,'2014-12-17 06:56:29','2015-01-04 21:33:41',0,0,793671,3254032,NULL),(285808655,'2014-12-16 00:00:00',0,NULL,'2015-01-04 00:00:00',0.00,'2014-12-17 06:58:32','2015-01-04 21:33:41',0,0,793671,3313390,NULL),(285808677,'2014-12-17 00:00:00',0,NULL,'2015-01-04 00:00:00',1.27,'2014-12-17 06:58:47','2015-01-04 21:33:41',0,0,793671,3313390,NULL),(285952629,'2014-12-17 00:00:00',0,'invitation to bitbucket, sent email.','2015-01-04 00:00:00',0.12,'2014-12-17 16:28:33','2015-01-04 21:33:41',0,0,793671,3254032,NULL),(285952702,'2014-12-17 00:00:00',0,'ryan douvlos board and tier 27 board','2015-01-04 00:00:00',0.57,'2014-12-17 16:28:43','2015-01-04 21:33:41',0,0,793671,3291311,NULL),(285982405,'2014-12-17 00:00:00',0,NULL,'2015-01-04 00:00:00',0.27,'2014-12-17 17:38:21','2015-01-04 21:33:33',0,0,783108,3254032,NULL),(285982447,'2014-12-17 00:00:00',0,NULL,'2015-01-04 00:00:00',0.92,'2014-12-17 17:38:27','2015-01-04 21:33:33',0,0,783108,3254032,NULL),(285986613,'2014-12-17 00:00:00',0,'assigment creation page','2015-01-04 00:00:00',2.60,'2014-12-17 17:48:58','2015-01-04 21:33:41',0,0,793671,3313390,NULL),(285987100,'2014-12-17 00:00:00',0,'Merging/preparing REIA marketing','2015-01-04 00:00:00',0.56,'2014-12-17 17:50:24','2015-01-04 21:33:33',0,0,783108,3434036,NULL),(285991263,'2014-12-17 00:00:00',0,NULL,'2015-01-04 00:00:00',0.19,'2014-12-17 18:02:12','2015-01-04 21:33:33',0,0,783108,3253567,NULL),(285997961,'2014-12-17 00:00:00',0,NULL,'2015-01-04 00:00:00',3.63,'2014-12-17 18:22:02','2015-01-04 21:33:22',0,0,806530,3254032,NULL),(286001407,'2014-12-17 00:00:00',0,'Merging Events Calendar Info into Networking Advocate','2015-01-04 00:00:00',2.27,'2014-12-17 18:32:21','2015-01-04 21:33:33',0,0,783108,3434036,NULL),(286001665,'2014-12-17 00:00:00',0,'discussed strategy for phone call with Bob\'s first client, Tammy, with Dylan.\n\ndiscussed strategy for phone call with Michael.\n\nset up client follow up workflow.','2015-01-04 00:00:00',0.93,'2014-12-17 18:33:03','2015-01-04 21:33:41',0,0,793671,3602716,NULL),(286047755,'2014-12-17 00:00:00',0,'josh, dylan','2015-01-04 00:00:00',0.73,'2014-12-17 19:41:57','2015-01-04 21:33:41',0,0,793671,3254032,NULL),(286188591,'2014-12-17 00:00:00',0,NULL,'2015-01-04 00:00:00',2.68,'2014-12-17 22:56:49','2015-01-04 21:33:33',0,0,783108,3253992,NULL),(286201374,'2014-12-17 00:00:00',0,NULL,'2015-01-04 00:00:00',0.05,'2014-12-17 23:44:27','2015-01-04 21:33:41',0,0,793671,3325439,NULL),(286210705,'2014-12-17 00:00:00',0,NULL,'2015-01-04 00:00:00',0.71,'2014-12-18 00:31:56','2015-01-04 21:33:41',0,0,793671,3364869,NULL),(286372384,'2014-12-18 00:00:00',0,'vsftp and firewall on intermediate server','2015-01-04 00:00:00',0.38,'2014-12-18 15:40:50','2015-01-04 21:33:42',0,0,886127,3253566,NULL),(286414232,'2014-12-18 00:00:00',0,NULL,'2015-01-04 00:00:00',0.03,'2014-12-18 17:12:58','2015-01-04 21:33:33',0,0,783108,3254032,NULL),(286414969,'2014-12-18 00:00:00',0,NULL,'2015-01-04 00:00:00',2.43,'2014-12-18 17:14:43','2015-01-04 21:33:33',0,0,783108,3253992,NULL),(286426493,'2014-12-18 00:00:00',0,'josh, autotask (:04)','2015-01-04 00:00:00',1.65,'2014-12-18 17:44:06','2015-01-04 21:33:41',0,0,793671,3254032,NULL),(286426609,'2014-12-18 00:00:00',0,'website changes - about page, services page','2015-01-04 00:00:00',0.98,'2014-12-18 17:44:25','2015-01-04 21:33:41',0,0,793671,3313390,NULL),(286426701,'2014-12-18 00:00:00',0,NULL,'2015-01-04 00:00:00',0.18,'2014-12-18 17:44:43','2015-01-04 21:33:41',0,0,793671,3254032,NULL),(286435521,'2014-12-18 00:00:00',0,NULL,'2015-01-04 00:00:00',0.15,'2014-12-18 18:08:51','2015-01-04 21:33:41',0,0,793671,3254032,NULL),(286443481,'2014-12-18 00:00:00',0,'spreadsheet creation','2015-01-04 00:00:00',0.48,'2014-12-18 18:33:27','2015-01-04 21:33:41',0,0,793671,3313391,NULL),(286451976,'2014-12-18 00:00:00',0,NULL,'2015-01-04 00:00:00',1.20,'2014-12-18 18:59:32','2015-01-04 21:33:33',0,0,783108,3254032,NULL),(286460335,'2014-12-18 00:00:00',0,'looked through landing page specifications','2015-01-04 00:00:00',0.20,'2014-12-18 19:25:06','2015-01-04 21:33:41',0,0,793671,3254032,NULL),(286460423,'2014-12-18 00:00:00',0,NULL,'2015-01-04 00:00:00',2.11,'2014-12-18 19:25:25','2015-01-04 21:33:41',0,0,793671,3463052,NULL),(286462217,'2014-12-18 00:00:00',0,NULL,'2015-01-04 00:00:00',0.23,'2014-12-18 19:31:28','2015-01-04 21:33:33',0,0,783108,3254032,NULL),(286480421,'2014-12-18 00:00:00',0,NULL,'2015-01-04 00:00:00',0.04,'2014-12-18 20:29:04','2015-01-04 21:33:33',0,0,783108,3364869,NULL),(286483788,'2014-12-18 00:00:00',0,NULL,'2015-01-04 00:00:00',1.46,'2014-12-18 20:39:34','2015-01-04 21:33:33',0,0,783108,3291311,NULL),(286516570,'2014-12-18 00:00:00',0,NULL,'2015-01-04 00:00:00',0.23,'2014-12-18 22:13:58','2015-01-04 21:33:41',0,0,793671,3253567,NULL),(286516632,'2014-12-18 00:00:00',0,NULL,'2015-01-04 00:00:00',0.67,'2014-12-18 22:14:08','2015-01-04 21:33:41',0,0,793671,3463052,NULL),(286530320,'2014-12-18 00:00:00',0,NULL,'2015-01-04 00:00:00',0.23,'2014-12-18 22:54:47','2015-01-04 21:33:41',0,0,793671,3313391,NULL),(286546539,'2014-12-18 00:00:00',0,'Getting things ready for Migration No. 1','2015-01-04 00:00:00',0.27,'2014-12-18 23:55:13','2015-01-04 21:33:42',0,0,886127,3253911,NULL),(286555768,'2014-12-18 00:00:00',0,NULL,'2015-01-04 00:00:00',2.04,'2014-12-19 00:41:58','2015-01-04 21:33:33',0,0,783108,3253567,NULL),(286569866,'2014-12-18 00:00:00',0,'SSL setup','2015-01-04 00:00:00',0.25,'2014-12-19 02:23:15','2015-01-04 21:33:42',0,0,886127,3317020,NULL),(286570075,'2014-12-18 00:00:00',0,NULL,'2015-01-04 00:00:00',0.32,'2014-12-19 02:25:25','2015-01-04 21:33:41',0,0,793671,3313390,NULL),(286571916,'2014-12-18 00:00:00',0,NULL,'2015-01-04 00:00:00',0.27,'2014-12-19 02:44:40','2015-01-04 21:33:41',0,0,793671,3254032,NULL),(286577863,'2014-12-18 00:00:00',0,NULL,'2015-01-04 00:00:00',0.84,'2014-12-19 03:44:38','2015-01-04 21:33:33',0,0,783108,3364869,NULL),(286578242,'2014-12-18 00:00:00',0,NULL,'2015-01-04 00:00:00',0.90,'2014-12-19 03:48:37','2015-01-04 21:33:41',0,0,793671,3364869,NULL),(286584083,'2014-12-18 00:00:00',0,NULL,'2015-01-04 00:00:00',0.20,'2014-12-19 04:55:50','2015-01-04 21:33:41',0,0,793671,3317020,NULL),(286585571,'2014-12-19 00:00:00',0,'United Erie','2015-01-04 00:00:00',0.42,'2014-12-19 05:12:37','2015-01-04 21:33:33',0,0,783108,3641665,NULL),(286587903,'2014-12-19 00:00:00',0,NULL,'2015-01-04 00:00:00',0.15,'2014-12-19 05:37:38','2015-01-04 21:33:33',0,0,783108,3253567,NULL),(286589574,'2014-12-19 00:00:00',0,NULL,'2015-01-04 00:00:00',1.91,'2014-12-19 06:00:44','2015-01-04 21:33:41',0,0,793671,3253605,NULL),(286596812,'2014-12-19 00:00:00',0,NULL,'2015-01-04 00:00:00',0.28,'2014-12-19 07:14:34','2015-01-04 21:33:33',0,0,783108,3358283,NULL),(286699953,'2014-12-19 00:00:00',0,NULL,'2015-01-04 00:00:00',0.70,'2014-12-19 14:43:41','2015-01-04 21:33:33',0,0,783108,3364869,NULL),(286709891,'2014-12-19 00:00:00',0,NULL,'2015-01-04 00:00:00',0.17,'2014-12-19 15:04:19','2015-01-04 21:33:41',0,0,793671,3254032,NULL),(286710036,'2014-12-19 00:00:00',0,NULL,'2015-01-04 00:00:00',0.45,'2014-12-19 15:04:36','2015-01-04 21:33:41',0,0,793671,3364869,NULL),(286744983,'2014-12-19 00:00:00',0,'Plugin updates for Al Granger','2015-01-04 00:00:00',0.78,'2014-12-19 16:08:06','2015-01-04 21:33:33',0,0,783108,3574157,NULL),(286756527,'2014-12-19 00:00:00',0,'Trello','2015-01-04 00:00:00',0.55,'2014-12-19 16:27:41','2015-01-04 21:33:41',0,0,793671,3291311,NULL),(286770500,'2014-12-19 00:00:00',0,NULL,'2015-01-04 00:00:00',0.15,'2014-12-19 16:54:02','2015-01-04 21:33:41',0,0,793671,3254032,NULL),(286771803,'2014-12-19 00:00:00',0,NULL,'2015-01-04 00:00:00',0.10,'2014-12-19 16:56:29','2015-01-04 21:33:41',0,0,793671,3254032,NULL),(286773798,'2014-12-19 00:00:00',0,'Glenn and Julie','2015-01-04 00:00:00',1.17,'2014-12-19 17:00:40','2015-01-04 21:33:33',0,0,783108,3254032,NULL),(286776821,'2014-12-19 00:00:00',0,'avatar / bio for website','2015-01-04 00:00:00',0.44,'2014-12-19 17:06:33','2015-01-04 21:33:41',0,0,793671,3313391,NULL),(286787460,'2014-12-19 00:00:00',0,NULL,'2015-01-04 00:00:00',0.13,'2014-12-19 17:29:26','2015-01-04 21:33:41',0,0,793671,3253911,NULL),(286800000,'2014-12-19 00:00:00',0,NULL,'2015-01-04 00:00:00',0.38,'2014-12-19 17:59:47','2015-01-04 21:33:33',0,0,783108,3253567,NULL),(286807705,'2014-12-19 00:00:00',0,NULL,'2015-01-04 00:00:00',0.32,'2014-12-19 18:18:49','2015-01-04 21:33:41',0,0,793671,3254032,NULL),(286807791,'2014-12-19 00:00:00',0,NULL,'2015-01-04 00:00:00',0.26,'2014-12-19 18:19:01','2015-01-04 21:33:33',0,0,783108,3254032,NULL),(286808131,'2014-12-19 00:00:00',0,'Josh','2015-01-04 00:00:00',0.28,'2014-12-19 18:19:56','2015-01-04 21:33:41',0,0,793671,3254032,NULL),(286811794,'2014-12-19 00:00:00',0,NULL,'2015-01-04 00:00:00',1.46,'2014-12-19 18:29:15','2015-01-04 21:33:33',0,0,783108,3291311,NULL),(286813318,'2014-12-19 00:00:00',0,NULL,'2015-01-04 00:00:00',0.98,'2014-12-19 18:33:18','2015-01-04 21:33:41',0,0,793671,3463052,NULL),(286839253,'2014-12-19 00:00:00',0,'Curt Penwell','2015-01-04 00:00:00',0.08,'2014-12-19 19:44:41','2015-01-04 21:33:33',0,0,783108,3358283,NULL),(286880978,'2014-12-19 00:00:00',0,NULL,'2015-01-04 00:00:00',0.11,'2014-12-19 21:29:41','2015-01-04 21:33:33',0,0,783108,3254032,NULL),(286883821,'2014-12-19 00:00:00',0,NULL,'2015-01-04 00:00:00',0.09,'2014-12-19 21:36:06','2015-01-04 21:33:33',0,0,783108,3254032,NULL),(286885729,'2014-12-19 00:00:00',0,NULL,'2015-01-04 00:00:00',0.02,'2014-12-19 21:40:50','2015-01-04 21:33:33',0,0,783108,3254032,NULL),(286905254,'2014-12-19 00:00:00',0,'Skeleton system for switching users','2015-01-04 00:00:00',1.98,'2014-12-19 22:22:01','2015-01-04 21:33:33',0,0,783108,3478496,NULL),(286935347,'2014-12-19 00:00:00',0,'Omar','2015-01-04 00:00:00',1.31,'2014-12-19 23:52:11','2015-01-04 21:33:33',0,0,783108,3254032,NULL),(286937081,'2014-12-19 00:00:00',0,'the weekend of server migration a.k.a the exodus','2015-01-04 00:00:00',1.21,'2014-12-19 23:59:18','2015-01-04 21:33:42',0,0,886127,3253566,NULL),(286960558,'2014-12-19 00:00:00',0,'Adding links for polymorphic role relationships, adding achievement data','2015-01-04 00:00:00',1.77,'2014-12-20 03:16:16','2015-01-04 21:33:33',0,0,783108,3522794,NULL),(286964400,'2014-12-20 00:00:00',0,'Achievements','2015-01-04 00:00:00',0.23,'2014-12-20 05:02:32','2015-01-04 21:33:33',0,0,783108,3522794,NULL),(286964450,'2014-12-20 00:00:00',0,'analyzed lms price breakdown document and thought about how I should approach designs.','2015-01-04 00:00:00',0.32,'2014-12-20 05:04:35','2015-01-04 21:33:41',0,0,793671,3463052,NULL),(286964838,'2014-12-20 00:00:00',0,NULL,'2015-01-04 00:00:00',0.53,'2014-12-20 05:22:35','2015-01-04 21:33:41',0,0,793671,3254032,NULL),(286965310,'2014-12-20 00:00:00',0,'general styles, View Assignment page, cleaned css, added great responsive table solution for detailed tables.','2015-01-04 00:00:00',2.57,'2014-12-20 05:44:36','2015-01-04 21:33:41',0,0,793671,3313390,NULL),(286966256,'2014-12-20 00:00:00',0,'moving databases over','2015-01-04 00:00:00',1.85,'2014-12-20 06:31:01','2015-01-04 21:33:42',0,0,886127,3559987,NULL),(286966500,'2014-12-20 00:00:00',0,'With Omar','2015-01-04 00:00:00',0.28,'2014-12-20 06:44:19','2015-01-04 21:33:33',0,0,783108,3434036,NULL),(286968684,'2014-12-20 00:00:00',0,'conversed with Jeff, set up a meeting, emailed parties.','2015-01-04 00:00:00',0.17,'2014-12-20 09:03:00','2015-01-04 21:33:41',0,0,793671,3254032,NULL),(286968689,'2014-12-20 00:00:00',0,'Trello - updated personal board and read through server admin board','2015-01-04 00:00:00',0.35,'2014-12-20 09:03:18','2015-01-04 21:33:41',0,0,793671,3291311,NULL),(286969019,'2014-12-20 00:00:00',0,'messaged Omar','2015-01-04 00:00:00',0.05,'2014-12-20 09:17:24','2015-01-04 21:33:41',0,0,793671,3254032,NULL),(286969025,'2014-12-19 00:00:00',0,NULL,'2015-01-04 00:00:00',0.12,'2014-12-20 09:17:53','2015-01-04 21:33:41',0,0,793671,3253566,NULL),(286988080,'2014-12-20 00:00:00',0,'Lifebox','2015-01-04 00:00:00',0.27,'2014-12-20 20:48:55','2015-01-04 21:33:33',0,0,783108,3620856,NULL),(286988524,'2014-12-20 00:00:00',0,'Hosting, Omar','2015-01-04 00:00:00',1.32,'2014-12-20 21:05:17','2015-01-04 21:33:33',0,0,783108,3253567,NULL),(286989283,'2014-12-20 00:00:00',0,NULL,'2015-01-04 00:00:00',0.06,'2014-12-20 21:36:18','2015-01-04 21:33:33',0,0,783108,3254032,NULL),(286990100,'2014-12-20 00:00:00',0,'databases and stuff','2015-01-04 00:00:00',4.24,'2014-12-20 22:08:27','2015-01-04 21:33:42',0,0,886127,3559987,NULL),(286991302,'2014-12-20 00:00:00',0,'Hosting Migration - SSL, Email mapping (checks out!)','2015-01-04 00:00:00',1.89,'2014-12-20 22:55:10','2015-01-04 21:33:33',0,0,783108,3434036,NULL),(286993808,'2014-12-20 00:00:00',0,'Rapid port of Timemachine hosting core to Django','2015-01-04 00:00:00',1.11,'2014-12-21 00:54:26','2015-01-04 21:33:33',0,0,783108,3620856,NULL),(286995096,'2014-12-20 00:00:00',0,NULL,'2015-01-04 00:00:00',1.00,'2014-12-21 02:04:57','2015-01-04 21:33:33',0,0,783108,3522794,NULL),(286995124,'2014-12-20 00:00:00',0,'Discussions','2015-01-04 00:00:00',1.41,'2014-12-21 02:06:51','2015-01-04 21:33:33',0,0,783108,3568081,NULL),(286995986,'2014-12-20 00:00:00',0,'Updating number of emails for accounts in Demeter, also updating IPs in webapp','2015-01-04 00:00:00',1.75,'2014-12-21 03:09:04','2015-01-04 21:33:42',0,0,886127,3641665,NULL),(287002204,'2014-12-21 00:00:00',0,NULL,'2015-01-04 00:00:00',2.55,'2014-12-21 05:04:07','2015-01-04 21:33:33',0,0,783108,3618405,NULL),(287002578,'2014-12-21 00:00:00',0,NULL,'2015-01-04 00:00:00',0.20,'2014-12-21 05:27:15','2015-01-04 21:33:33',0,0,783108,3254032,NULL),(287003825,'2014-12-20 00:00:00',0,NULL,'2015-01-04 00:00:00',0.23,'2014-12-21 06:45:58','2015-01-04 21:33:41',0,0,793671,3291311,NULL),(287003832,'2014-12-21 00:00:00',0,'-added to view assignments table, worked on grade assignment page, added wysiwyg editor. ','2015-01-04 00:00:00',5.29,'2014-12-21 06:46:11','2015-01-04 21:33:41',0,0,793671,3313390,NULL),(287005226,'2014-12-21 00:00:00',0,NULL,'2015-01-04 00:00:00',0.15,'2014-12-21 08:25:02','2015-01-04 21:33:41',0,0,793671,3254032,NULL),(287006044,'2014-12-21 00:00:00',0,NULL,'2015-01-04 00:00:00',0.13,'2014-12-21 09:25:24','2015-01-04 21:33:41',0,0,793671,3291311,NULL),(287020450,'2014-12-21 00:00:00',0,NULL,'2015-01-04 00:00:00',1.41,'2014-12-21 18:33:31','2015-01-04 21:33:33',0,0,783108,3253567,NULL),(287022378,'2014-12-21 00:00:00',0,'meeting planning','2015-01-04 00:00:00',0.35,'2014-12-21 19:19:16','2015-01-04 21:33:41',0,0,793671,3313391,NULL),(287022776,'2014-12-21 00:00:00',0,NULL,'2015-01-04 00:00:00',3.78,'2014-12-21 19:28:45','2015-01-04 21:33:22',0,0,806530,3253911,NULL),(287023789,'2014-12-21 00:00:00',0,NULL,'2015-01-04 00:00:00',0.40,'2014-12-21 19:47:21','2015-01-04 21:33:41',0,0,793671,3254032,NULL),(287028410,'2014-12-21 00:00:00',0,NULL,'2015-01-04 00:00:00',1.57,'2014-12-21 21:00:11','2015-01-04 21:33:33',0,0,783108,3522794,NULL),(287028948,'2014-12-21 00:00:00',0,'courtier meeting with all partners','2015-01-04 00:00:00',1.98,'2014-12-21 21:07:21','2015-01-04 21:33:41',0,0,793671,3364869,NULL),(287034441,'2014-12-21 00:00:00',0,'assignment-related research','2015-01-04 00:00:00',0.42,'2014-12-21 22:22:38','2015-01-04 21:33:41',0,0,793671,3512621,NULL),(287034707,'2014-12-21 00:00:00',0,NULL,'2015-01-04 00:00:00',0.26,'2014-12-21 22:26:15','2015-01-04 21:33:33',0,0,783108,3253567,NULL),(287048031,'2014-12-21 00:00:00',0,NULL,'2015-01-04 00:00:00',0.92,'2014-12-22 01:09:37','2015-01-04 21:33:33',0,0,783108,3253992,NULL),(287049234,'2014-12-21 00:00:00',0,NULL,'2015-01-04 00:00:00',0.11,'2014-12-22 01:25:51','2015-01-04 21:33:33',0,0,783108,3253567,NULL),(287049925,'2014-12-21 00:00:00',0,NULL,'2015-01-04 00:00:00',3.86,'2014-12-22 01:36:14','2015-01-04 21:33:42',0,0,886127,3559987,NULL),(287050460,'2014-12-21 00:00:00',0,NULL,'2015-01-04 00:00:00',0.21,'2014-12-22 01:42:46','2015-01-04 21:33:33',0,0,783108,3253566,NULL),(287288828,'2014-12-22 00:00:00',0,NULL,'2015-01-04 00:00:00',0.83,'2014-12-22 17:44:42','2015-01-04 21:33:33',0,0,783108,3254032,NULL),(287301444,'2014-12-22 00:00:00',0,NULL,'2015-01-04 00:00:00',0.42,'2014-12-22 18:14:51','2015-01-04 21:33:33',0,0,783108,3512621,NULL),(287306644,'2014-12-22 00:00:00',0,NULL,'2015-01-04 00:00:00',0.57,'2014-12-22 18:28:16','2015-01-04 21:33:33',0,0,783108,3254032,NULL),(287312842,'2014-12-22 00:00:00',0,NULL,'2015-01-04 00:00:00',1.33,'2014-12-22 18:45:43','2015-01-04 21:33:33',0,0,783108,3358283,NULL),(287372843,'2014-12-22 00:00:00',0,'accounting prep','2015-01-04 00:00:00',0.38,'2014-12-22 21:40:09','2015-01-04 21:33:41',0,0,793671,3253605,NULL),(287372886,'2014-12-22 00:00:00',0,'accounting meeting','2015-01-04 00:00:00',1.08,'2014-12-22 21:40:20','2015-01-04 21:33:41',0,0,793671,3253605,NULL),(287374862,'2014-12-22 00:00:00',0,'email and price estimate','2015-01-04 00:00:00',0.15,'2014-12-22 21:45:24','2015-01-04 21:33:41',0,0,793671,3254032,NULL),(287388760,'2014-12-22 00:00:00',0,NULL,'2015-01-04 00:00:00',0.10,'2014-12-22 22:24:23','2015-01-04 21:33:41',0,0,793671,3254032,NULL),(287388848,'2014-12-22 00:00:00',0,NULL,'2015-01-04 00:00:00',0.08,'2014-12-22 22:24:41','2015-01-04 21:33:41',0,0,793671,3253566,NULL),(287389509,'2014-12-22 00:00:00',0,NULL,'2015-01-04 00:00:00',2.95,'2014-12-22 22:26:54','2015-01-04 21:33:41',0,0,793671,3313390,NULL),(287409430,'2014-12-22 00:00:00',0,'Time Machine','2015-01-04 00:00:00',0.23,'2014-12-22 23:41:28','2015-01-04 21:33:33',0,0,783108,3620856,NULL),(287426729,'2014-12-22 00:00:00',0,NULL,'2015-01-04 00:00:00',1.70,'2014-12-23 01:26:28','2015-01-04 21:33:33',0,0,783108,3253568,NULL),(287438051,'2014-12-22 00:00:00',0,'(call with josh - finances, accounting.  :28)','2015-01-04 00:00:00',0.47,'2014-12-23 03:46:13','2015-01-04 21:33:41',0,0,793671,3254032,NULL),(287577881,'2014-12-23 00:00:00',0,'Time Machine','2015-01-04 00:00:00',1.74,'2014-12-23 16:25:33','2015-01-04 21:33:33',0,0,783108,3620856,NULL),(287629764,'2014-12-23 00:00:00',0,'AutoTask','2015-01-04 00:00:00',1.43,'2014-12-23 18:29:29','2015-01-04 21:33:33',0,0,783108,3253568,NULL),(287669523,'2014-12-23 00:00:00',0,'Meeting with Jeff, Kristina, and Angela','2015-01-04 00:00:00',0.83,'2014-12-23 20:47:59','2015-01-04 21:33:22',0,0,806530,3254032,NULL),(287669789,'2014-12-23 00:00:00',0,'E-mailing Michael, Briefly Researching Client Profile, Editing Blog.','2015-01-04 00:00:00',1.07,'2014-12-23 20:48:50','2015-01-04 21:33:22',0,0,806530,3254032,NULL),(287673006,'2014-12-23 00:00:00',0,'Meeting with Angela, Jeff, and Kristina.','2015-01-04 00:00:00',1.48,'2014-12-23 21:00:02','2015-01-04 21:33:41',0,0,793671,3253567,NULL),(287673165,'2014-12-23 00:00:00',0,'AutoTask','2015-01-04 00:00:00',1.30,'2014-12-23 21:00:31','2015-01-04 21:33:41',0,0,793671,3364869,NULL),(287673339,'2014-12-23 00:00:00',0,NULL,'2015-01-04 00:00:00',1.10,'2014-12-23 21:01:04','2015-01-04 21:33:41',0,0,793671,3254032,NULL),(287673480,'2014-12-23 00:00:00',0,NULL,'2015-01-04 00:00:00',0.30,'2014-12-23 21:01:34','2015-01-04 21:33:41',0,0,793671,3313391,NULL),(287674002,'2014-12-23 00:00:00',0,NULL,'2015-01-04 00:00:00',0.13,'2014-12-23 21:03:27','2015-01-04 21:33:41',0,0,793671,3253566,NULL),(287678867,'2014-12-23 00:00:00',0,'Trello','2015-01-04 00:00:00',0.28,'2014-12-23 21:20:06','2015-01-04 21:33:41',0,0,793671,3291311,NULL),(287706143,'2014-12-23 00:00:00',0,NULL,'2015-01-04 00:00:00',0.28,'2014-12-23 23:00:26','2015-01-04 21:33:41',0,0,793671,3291311,NULL),(287706180,'2014-12-23 00:00:00',0,NULL,'2015-01-04 00:00:00',0.48,'2014-12-23 23:00:34','2015-01-04 21:33:41',0,0,793671,3313390,NULL),(287708078,'2014-12-23 00:00:00',0,NULL,'2015-01-04 00:00:00',0.32,'2014-12-23 23:10:10','2015-01-04 21:33:41',0,0,793671,3364869,NULL),(287715213,'2014-12-23 00:00:00',0,'Lifebox','2015-01-04 00:00:00',0.14,'2014-12-23 23:55:11','2015-01-04 21:33:33',0,0,783108,3620856,NULL),(287716187,'2014-12-23 00:00:00',0,NULL,'2015-01-04 00:00:00',0.05,'2014-12-24 00:03:42','2015-01-04 21:33:33',0,0,783108,3254032,NULL),(287716558,'2014-12-23 00:00:00',0,NULL,'2015-01-04 00:00:00',2.21,'2014-12-24 00:06:37','2015-01-04 21:33:33',0,0,783108,3253992,NULL),(287716594,'2014-12-23 00:00:00',0,NULL,'2015-01-04 00:00:00',0.03,'2014-12-24 00:06:56','2015-01-04 21:33:33',0,0,783108,3254032,NULL),(287726857,'2014-12-23 00:00:00',0,'Blog Editing, Organization, Research for Possible Blog Topics.','2015-01-04 00:00:00',1.63,'2014-12-24 01:39:54','2015-01-04 21:33:22',0,0,806530,3291311,NULL),(287734424,'2014-12-23 00:00:00',0,'computer / new phone setup, counting a percentage of this time ','2015-01-04 00:00:00',0.42,'2014-12-24 03:49:27','2015-01-04 21:33:41',0,0,793671,3313391,NULL),(287737827,'2014-12-24 00:00:00',0,NULL,'2015-01-04 00:00:00',2.08,'2014-12-24 05:09:55','2015-01-04 21:33:41',0,0,793671,3313390,NULL),(287746622,'2014-12-24 00:00:00',0,'meeting with dylan to discuss progress, provide recommendations','2015-01-04 00:00:00',0.27,'2014-12-24 08:21:38','2015-01-04 21:33:41',0,0,793671,3364869,NULL),(287786212,'2014-12-24 00:00:00',0,NULL,'2015-01-04 00:00:00',4.66,'2014-12-24 15:04:06','2015-01-04 21:33:33',0,0,783108,3253992,NULL),(287792745,'2014-12-24 00:00:00',0,NULL,'2015-01-04 00:00:00',0.26,'2014-12-24 15:44:49','2015-01-04 21:33:33',0,0,783108,3254032,NULL),(287809118,'2014-12-24 00:00:00',0,NULL,'2015-01-04 00:00:00',0.08,'2014-12-24 17:34:01','2015-01-04 21:33:33',0,0,783108,3254032,NULL),(287818682,'2014-12-24 00:00:00',0,NULL,'2015-01-04 00:00:00',1.41,'2014-12-24 18:44:11','2015-01-04 21:33:33',0,0,783108,3253568,NULL),(287828323,'2014-12-24 00:00:00',0,'meeting w/ josh','2015-01-04 00:00:00',1.25,'2014-12-24 20:15:14','2015-01-04 21:33:41',0,0,793671,3364869,NULL),(287828344,'2014-12-24 00:00:00',0,'trackvia','2015-01-04 00:00:00',0.50,'2014-12-24 20:15:25','2015-01-04 21:33:41',0,0,793671,3364869,NULL),(287828400,'2014-12-24 00:00:00',0,NULL,'2015-01-04 00:00:00',0.23,'2014-12-24 20:15:57','2015-01-04 21:33:41',0,0,793671,3254032,NULL),(287838405,'2014-12-24 00:00:00',0,'Lifebox - Watch television show and caffeine conversions','2015-01-04 00:00:00',0.98,'2014-12-24 23:07:33','2015-01-04 21:33:33',0,0,783108,3620856,NULL),(287842658,'2014-12-24 00:00:00',0,NULL,'2015-01-04 00:00:00',0.21,'2014-12-25 03:06:33','2015-01-04 21:33:33',0,0,783108,3253567,NULL),(287854379,'2014-12-25 00:00:00',0,'Installing Ubuntu 14.04','2015-01-04 00:00:00',0.44,'2014-12-25 17:23:17','2015-01-04 21:33:33',0,0,783108,3584449,NULL),(287854516,'2014-12-25 00:00:00',0,'Lifebox','2015-01-04 00:00:00',1.04,'2014-12-25 17:37:19','2015-01-04 21:33:33',0,0,783108,3620856,NULL),(287854575,'2014-12-25 00:00:00',0,NULL,'2015-01-04 00:00:00',0.00,'2014-12-25 17:43:48','2015-01-04 21:33:33',0,0,783108,3254032,NULL),(287855206,'2014-12-25 00:00:00',0,NULL,'2015-01-04 00:00:00',0.03,'2014-12-25 18:44:23','2015-01-04 21:33:33',0,0,783108,3434036,NULL),(287856601,'2014-12-25 00:00:00',0,'Time Machine','2015-01-04 00:00:00',0.69,'2014-12-25 20:40:06','2015-01-04 21:33:33',0,0,783108,3620856,NULL),(287857188,'2014-12-25 00:00:00',0,'Land of Possibility','2015-01-04 00:00:00',0.07,'2014-12-25 21:21:47','2015-01-04 21:33:33',0,0,783108,3574157,NULL),(287857226,'2014-12-25 00:00:00',0,NULL,'2015-01-04 00:00:00',0.43,'2014-12-25 21:26:12','2015-01-04 21:33:33',0,0,783108,3559987,NULL),(287857264,'2014-12-25 00:00:00',0,'OVH','2015-01-04 00:00:00',0.06,'2014-12-25 21:31:26','2015-01-04 21:33:33',0,0,783108,3317020,NULL),(287862833,'2014-12-26 00:00:00',0,'Installing and configuring Ubuntu 14.04','2015-01-04 00:00:00',0.75,'2014-12-26 05:21:19','2015-01-04 21:33:33',0,0,783108,3584449,NULL),(287888579,'2014-12-26 00:00:00',0,'Glenn Garnes','2015-01-04 00:00:00',0.45,'2014-12-26 16:04:10','2015-01-04 21:33:33',0,0,783108,3254032,NULL),(287889345,'2014-12-26 00:00:00',0,NULL,'2015-01-04 00:00:00',0.77,'2014-12-26 16:11:13','2015-01-04 21:33:41',0,0,793671,3313391,NULL),(287889366,'2014-12-26 00:00:00',0,'weekly planning, trello for personal and business board','2015-01-04 00:00:00',0.62,'2014-12-26 16:11:21','2015-01-04 21:33:41',0,0,793671,3291311,NULL),(287889500,'2014-12-26 00:00:00',0,NULL,'2015-01-04 00:00:00',0.26,'2014-12-26 16:12:46','2015-01-04 21:33:33',0,0,783108,3253567,NULL),(287890986,'2014-12-26 00:00:00',0,NULL,'2015-01-04 00:00:00',1.35,'2014-12-26 16:29:02','2015-01-04 21:33:33',0,0,783108,3253567,NULL),(287891382,'2014-12-26 00:00:00',0,'initial phone call with josh','2015-01-04 00:00:00',0.28,'2014-12-26 16:33:13','2015-01-04 21:33:41',0,0,793671,3254032,NULL),(287891800,'2014-12-21 00:00:00',0,NULL,'2015-01-04 00:00:00',3.00,'2014-12-26 16:37:46','2015-01-04 21:33:43',0,0,801525,3559906,NULL),(287893901,'2014-12-26 00:00:00',0,NULL,'2015-01-04 00:00:00',1.68,'2014-12-26 16:58:52','2015-01-04 21:33:41',0,0,793671,3313390,NULL),(287894319,'2014-12-26 00:00:00',0,NULL,'2015-01-04 00:00:00',0.16,'2014-12-26 17:02:59','2015-01-04 21:33:33',0,0,783108,3254032,NULL),(287903007,'2014-12-26 00:00:00',0,NULL,'2015-01-04 00:00:00',0.69,'2014-12-26 18:42:17','2015-01-04 21:33:33',0,0,783108,3253566,NULL),(287907870,'2014-12-26 00:00:00',0,NULL,'2015-01-04 00:00:00',1.12,'2014-12-26 19:44:43','2015-01-04 21:33:33',0,0,783108,3253567,NULL),(287911150,'2014-12-26 00:00:00',0,'deposited check (Westcon), figured out tax-related information, send out three checks pertaining to 2014 taxes.','2015-01-04 00:00:00',0.63,'2014-12-26 20:27:07','2015-01-04 21:33:41',0,0,793671,3253605,NULL),(287913383,'2014-12-26 00:00:00',0,NULL,'2015-01-04 00:00:00',0.73,'2014-12-26 20:57:55','2015-01-04 21:33:41',0,0,793671,3254032,NULL),(287918594,'2014-12-26 00:00:00',0,'flight information, trip planning','2015-01-04 00:00:00',0.47,'2014-12-26 22:00:24','2015-01-04 21:33:41',0,0,793671,3313391,NULL),(287919587,'2014-12-26 00:00:00',0,'email reply, advice for situation','2015-01-04 00:00:00',0.43,'2014-12-26 22:13:20','2015-01-04 21:33:41',0,0,793671,3254032,NULL),(287924583,'2014-12-26 00:00:00',0,'Lifebox','2015-01-04 00:00:00',0.25,'2014-12-26 23:31:28','2015-01-04 21:33:33',0,0,783108,3620856,NULL),(287927996,'2014-12-26 00:00:00',0,NULL,'2015-01-04 00:00:00',2.32,'2014-12-27 00:44:05','2015-01-04 21:33:33',0,0,783108,3618405,NULL),(287931346,'2014-12-26 00:00:00',0,'communication w/ josh prior to meeting with Chirag','2015-01-04 00:00:00',0.23,'2014-12-27 03:11:43','2015-01-04 21:33:41',0,0,793671,3254032,NULL),(287933346,'2014-12-27 00:00:00',0,NULL,'2015-01-04 00:00:00',3.02,'2014-12-27 05:29:22','2015-01-04 21:33:41',0,0,793671,3253566,NULL),(287934807,'2014-12-27 00:00:00',0,'color scheme, logo','2015-01-04 00:00:00',1.15,'2014-12-27 08:17:49','2015-01-04 21:33:41',0,0,793671,3253566,NULL),(287942167,'2014-12-27 00:00:00',0,'Lifebox','2015-01-04 00:00:00',2.33,'2014-12-27 16:32:11','2015-01-04 21:33:33',0,0,783108,3620856,NULL),(287946144,'2014-12-27 00:00:00',0,NULL,'2015-01-04 00:00:00',0.32,'2014-12-27 18:41:30','2015-01-04 21:33:41',0,0,793671,3313391,NULL),(287946165,'2014-12-27 00:00:00',0,NULL,'2015-01-04 00:00:00',1.02,'2014-12-27 18:41:49','2015-01-04 21:33:41',0,0,793671,3313390,NULL),(287948912,'2014-12-27 00:00:00',0,NULL,'2015-01-04 00:00:00',6.77,'2014-12-27 20:37:45','2015-01-04 21:33:33',0,0,783108,3618405,NULL),(287949053,'2014-12-27 00:00:00',0,'worked on drawables for 1/1','2015-01-04 00:00:00',0.36,'2014-12-27 20:45:32','2015-01-04 21:33:41',0,0,793671,3253605,NULL),(287951036,'2014-12-27 00:00:00',0,NULL,'2015-01-04 00:00:00',0.06,'2014-12-27 22:11:58','2015-01-04 21:33:33',0,0,783108,3254032,NULL),(287951106,'2014-12-27 00:00:00',0,'Required fields','2015-01-04 00:00:00',0.50,'2014-12-27 22:15:25','2015-01-04 21:33:33',0,0,783108,3253992,NULL),(287951213,'2014-12-27 00:00:00',0,'Personal','2015-01-04 00:00:00',0.04,'2014-12-27 22:20:31','2015-01-04 21:33:33',0,0,783108,3358283,NULL),(287953870,'2014-12-27 00:00:00',0,NULL,'2015-01-04 00:00:00',0.36,'2014-12-28 00:37:53','2015-01-04 21:33:33',0,0,783108,3477685,NULL),(287956180,'2014-12-27 00:00:00',0,'assignment documentation','2015-01-04 00:00:00',0.14,'2014-12-28 02:53:57','2015-01-04 21:33:41',0,0,793671,3463052,NULL),(287956453,'2014-12-27 00:00:00',0,NULL,'2015-01-04 00:00:00',0.05,'2014-12-28 03:24:04','2015-01-04 21:33:33',0,0,783108,3522794,NULL),(287956512,'2014-12-27 00:00:00',0,NULL,'2015-01-04 00:00:00',0.83,'2014-12-28 03:30:56','2015-01-04 21:33:33',0,0,783108,3364869,NULL),(287956535,'2014-12-27 00:00:00',0,'purchase banter (:16), josh, dylan','2015-01-04 00:00:00',0.65,'2014-12-28 03:33:36','2015-01-04 21:33:41',0,0,793671,3254032,NULL),(287969420,'2014-12-28 00:00:00',0,NULL,'2015-01-04 00:00:00',1.65,'2014-12-28 16:04:49','2015-01-04 21:33:41',0,0,793671,3313390,NULL),(287969440,'2014-12-28 00:00:00',0,'excel spreadsheets normalization, and color palette creations.','2015-01-04 00:00:00',3.60,'2014-12-28 16:05:39','2015-01-04 21:33:41',0,0,793671,3313391,NULL),(287969453,'2014-12-28 00:00:00',0,NULL,'2015-01-04 00:00:00',0.32,'2014-12-28 16:06:26','2015-01-04 21:33:41',0,0,793671,3291311,NULL),(287977975,'2014-12-28 00:00:00',0,NULL,'2015-01-04 00:00:00',0.00,'2014-12-28 18:14:06','2015-01-04 21:33:33',0,0,783108,3254032,NULL),(287978736,'2014-12-28 00:00:00',0,'SUPER SUCCESSFUL - Figured out how to pass subclasses around, so that we have access to Student, Teacher, Parent, and Administrator models at all (appropriate) times. This is a continuation from last night.','2015-01-04 00:00:00',1.91,'2014-12-28 18:38:11','2015-01-04 21:33:33',0,0,783108,3618405,NULL),(287980283,'2014-12-28 00:00:00',0,NULL,'2015-01-04 00:00:00',0.42,'2014-12-28 19:21:54','2015-01-04 21:33:33',0,0,783108,3254032,NULL),(287983583,'2014-12-28 00:00:00',0,'Business improvement items (Keith)','2015-01-04 00:00:00',0.20,'2014-12-28 20:46:23','2015-01-04 21:33:33',0,0,783108,3253566,NULL),(287985037,'2014-12-28 00:00:00',0,NULL,'2015-01-04 00:00:00',0.33,'2014-12-28 21:30:43','2015-01-04 21:33:33',0,0,783108,3364869,NULL),(287986243,'2014-12-28 00:00:00',0,'w/ josh','2015-01-04 00:00:00',0.50,'2014-12-28 22:00:24','2015-01-04 21:33:41',0,0,793671,3364869,NULL),(287986854,'2014-12-28 00:00:00',0,'Lifebox','2015-01-04 00:00:00',0.04,'2014-12-28 22:17:46','2015-01-04 21:33:33',0,0,783108,3620856,NULL),(287990281,'2014-12-28 00:00:00',0,NULL,'2015-01-04 00:00:00',3.46,'2014-12-28 23:26:11','2015-01-04 21:33:33',0,0,783108,3253992,NULL),(287993027,'2014-12-28 00:00:00',0,NULL,'2015-01-04 00:00:00',1.60,'2014-12-29 00:39:17','2015-01-04 21:33:22',0,0,806530,3253911,NULL),(287994019,'2014-12-28 00:00:00',0,'Working on websites that were migrated but are not working','2015-01-04 00:00:00',2.52,'2014-12-29 01:02:43','2015-01-04 21:33:42',0,0,886127,3559987,NULL),(287999687,'2014-12-28 00:00:00',0,NULL,'2015-01-04 00:00:00',0.52,'2014-12-29 03:10:40','2015-01-04 21:33:41',0,0,793671,3254032,NULL),(287999719,'2014-12-28 00:00:00',0,'meeting with entire team:  ABC license requirements, business plan, invitation to Board of Advisor members, and investor prospectus.','2015-01-04 00:00:00',1.53,'2014-12-29 03:11:18','2015-01-04 21:33:41',0,0,793671,3364869,NULL),(288000155,'2014-12-28 00:00:00',0,NULL,'2015-01-04 00:00:00',0.57,'2014-12-29 03:18:13','2015-01-04 21:33:33',0,0,783108,3253567,NULL),(288010107,'2014-12-29 00:00:00',0,NULL,'2015-01-04 00:00:00',1.05,'2014-12-29 06:42:01','2015-01-04 21:33:33',0,0,783108,3559906,NULL),(288013731,'2014-12-29 00:00:00',0,NULL,'2015-01-04 00:00:00',1.61,'2014-12-29 07:45:09','2015-01-04 21:33:33',0,0,783108,3522794,NULL),(288018241,'2014-12-29 00:00:00',0,NULL,'2015-01-04 00:00:00',1.02,'2014-12-29 08:33:17','2015-01-04 21:33:33',0,0,783108,3618405,NULL),(288089762,'2014-12-29 00:00:00',0,'summarizing lecture, writing blog, editing blog','2015-01-04 00:00:00',1.47,'2014-12-29 15:11:29','2015-01-04 21:33:22',0,0,806530,3291311,NULL),(288095660,'2014-12-29 00:00:00',0,'notes from meeting with jeff','2015-01-04 00:00:00',0.59,'2014-12-29 15:26:42','2015-01-04 21:33:22',0,0,806530,3291311,NULL),(288125873,'2014-12-29 00:00:00',0,'Trello planning','2015-01-04 00:00:00',0.28,'2014-12-29 16:45:22','2015-01-04 21:33:41',0,0,793671,3291311,NULL),(288125919,'2014-12-29 00:00:00',0,NULL,'2015-01-04 00:00:00',0.45,'2014-12-29 16:45:28','2015-01-04 21:33:41',0,0,793671,3313391,NULL),(288126056,'2014-12-29 00:00:00',0,NULL,'2015-01-04 00:00:00',0.30,'2014-12-29 16:45:50','2015-01-04 21:33:41',0,0,793671,3313390,NULL),(288126088,'2014-12-29 00:00:00',0,NULL,'2015-01-04 00:00:00',2.10,'2014-12-29 16:45:56','2015-01-04 21:33:41',0,0,793671,3313390,NULL),(288130132,'2014-12-29 00:00:00',0,NULL,'2015-01-04 00:00:00',0.08,'2014-12-29 16:56:59','2015-01-04 21:33:41',0,0,793671,3317020,NULL),(288142860,'2014-12-29 00:00:00',0,NULL,'2015-01-04 00:00:00',0.03,'2014-12-29 17:34:27','2015-01-04 21:33:33',0,0,783108,3254032,NULL),(288143057,'2014-12-29 00:00:00',0,NULL,'2015-01-04 00:00:00',1.08,'2014-12-29 17:35:16','2015-01-04 21:33:33',0,0,783108,3291311,NULL),(288144450,'2014-12-29 00:00:00',0,NULL,'2015-01-04 00:00:00',0.60,'2014-12-29 17:40:06','2015-01-04 21:33:33',0,0,783108,3254032,NULL),(288157217,'2014-12-29 00:00:00',0,'w/ josh','2015-01-04 00:00:00',0.42,'2014-12-29 18:23:27','2015-01-04 21:33:41',0,0,793671,3364869,NULL),(288157304,'2014-12-29 00:00:00',0,'w/ josh - employees, tasks','2015-01-04 00:00:00',0.50,'2014-12-29 18:23:44','2015-01-04 21:33:41',0,0,793671,3364869,NULL),(288158960,'2014-12-29 00:00:00',0,NULL,'2015-01-04 00:00:00',0.07,'2014-12-29 18:29:45','2015-01-04 21:33:41',0,0,793671,3254032,NULL),(288158995,'2014-12-29 00:00:00',0,'trello, brainstorming ideas in slack for blog development, general organization and preparation','2015-01-04 00:00:00',0.97,'2014-12-29 18:29:52','2015-01-04 21:33:22',0,0,806530,3313391,NULL),(288175061,'2014-12-29 00:00:00',0,NULL,'2015-01-04 00:00:00',0.40,'2014-12-29 19:31:24','2015-01-04 21:33:33',0,0,783108,3253992,NULL),(288193148,'2014-12-29 00:00:00',0,'logo designs','2015-01-04 00:00:00',0.95,'2014-12-29 20:52:04','2015-01-04 21:33:41',0,0,793671,3313390,NULL),(288215896,'2014-12-29 00:00:00',0,'meeting w/ dylan.  future plans.','2015-01-04 00:00:00',0.73,'2014-12-29 22:26:11','2015-01-04 21:33:41',0,0,793671,3364869,NULL),(288215948,'2014-12-29 00:00:00',0,NULL,'2015-01-04 00:00:00',0.32,'2014-12-29 22:26:30','2015-01-04 21:33:41',0,0,793671,3254032,NULL),(288216485,'2014-12-28 00:00:00',0,NULL,'2015-01-04 00:00:00',2.00,'2014-12-29 22:29:02','2015-01-04 21:33:43',0,0,801525,3559906,NULL),(288234703,'2014-12-29 00:00:00',0,NULL,'2015-01-04 00:00:00',0.21,'2014-12-30 00:29:42','2015-01-04 21:33:33',0,0,783108,3253566,NULL),(288239343,'2014-12-29 00:00:00',0,NULL,'2015-01-04 00:00:00',0.58,'2014-12-30 01:07:55','2015-01-04 21:33:33',0,0,783108,3317020,NULL),(288240016,'2014-12-29 00:00:00',0,NULL,'2015-01-04 00:00:00',1.21,'2014-12-30 01:15:46','2015-01-04 21:33:33',0,0,783108,3477685,NULL),(288249045,'2014-12-29 00:00:00',0,NULL,'2015-01-04 00:00:00',1.29,'2014-12-30 03:41:14','2015-01-04 21:33:33',0,0,783108,3364869,NULL),(288250660,'2014-12-29 00:00:00',0,NULL,'2015-01-04 00:00:00',1.28,'2014-12-30 04:16:11','2015-01-04 21:33:41',0,0,793671,3364869,NULL),(288250692,'2014-12-29 00:00:00',0,'w/ josh - pre-meeting','2015-01-04 00:00:00',0.65,'2014-12-30 04:17:00','2015-01-04 21:33:41',0,0,793671,3254032,NULL),(288323080,'2014-12-29 00:00:00',0,NULL,'2015-01-04 00:00:00',1.00,'2014-12-30 15:41:55','2015-01-04 21:33:43',0,0,801525,3559906,NULL),(288343585,'2014-12-30 00:00:00',0,'figured out what still needs done for project, emailed Mike.','2015-01-04 00:00:00',0.30,'2014-12-30 16:52:49','2015-01-04 21:33:41',0,0,793671,3254032,NULL),(288343661,'2014-12-30 00:00:00',0,'Trello','2015-01-04 00:00:00',0.45,'2014-12-30 16:53:07','2015-01-04 21:33:41',0,0,793671,3291311,NULL),(288343740,'2014-12-30 00:00:00',0,'looked at market and talked with jim about the market, and metals.','2015-01-04 00:00:00',0.30,'2014-12-30 16:53:21','2015-01-04 21:33:41',0,0,793671,3253566,NULL),(288360104,'2014-12-30 00:00:00',0,'Closing stores','2015-01-04 00:00:00',0.69,'2014-12-30 17:49:12','2015-01-04 21:33:33',0,0,783108,3317020,NULL),(288360319,'2014-12-30 00:00:00',0,NULL,'2015-01-04 00:00:00',0.29,'2014-12-30 17:50:11','2015-01-04 21:33:33',0,0,783108,3254032,NULL),(288368024,'2014-12-30 00:00:00',0,'narrowed down company colors to three palette\'s, made two logos.','2015-01-04 00:00:00',1.73,'2014-12-30 18:20:34','2015-01-04 21:33:41',0,0,793671,3313390,NULL),(288370748,'2014-12-30 00:00:00',0,NULL,'2015-01-04 00:00:00',0.48,'2014-12-30 18:32:57','2015-01-04 21:33:41',0,0,793671,3291311,NULL),(288377245,'2014-12-30 00:00:00',0,NULL,'2015-01-04 00:00:00',0.50,'2014-12-30 19:03:49','2015-01-04 21:33:33',0,0,783108,3253992,NULL),(288377296,'2014-12-30 00:00:00',0,NULL,'2015-01-04 00:00:00',0.13,'2014-12-30 19:04:06','2015-01-04 21:33:33',0,0,783108,3254032,NULL),(288386559,'2014-12-30 00:00:00',0,'signed up for PandaDoc, made a template for a web development project proposal.','2015-01-04 00:00:00',0.65,'2014-12-30 19:47:26','2015-01-04 21:33:41',0,0,793671,3313391,NULL),(288388628,'2014-12-30 00:00:00',0,NULL,'2015-01-04 00:00:00',0.92,'2014-12-30 19:56:42','2015-01-04 21:33:33',0,0,783108,3253992,NULL),(288396372,'2014-12-30 00:00:00',0,NULL,'2015-01-04 00:00:00',2.07,'2014-12-30 20:35:29','2015-01-04 21:33:33',0,0,783108,3253568,NULL),(288405298,'2014-12-30 00:00:00',0,'w/ josh and dylan (:40)','2015-01-04 00:00:00',2.38,'2014-12-30 20:53:10','2015-01-04 21:33:41',0,0,793671,3364869,NULL),(288464933,'2014-12-30 00:00:00',0,NULL,'2015-01-04 00:00:00',0.42,'2014-12-31 01:19:45','2015-01-04 21:33:33',0,0,783108,3253567,NULL),(288467448,'2014-12-30 00:00:00',0,NULL,'2015-01-04 00:00:00',0.29,'2014-12-31 01:58:25','2015-01-04 21:33:33',0,0,783108,3253567,NULL),(288468530,'2014-12-30 00:00:00',0,NULL,'2015-01-04 00:00:00',0.52,'2014-12-31 02:15:39','2015-01-04 21:33:33',0,0,783108,3574157,NULL),(288470033,'2014-12-30 00:00:00',0,NULL,'2015-01-04 00:00:00',3.09,'2014-12-31 02:46:55','2015-01-04 21:33:33',0,0,783108,3434036,NULL),(288472387,'2014-12-30 00:00:00',0,NULL,'2015-01-04 00:00:00',0.30,'2014-12-31 03:32:34','2015-01-04 21:33:33',0,0,783108,3434036,NULL),(288473206,'2014-12-30 00:00:00',0,NULL,'2015-01-04 00:00:00',0.15,'2014-12-31 03:50:20','2015-01-04 21:33:41',0,0,793671,3313390,NULL),(288473680,'2014-12-30 00:00:00',0,NULL,'2015-01-04 00:00:00',3.00,'2014-12-31 04:01:31','2015-01-04 21:33:43',0,0,801525,3559906,NULL),(288474749,'2014-12-30 00:00:00',0,NULL,'2015-01-04 00:00:00',0.67,'2014-12-31 04:27:45','2015-01-04 21:33:22',0,0,806530,3364869,NULL),(288474767,'2014-12-30 00:00:00',0,NULL,'2015-01-04 00:00:00',1.07,'2014-12-31 04:28:12','2015-01-04 21:33:22',0,0,806530,3291311,NULL),(288474938,'2014-12-30 00:00:00',0,NULL,'2015-01-04 00:00:00',2.62,'2014-12-31 04:32:25','2015-01-04 21:33:41',0,0,793671,3313390,NULL),(288482416,'2014-12-31 00:00:00',0,'Trello','2015-01-04 00:00:00',0.45,'2014-12-31 07:37:59','2015-01-04 21:33:41',0,0,793671,3291311,NULL),(288482596,'2014-12-31 00:00:00',0,'file upload, et cetera','2015-01-04 00:00:00',0.27,'2014-12-31 07:44:36','2015-01-04 21:33:41',0,0,793671,3253992,NULL),(288482601,'2014-12-31 00:00:00',0,'lifebox (:22) trello integration with slack (:05)','2015-01-04 00:00:00',0.95,'2014-12-31 07:44:47','2015-01-04 21:33:41',0,0,793671,3313391,NULL),(288514096,'2014-12-31 00:00:00',0,NULL,'2015-01-04 00:00:00',0.63,'2014-12-31 14:24:31','2015-01-04 21:33:22',0,0,806530,3254032,NULL),(288514215,'2014-12-31 00:00:00',0,NULL,'2015-01-04 00:00:00',3.39,'2014-12-31 14:25:15','2015-01-04 21:33:22',0,0,806530,3291311,NULL),(288520842,'2014-12-31 00:00:00',0,NULL,'2015-01-04 00:00:00',0.45,'2014-12-31 14:58:13','2015-01-04 21:33:33',0,0,783108,3254032,NULL),(288547740,'2014-12-31 00:00:00',0,NULL,'2015-01-04 00:00:00',0.31,'2014-12-31 16:55:32','2015-01-04 21:33:33',0,0,783108,3254032,NULL),(288556162,'2014-12-31 00:00:00',0,NULL,'2015-01-04 00:00:00',0.16,'2014-12-31 17:33:40','2015-01-04 21:33:33',0,0,783108,3254032,NULL),(288567293,'2014-12-31 00:00:00',0,NULL,'2015-01-04 00:00:00',0.46,'2014-12-31 18:27:08','2015-01-04 21:33:33',0,0,783108,3253567,NULL),(288576685,'2014-12-31 00:00:00',0,'communication with team, further development of business cards, TrackVia email, folder organization','2015-01-04 00:00:00',1.82,'2014-12-31 19:15:08','2015-01-04 21:33:41',0,0,793671,3313391,NULL),(288576842,'2014-12-31 00:00:00',0,'communication w/ dylan, shi, explanation.','2015-01-04 00:00:00',0.27,'2014-12-31 19:15:40','2015-01-04 21:33:41',0,0,793671,3254032,NULL),(288577453,'2014-12-31 00:00:00',0,NULL,'2015-01-04 00:00:00',3.15,'2014-12-31 19:19:05','2015-01-04 21:33:41',0,0,793671,3313390,NULL),(288610235,'2014-12-31 00:00:00',0,NULL,'2015-01-04 00:00:00',0.05,'2014-12-31 23:00:42','2015-01-04 21:33:33',0,0,783108,3254032,NULL),(288611943,'2014-12-31 00:00:00',0,'Operating Agreement amendment draft','2015-01-04 00:00:00',0.58,'2014-12-31 23:25:13','2015-01-04 21:33:41',0,0,793671,3313391,NULL),(288614294,'2014-12-31 00:00:00',0,NULL,'2015-01-04 00:00:00',0.25,'2015-01-01 00:01:19','2015-01-04 21:33:41',0,0,793671,3254032,NULL),(288614337,'2014-12-31 00:00:00',0,NULL,'2015-01-04 00:00:00',0.05,'2015-01-01 00:02:10','2015-01-04 21:33:41',0,0,793671,3313390,NULL),(288623100,'2014-12-31 00:00:00',0,NULL,'2015-01-04 00:00:00',1.00,'2015-01-01 03:49:00','2015-01-04 21:33:33',0,0,783108,3620856,NULL),(288623380,'2014-12-31 00:00:00',0,'Query performance optimization (MySQL optimization), configuring dedicated IP and ports','2015-01-04 00:00:00',1.95,'2015-01-01 04:01:12','2015-01-04 21:33:33',0,0,783108,3434036,NULL),(288624781,'2015-01-01 00:00:00',0,NULL,'2015-01-04 00:00:00',0.98,'2015-01-01 05:46:37','2015-01-04 21:33:41',0,0,793671,3313390,NULL),(288624875,'2015-01-01 00:00:00',0,NULL,'2015-01-04 00:00:00',0.91,'2015-01-01 05:57:52','2015-01-04 21:33:33',0,0,783108,3253567,NULL),(288625284,'2015-01-01 00:00:00',0,NULL,'2015-01-04 00:00:00',4.52,'2015-01-01 06:26:34','2015-01-04 21:33:33',0,0,783108,3568081,NULL),(288625932,'2015-01-01 00:00:00',0,NULL,'2015-01-04 00:00:00',0.20,'2015-01-01 07:24:58','2015-01-04 21:33:41',0,0,793671,3254032,NULL),(288625951,'2015-01-01 00:00:00',0,'Trello','2015-01-04 00:00:00',0.27,'2015-01-01 07:26:51','2015-01-04 21:33:41',0,0,793671,3291311,NULL),(288625995,'2015-01-01 00:00:00',0,NULL,'2015-01-04 00:00:00',0.07,'2015-01-01 07:32:32','2015-01-04 21:33:41',0,0,793671,3313391,NULL),(288635897,'2015-01-01 00:00:00',0,NULL,'2015-01-04 00:00:00',0.06,'2015-01-01 17:25:52','2015-01-04 21:33:33',0,0,783108,3254032,NULL),(288636123,'2015-01-01 00:00:00',0,NULL,'2015-01-04 00:00:00',1.18,'2015-01-01 17:35:02','2015-01-04 21:33:33',0,0,783108,3291311,NULL),(288637120,'2015-01-01 00:00:00',0,NULL,'2015-01-04 00:00:00',0.77,'2015-01-01 18:01:26','2015-01-04 21:33:41',0,0,793671,3364869,NULL),(288639901,'2015-01-01 00:00:00',0,NULL,'2015-01-04 00:00:00',1.08,'2015-01-01 19:14:22','2015-01-04 21:33:33',0,0,783108,3434036,NULL),(288640666,'2015-01-01 00:00:00',0,'added template bank dropdown','2015-01-04 00:00:00',1.51,'2015-01-01 19:38:53','2015-01-04 21:33:41',0,0,793671,3313390,NULL),(288644977,'2015-01-01 00:00:00',0,'Entered by Josh. Thanks for meeting with me, Dylan','2015-01-04 00:00:00',2.00,'2015-01-01 21:31:22','2015-01-04 21:33:22',0,0,806530,3291311,NULL),(288648667,'2015-01-01 00:00:00',0,'Startup scripts / xMonad','2015-01-04 00:00:00',0.42,'2015-01-01 23:22:41','2015-01-04 21:33:33',0,0,783108,3584449,NULL),(288649658,'2015-01-01 00:00:00',0,NULL,'2015-01-04 00:00:00',0.15,'2015-01-01 23:49:25','2015-01-04 21:33:33',0,0,783108,3620856,NULL),(288650686,'2015-01-01 00:00:00',0,NULL,'2015-01-04 00:00:00',5.50,'2015-01-02 00:20:50','2015-01-04 21:33:43',0,0,801525,3559906,NULL),(288652225,'2015-01-01 00:00:00',0,NULL,'2015-01-04 00:00:00',1.81,'2015-01-02 01:12:14','2015-01-04 21:33:22',0,0,806530,3291311,NULL),(288656365,'2015-01-01 00:00:00',0,'overviewed new pages / student dashboard before meeting','2015-01-04 00:00:00',0.27,'2015-01-02 03:05:04','2015-01-04 21:33:41',0,0,793671,3313391,NULL),(288656986,'2015-01-01 00:00:00',0,NULL,'2015-01-04 00:00:00',1.22,'2015-01-02 03:21:02','2015-01-04 21:33:41',0,0,793671,3364869,NULL),(288657015,'2015-01-01 00:00:00',0,NULL,'2015-01-04 00:00:00',0.47,'2015-01-02 03:21:31','2015-01-04 21:33:33',0,0,783108,3291311,NULL),(288657060,'2015-01-01 00:00:00',0,NULL,'2015-01-04 00:00:00',0.47,'2015-01-02 03:22:27','2015-01-04 21:33:22',0,0,806530,3253567,NULL),(288657530,'2015-01-01 00:00:00',0,NULL,'2015-01-04 00:00:00',0.94,'2015-01-02 03:36:23','2015-01-04 21:33:33',0,0,783108,3364869,NULL),(288660437,'2015-01-01 00:00:00',0,'blog discussion','2015-01-04 00:00:00',0.47,'2015-01-02 04:41:38','2015-01-04 21:33:41',0,0,793671,3313391,NULL),(288666071,'2015-01-01 00:00:00',0,NULL,'2015-01-04 00:00:00',0.06,'2015-01-02 04:58:49','2015-01-04 21:33:33',0,0,783108,3253568,NULL),(288666707,'2015-01-02 00:00:00',0,'update on connectdg for mike','2015-01-04 00:00:00',0.35,'2015-01-02 05:15:49','2015-01-04 21:33:41',0,0,793671,3254032,NULL),(288666732,'2015-01-02 00:00:00',0,NULL,'2015-01-04 00:00:00',0.47,'2015-01-02 05:16:22','2015-01-04 21:33:41',0,0,793671,3463052,NULL),(288669437,'2015-01-02 00:00:00',0,NULL,'2015-01-04 00:00:00',0.48,'2015-01-02 06:21:50','2015-01-04 21:33:33',0,0,783108,3254032,NULL),(288669452,'2015-01-02 00:00:00',0,NULL,'2015-01-04 00:00:00',0.36,'2015-01-02 06:22:26','2015-01-04 21:33:33',0,0,783108,3254032,NULL),(288742003,'2015-01-02 00:00:00',0,NULL,'2015-01-04 00:00:00',0.49,'2015-01-02 15:00:52','2015-01-04 21:33:33',0,0,783108,3364869,NULL),(288743375,'2015-01-02 00:00:00',0,NULL,'2015-01-04 00:00:00',0.77,'2015-01-02 15:06:10','2015-01-04 21:33:41',0,0,793671,3364869,NULL),(288743551,'2015-01-02 00:00:00',0,NULL,'2015-01-04 00:00:00',0.27,'2015-01-02 15:06:44','2015-01-04 21:33:41',0,0,793671,3291311,NULL),(288749536,'2015-01-02 00:00:00',0,NULL,'2015-01-04 00:00:00',1.50,'2015-01-02 15:28:14','2015-01-04 21:33:43',0,0,801525,3559906,NULL),(288752056,'2015-01-02 00:00:00',0,NULL,'2015-01-04 00:00:00',0.23,'2015-01-02 15:37:11','2015-01-04 21:33:33',0,0,783108,3254032,NULL),(288752870,'2015-01-02 00:00:00',0,NULL,'2015-01-04 00:00:00',0.43,'2015-01-02 15:40:22','2015-01-04 21:33:41',0,0,793671,3254032,NULL),(288770889,'2015-01-02 00:00:00',0,'Lifebox','2015-01-04 00:00:00',0.77,'2015-01-02 16:44:18','2015-01-04 21:33:33',0,0,783108,3620856,NULL),(288787405,'2015-01-02 00:00:00',0,NULL,'2015-01-04 00:00:00',0.35,'2015-01-02 17:47:55','2015-01-04 21:33:41',0,0,793671,3313391,NULL),(288789088,'2015-01-02 00:00:00',0,NULL,'2015-01-04 00:00:00',1.02,'2015-01-02 17:55:14','2015-01-04 21:33:33',0,0,783108,3253567,NULL),(288822957,'2015-01-02 00:00:00',0,NULL,'2015-01-04 00:00:00',0.18,'2015-01-02 20:35:58','2015-01-04 21:33:41',0,0,793671,3253605,NULL),(288838497,'2015-01-02 00:00:00',0,NULL,'2015-01-04 00:00:00',3.19,'2015-01-02 21:23:43','2015-01-04 21:33:33',0,0,783108,3477685,NULL),(288842474,'2015-01-02 00:00:00',0,'silver research, call with dad. ','2015-01-04 00:00:00',0.27,'2015-01-02 21:27:00','2015-01-04 21:33:41',0,0,793671,3253566,NULL),(288890337,'2015-01-02 00:00:00',0,NULL,'2015-01-04 00:00:00',2.15,'2015-01-03 02:35:14','2015-01-04 21:33:41',0,0,793671,3253605,NULL),(288903639,'2015-01-03 00:00:00',0,'documentation - bp','2015-01-04 00:00:00',0.95,'2015-01-03 13:23:00','2015-01-04 21:33:41',0,0,793671,3313391,NULL),(288904924,'2015-01-03 00:00:00',0,'Trello','2015-01-04 00:00:00',0.45,'2015-01-03 14:16:32','2015-01-04 21:33:41',0,0,793671,3291311,NULL),(288904946,'2015-01-03 00:00:00',0,'wireframe designs - dashboard','2015-01-04 00:00:00',1.48,'2015-01-03 14:17:01','2015-01-04 21:33:41',0,0,793671,3313390,NULL),(288914903,'2015-01-03 00:00:00',0,NULL,'2015-01-04 00:00:00',6.72,'2015-01-03 18:51:50','2015-01-04 21:33:33',0,0,783108,3620856,NULL),(288921128,'2015-01-03 00:00:00',0,'zoho','2015-01-04 00:00:00',0.27,'2015-01-03 20:09:53','2015-01-04 21:33:41',0,0,793671,3253566,NULL),(288921586,'2015-01-03 00:00:00',0,NULL,'2015-01-04 00:00:00',0.37,'2015-01-03 20:26:28','2015-01-04 21:33:41',0,0,793671,3254032,NULL),(288927768,'2015-01-03 00:00:00',0,NULL,'2015-01-04 00:00:00',0.25,'2015-01-03 23:26:59','2015-01-04 21:33:41',0,0,793671,3313391,NULL),(288930056,'2015-01-03 00:00:00',0,NULL,'2015-01-04 00:00:00',0.17,'2015-01-04 00:31:22','2015-01-04 21:33:33',0,0,783108,3254032,NULL),(288935381,'2015-01-03 00:00:00',0,NULL,'2015-01-04 00:00:00',1.43,'2015-01-04 04:11:09','2015-01-04 21:33:33',0,0,783108,3477685,NULL),(288938353,'2015-01-04 00:00:00',0,NULL,'2015-01-04 00:00:00',0.04,'2015-01-04 05:40:19','2015-01-04 21:33:33',0,0,783108,3478497,NULL),(288939867,'2015-01-04 00:00:00',0,'Pricing Tools','2015-01-04 21:22:02',2.70,'2015-01-04 06:51:26','2015-01-04 21:33:41',0,0,793671,3313390,NULL),(288939889,'2015-01-04 00:00:00',0,NULL,'2015-01-04 00:00:00',0.30,'2015-01-04 06:52:43','2015-01-04 21:33:41',0,0,793671,3291311,NULL),(288940056,'2015-01-04 00:00:00',0,'student dashboard','2015-01-04 00:00:00',0.30,'2015-01-04 07:01:08','2015-01-04 21:33:41',0,0,793671,3313391,NULL),(288942123,'2015-01-04 00:00:00',0,'Time Machine Events','2015-01-04 00:00:00',0.33,'2015-01-04 08:36:17','2015-01-04 21:33:33',0,0,783108,3620856,NULL),(288962397,'2015-01-04 00:00:00',0,'Python Harvest API','2015-01-04 20:06:22',1.31,'2015-01-04 18:34:21','2015-01-04 21:33:33',0,0,783108,3620856,NULL),(288964132,'2015-01-04 00:00:00',0,NULL,'2015-01-04 00:00:00',0.42,'2015-01-04 19:04:25','2015-01-04 21:33:41',0,0,793671,3254032,NULL);
/*!40000 ALTER TABLE `harvestapp_harvestentry` ENABLE KEYS */;
UNLOCK TABLES;

--
-- Table structure for table `harvestapp_harvestproject`
--

DROP TABLE IF EXISTS `harvestapp_harvestproject`;
/*!40101 SET @saved_cs_client     = @@character_set_client */;
/*!40101 SET character_set_client = utf8 */;
CREATE TABLE `harvestapp_harvestproject` (
  `id` int(11) NOT NULL AUTO_INCREMENT,
  `name` varchar(200) NOT NULL,
  `code` varchar(5) NOT NULL,
  `show_budget_to_all` tinyint(1) NOT NULL,
  `updated_at` datetime NOT NULL,
  `cost_budget` decimal(7,2) DEFAULT NULL,
  `budget` decimal(7,2) DEFAULT NULL,
  `budget_by` varchar(200) NOT NULL,
  `estimate` decimal(7,2) DEFAULT NULL,
  `hourly_rate` decimal(6,2) DEFAULT NULL,
  `billable` tinyint(1) NOT NULL,
  `estimate_by` varchar(200) NOT NULL,
  `active` tinyint(1) NOT NULL,
  `created_at` datetime NOT NULL,
  `cost_budget_include_expenses` tinyint(1) NOT NULL,
  `notes` longtext,
  `client_id` int(11),
  PRIMARY KEY (`id`),
  KEY `harvestapp_harvestproject_2bfe9d72` (`client_id`),
  CONSTRAINT `harvest_client_id_e0230a30fc50aff_fk_harvestapp_harvestclient_id` FOREIGN KEY (`client_id`) REFERENCES `harvestapp_harvestclient` (`id`)
) ENGINE=InnoDB AUTO_INCREMENT=7008305 DEFAULT CHARSET=latin1;
/*!40101 SET character_set_client = @saved_cs_client */;

--
-- Dumping data for table `harvestapp_harvestproject`
--

LOCK TABLES `harvestapp_harvestproject` WRITE;
/*!40000 ALTER TABLE `harvestapp_harvestproject` DISABLE KEYS */;
INSERT INTO `harvestapp_harvestproject` VALUES (5968541,'Internal','',0,'2015-01-04 21:35:58',NULL,NULL,'none',NULL,NULL,0,'none',1,'2014-07-13 13:53:26',0,NULL,2621487),(5968552,'Personal Development','',0,'2015-01-04 21:35:58',NULL,NULL,'none',NULL,NULL,0,'none',1,'2014-07-13 14:18:50',0,NULL,2621496),(5968580,'External','',0,'2015-01-04 21:35:58',NULL,NULL,'none',NULL,NULL,1,'none',1,'2014-07-13 15:14:34',0,NULL,2621487),(5969030,'Solar','',0,'2015-01-04 21:35:58',300.00,NULL,'project_cost',NULL,NULL,1,'project_cost',1,'2014-07-13 23:18:34',1,NULL,2621760),(5969140,'Appointments','',0,'2015-01-04 21:35:58',NULL,NULL,'none',NULL,NULL,1,'none',1,'2014-07-14 00:03:00',0,NULL,2621781),(5969141,'GeoCouponCommander','',0,'2015-01-04 21:35:58',NULL,NULL,'none',NULL,60.00,1,'none',1,'2014-07-14 00:03:56',0,NULL,2621781),(5969142,'Website','',0,'2015-01-04 21:35:58',NULL,NULL,'none',NULL,NULL,1,'none',1,'2014-07-14 00:04:32',0,NULL,2621782),(5969144,'Journal to Health','',0,'2015-01-04 21:35:58',NULL,NULL,'none',NULL,30.00,1,'none',1,'2014-07-14 00:05:17',0,NULL,2621784),(5969438,'Environmental Services Marketplace','',0,'2015-01-04 21:35:58',NULL,NULL,'none',NULL,NULL,1,'none',1,'2014-07-14 02:01:18',0,NULL,2621890),(5974358,'AWARE','',0,'2015-01-04 21:35:58',NULL,NULL,'none',NULL,40.00,1,'none',1,'2014-07-14 17:02:09',0,NULL,2623317),(5984779,'Sexlove','',0,'2015-01-04 21:35:58',NULL,NULL,'none',NULL,60.00,1,'none',1,'2014-07-15 12:26:03',0,NULL,2621760),(6009417,'Connections','',0,'2015-01-04 21:35:58',NULL,NULL,'none',NULL,40.00,1,'none',1,'2014-07-18 19:08:39',0,NULL,2635906),(6011544,'Youstart.me','',0,'2015-01-04 21:35:58',NULL,NULL,'none',NULL,40.00,1,'none',1,'2014-07-19 23:18:46',0,NULL,2636979),(6016594,'WESTCON','',0,'2015-01-04 21:35:58',NULL,NULL,'none',NULL,NULL,1,'none',1,'2014-07-21 16:03:34',0,NULL,2639277),(6030033,'Booking Widget','',0,'2015-01-04 21:35:58',NULL,NULL,'none',NULL,10.00,1,'none',1,'2014-07-23 11:37:58',0,NULL,2652859),(6034597,'Consumers Win','',0,'2015-01-04 21:35:58',NULL,NULL,'none',NULL,60.00,1,'none',1,'2014-07-23 22:03:57',0,NULL,2621781),(6039554,'Site Management','',0,'2015-01-04 21:35:58',NULL,NULL,'none',NULL,60.00,1,'none',1,'2014-07-24 17:46:43',0,NULL,2621781),(6049218,'Learning Management System','LMS',0,'2015-01-04 21:35:58',NULL,289.00,'task',289.00,30.00,1,'task',1,'2014-07-26 17:46:30',0,NULL,2829596),(6049944,'Pyramid','',0,'2015-01-04 21:35:58',NULL,NULL,'none',NULL,NULL,0,'none',1,'2014-07-27 15:01:07',0,NULL,2621487),(6054568,'Server Administration','',0,'2015-01-04 21:35:58',NULL,NULL,'none',NULL,NULL,0,'none',1,'2014-07-28 15:11:56',0,NULL,2623317),(6089475,'eCommerce Fashion Factory','',0,'2015-01-04 21:35:58',60.00,NULL,'project_cost',NULL,NULL,1,'project_cost',1,'2014-08-02 00:25:02',0,NULL,2681022),(6095352,'Tiki Water Sports','TWS',0,'2015-01-04 21:35:58',NULL,NULL,'none',NULL,NULL,1,'none',1,'2014-08-04 12:52:07',0,NULL,2683451),(6095357,'Internal Business Development','IBD',0,'2015-01-04 21:35:58',NULL,NULL,'none',NULL,NULL,0,'none',1,'2014-08-04 12:53:47',0,NULL,2621487),(6105716,'ECSR','ECSR',0,'2015-01-04 21:35:58',NULL,NULL,'none',NULL,NULL,1,'none',1,'2014-08-05 11:48:54',0,NULL,2688359),(6107548,'enCapsa','',0,'2015-01-04 21:35:58',NULL,NULL,'none',NULL,50.00,1,'none',1,'2014-08-05 15:44:36',0,NULL,2623317),(6115943,'WordPress - Connect DG','WPCDG',0,'2015-01-04 21:35:58',NULL,NULL,'none',NULL,NULL,1,'none',1,'2014-08-06 16:52:22',0,NULL,2683451),(6121489,'Rainmaker','',0,'2015-01-04 21:35:58',NULL,NULL,'none',NULL,25.00,1,'none',1,'2014-08-07 13:07:07',0,NULL,2683451),(6126893,'the Easiest Sales System','',0,'2015-01-04 21:35:58',325.00,NULL,'project_cost',NULL,43.60,1,'project_cost',1,'2014-08-08 03:11:45',0,NULL,2699485),(6130653,'Sourcing','',0,'2015-01-04 21:35:58',NULL,NULL,'none',NULL,NULL,0,'none',1,'2014-08-08 16:03:09',0,NULL,2621487),(6133577,'Calculators','',0,'2015-01-04 21:35:58',NULL,NULL,'none',NULL,NULL,0,'none',1,'2014-08-09 16:05:37',0,NULL,2621487),(6138219,'ConnectDG','',0,'2015-01-04 21:35:58',NULL,NULL,'none',NULL,35.00,1,'none',1,'2014-08-11 14:14:30',0,NULL,2683451),(6149055,'Courtier','',0,'2015-01-04 21:35:58',NULL,NULL,'none',NULL,NULL,1,'none',1,'2014-08-12 16:24:17',0,NULL,2708423),(6169351,'ALERT','',0,'2015-01-04 21:35:58',NULL,NULL,'none',NULL,NULL,1,'none',1,'2014-08-15 15:25:12',0,NULL,2719529),(6177355,'Safety 1st Playgrounds','',0,'2015-01-04 21:35:58',NULL,NULL,'none',NULL,25.00,1,'none',1,'2014-08-18 14:01:42',0,NULL,2683451),(6181491,'Education','',0,'2015-01-04 21:35:58',NULL,NULL,'none',NULL,NULL,0,'none',1,'2014-08-18 22:08:21',0,NULL,2621487),(6186160,'Reservation System','',0,'2015-01-04 21:35:58',800.00,NULL,'project_cost',NULL,20.00,1,'project_cost',1,'2014-08-19 15:05:57',0,NULL,2729470),(6196773,'Tokome','',0,'2015-01-04 21:35:58',NULL,NULL,'none',NULL,20.00,1,'none',1,'2014-08-20 21:05:37',0,NULL,2623317),(6214691,'Master Plumbers','',0,'2015-01-04 21:35:58',NULL,NULL,'none',NULL,35.00,1,'none',1,'2014-08-25 05:18:20',0,NULL,2683451),(6226365,'Strategic Financial','',0,'2015-01-04 21:35:58',NULL,NULL,'none',NULL,NULL,1,'none',1,'2014-08-26 17:51:57',0,NULL,2745904),(6228928,'Branching Minds','',0,'2015-01-04 21:35:58',NULL,NULL,'none',NULL,NULL,1,'none',1,'2014-08-27 01:53:48',0,NULL,2746900),(6241325,'United Erie','',0,'2015-01-04 21:35:58',NULL,NULL,'none',NULL,NULL,1,'none',1,'2014-08-28 16:35:16',0,NULL,2752845),(6247583,'Real Estate','',0,'2015-01-04 21:35:58',NULL,NULL,'none',NULL,NULL,1,'none',1,'2014-08-29 15:16:30',0,NULL,2755096),(6252651,'I Select Realty','',0,'2015-01-04 21:35:58',NULL,NULL,'none',NULL,NULL,1,'none',1,'2014-08-30 00:39:27',0,NULL,2756514),(6253329,'LazyCoins','',0,'2015-01-04 21:35:58',NULL,NULL,'none',NULL,NULL,1,'none',1,'2014-08-30 16:24:29',0,NULL,2756945),(6253957,'Forester','',0,'2015-01-04 21:35:58',1800.00,NULL,'project_cost',NULL,45.00,1,'project_cost',1,'2014-08-31 05:47:20',0,NULL,2757265),(6261361,'Arrow Tech','',0,'2015-01-04 21:35:58',NULL,NULL,'none',NULL,40.00,1,'none',1,'2014-09-01 20:03:14',0,NULL,2759700),(6289808,'Consulting','',0,'2015-01-04 21:35:58',35.00,NULL,'project_cost',NULL,NULL,1,'project_cost',1,'2014-09-04 17:35:47',0,NULL,2652859),(6308884,'General Communication','',0,'2015-01-04 21:35:58',NULL,NULL,'none',NULL,NULL,1,'none',1,'2014-09-08 19:23:02',0,NULL,2683451),(6384102,'Connections Medical Extension','CME',0,'2015-01-04 21:35:58',800.00,NULL,'project_cost',NULL,NULL,1,'project_cost',1,'2014-09-18 15:21:36',0,NULL,2804356),(6425185,'SEC Mentoring','SEC',0,'2015-01-04 21:35:58',NULL,NULL,'none',NULL,NULL,1,'none',1,'2014-09-25 00:51:30',0,NULL,2818010),(6428191,'Potential Project','',0,'2015-01-04 21:35:58',NULL,NULL,'none',NULL,NULL,1,'none',1,'2014-09-25 14:25:29',0,NULL,2819172),(6447011,'Vessel Monitoring System','VMS',0,'2015-01-04 21:35:58',NULL,NULL,'none',NULL,NULL,1,'none',1,'2014-09-29 15:59:17',0,NULL,2827309),(6478847,'MBC Website','',0,'2015-01-04 21:35:58',NULL,NULL,'none',NULL,40.00,1,'none',1,'2014-10-02 14:27:40',0,NULL,2729470),(6550495,'Job Sourcing','',0,'2015-01-04 21:35:58',NULL,NULL,'none',NULL,NULL,1,'none',1,'2014-10-13 22:46:39',0,NULL,2621487),(6561607,'Portfolio','',1,'2015-01-04 21:35:58',1000.00,NULL,'project_cost',NULL,1000.00,1,'project_cost',1,'2014-10-15 07:10:38',1,NULL,2755096),(6565121,'PBEPRO','',0,'2015-01-04 21:35:58',NULL,NULL,'none',NULL,35.00,1,'none',1,'2014-10-15 15:46:06',0,NULL,2683451),(6567148,'Spray Foam Options','',0,'2015-01-04 21:35:58',NULL,NULL,'none',NULL,45.00,1,'none',1,'2014-10-15 19:28:56',0,NULL,2894456),(6567621,'Hosting','',0,'2015-01-04 21:35:58',NULL,NULL,'none',NULL,0.00,1,'none',1,'2014-10-15 20:25:36',0,NULL,2621487),(6576548,'Computer','',0,'2015-01-04 21:35:58',NULL,NULL,'none',NULL,35.00,1,'none',1,'2014-10-17 01:14:27',0,NULL,2755096),(6609687,'Tech Image Marketing','',0,'2015-01-04 21:35:58',NULL,NULL,'none',NULL,60.00,1,'none',1,'2014-10-22 19:26:13',0,NULL,2910485),(6611612,'Site Management','',0,'2015-01-04 21:35:58',NULL,NULL,'none',NULL,60.00,1,'none',1,'2014-10-23 03:43:17',0,NULL,2910485),(6698022,'Security administration','TSA',0,'2015-01-04 21:35:58',NULL,NULL,'none',NULL,NULL,1,'none',1,'2014-11-04 23:45:26',0,NULL,2621487),(6732331,'Wonderland','',0,'2015-01-04 21:35:58',NULL,NULL,'none',NULL,35.00,1,'none',1,'2014-11-10 18:16:17',0,NULL,2683451),(6767180,'Tier 27 Web Presence','',0,'2015-01-04 21:35:58',NULL,NULL,'none',NULL,NULL,1,'none',1,'2014-11-15 16:37:17',0,NULL,2621487),(6790651,'WordPress Administration','WPA',0,'2015-01-04 21:35:58',NULL,NULL,'none',NULL,50.00,1,'none',1,'2014-11-19 02:46:13',0,'General WordPress Work',2621487),(6851983,'Virtuarte','',0,'2015-01-04 21:35:58',NULL,NULL,'none',NULL,NULL,1,'none',1,'2014-12-01 01:52:05',0,NULL,2621781),(6932781,'ConnectDG Design','',0,'2015-01-04 21:35:58',NULL,NULL,'none',NULL,40.00,1,'none',1,'2014-12-12 05:29:10',0,NULL,2683451),(6944557,'Server Administration','TRA',0,'2015-01-04 21:35:58',NULL,NULL,'none',NULL,NULL,0,'none',1,'2014-12-15 16:51:59',0,'All things server',2621487),(6993314,'Aspen Strong','',0,'2015-01-04 21:35:58',NULL,NULL,'none',NULL,45.00,1,'none',1,'2014-12-23 22:57:50',0,NULL,2621781),(6995047,'AbundiaNow','',0,'2015-01-04 21:35:58',NULL,NULL,'none',NULL,50.00,1,'none',1,'2014-12-24 17:33:45',0,NULL,3064486),(6996691,'Server Migration','',0,'2015-01-04 21:35:58',NULL,NULL,'none',NULL,NULL,0,'none',1,'2014-12-26 18:51:51',0,NULL,2621487),(7004410,'Land of Possibility','',0,'2015-01-04 21:35:58',NULL,NULL,'none',NULL,NULL,0,'none',1,'2014-12-30 01:06:59',0,NULL,3069050),(7004411,'RFP Trainer','',0,'2015-01-04 21:35:58',NULL,NULL,'none',NULL,NULL,0,'none',1,'2014-12-30 01:07:34',0,'This includes GovCon Online',3069051),(7008304,'Yorktowne Sports','',0,'2015-01-04 21:35:58',NULL,NULL,'none',NULL,NULL,0,'none',1,'2014-12-30 18:20:50',0,NULL,3070798);
/*!40000 ALTER TABLE `harvestapp_harvestproject` ENABLE KEYS */;
UNLOCK TABLES;

--
-- Table structure for table `harvestapp_harvesttask`
--

DROP TABLE IF EXISTS `harvestapp_harvesttask`;
/*!40101 SET @saved_cs_client     = @@character_set_client */;
/*!40101 SET character_set_client = utf8 */;
CREATE TABLE `harvestapp_harvesttask` (
  `id` int(11) NOT NULL AUTO_INCREMENT,
  `name` varchar(200) NOT NULL,
  `created_at` datetime NOT NULL,
  `updated_at` datetime NOT NULL,
  `is_default` tinyint(1) NOT NULL,
  `default_hourly_rate` decimal(6,2) NOT NULL,
  PRIMARY KEY (`id`)
) ENGINE=InnoDB AUTO_INCREMENT=3701896 DEFAULT CHARSET=latin1;
/*!40101 SET character_set_client = @saved_cs_client */;

--
-- Dumping data for table `harvestapp_harvesttask`
--

LOCK TABLES `harvestapp_harvesttask` WRITE;
/*!40000 ALTER TABLE `harvestapp_harvesttask` DISABLE KEYS */;
INSERT INTO `harvestapp_harvesttask` VALUES (3253566,'Admin','2014-07-13 13:53:26','2015-01-04 21:14:08',1,0.00),(3253567,'Project Management','2014-07-13 13:53:26','2015-01-04 21:14:08',1,0.00),(3253568,'Business Development','2014-07-13 13:53:26','2015-01-04 21:14:08',0,0.00),(3253569,'Vacation','2014-07-13 13:53:26','2015-01-04 21:14:08',0,0.00),(3253595,'Lumosity','2014-07-13 14:19:04','2015-01-04 21:14:08',0,0.00),(3253605,'Finances','2014-07-13 14:42:43','2015-01-04 21:14:08',0,0.00),(3253606,'Organization','2014-07-13 14:42:52','2015-01-04 21:14:08',0,0.00),(3253622,'Journal to Health','2014-07-13 15:14:56','2015-01-04 21:14:08',0,0.00),(3253623,'ECSR','2014-07-13 15:14:58','2015-01-04 21:14:08',0,0.00),(3253911,'Research','2014-07-13 22:17:18','2015-01-04 21:14:08',0,35.00),(3253992,'Development','2014-07-13 23:18:49','2015-01-04 21:14:08',0,0.00),(3254032,'Communication','2014-07-14 00:05:32','2015-01-04 21:14:08',0,0.00),(3256022,'Mockups','2014-07-14 17:10:21','2015-01-04 21:14:08',0,0.00),(3266878,'Billing','2014-07-17 16:38:02','2015-01-04 21:14:08',0,0.00),(3291311,'Planning','2014-07-26 17:46:51','2015-01-04 21:14:08',0,0.00),(3313390,'Design','2014-08-04 12:52:31','2015-01-04 21:14:08',0,0.00),(3313391,'General','2014-08-04 12:52:36','2015-01-04 21:14:08',0,0.00),(3317020,'Configuration','2014-08-05 11:49:17','2015-01-04 21:14:08',0,0.00),(3325439,'Education','2014-08-07 16:32:25','2015-01-04 21:14:08',0,0.00),(3355127,'Laravel','2014-08-18 22:05:51','2015-01-04 21:14:08',0,0.00),(3355140,'Github','2014-08-18 22:08:42','2015-01-04 21:14:08',0,0.00),(3358283,'Accounting','2014-08-19 19:00:40','2015-01-04 21:14:08',0,0.00),(3364869,'Meeting','2014-08-21 18:31:12','2015-01-04 21:14:08',0,0.00),(3418965,'Scheduling','2014-09-09 19:01:57','2015-01-04 21:14:08',0,0.00),(3434036,'Server Administration','2014-09-15 15:14:46','2015-01-04 21:14:08',0,0.00),(3463052,'Documentation','2014-09-25 00:51:56','2015-01-04 21:14:08',0,0.00),(3468173,'Internal Meetings','2014-09-26 16:36:39','2015-01-04 21:14:08',0,0.00),(3468929,'Sourcing','2014-09-26 20:40:00','2015-01-04 21:14:08',0,0.00),(3477133,'Wireframing','2014-09-30 15:46:05','2015-01-04 21:14:08',0,0.00),(3477685,'Filesystem Maintenance','2014-09-30 17:53:13','2015-01-04 21:14:08',0,0.00),(3478496,'Routing','2014-09-30 22:30:09','2015-01-04 21:14:08',0,0.00),(3478497,'View Translation','2014-09-30 22:30:22','2015-01-04 21:14:08',0,0.00),(3478542,'GitHub Management','2014-09-30 22:54:52','2015-01-04 21:14:08',0,0.00),(3481817,'Database Management','2014-10-01 16:45:04','2015-01-04 21:14:08',0,0.00),(3512621,'Application Component Research','2014-10-11 17:47:58','2015-01-04 21:14:08',0,0.00),(3518761,'Introductory Research','2014-10-13 22:46:52','2015-01-04 21:14:08',0,0.00),(3518762,'Elance Sourcing','2014-10-13 22:47:47','2015-01-04 21:14:08',0,0.00),(3522794,'Database Architecture','2014-10-14 21:59:43','2015-01-04 21:14:08',0,0.00),(3525417,'WayPoint','2014-10-15 15:46:34','2015-01-04 21:14:08',0,0.00),(3533765,'Algorithm Design','2014-10-17 19:53:08','2015-01-04 21:14:08',0,0.00),(3559906,'API Construction','2014-10-27 21:55:10','2015-01-04 21:14:08',0,0.00),(3559987,'Website Migration','2014-10-27 22:10:03','2015-01-04 21:14:08',0,0.00),(3560422,'Tech Education','2014-10-28 01:36:08','2015-01-04 21:14:08',0,0.00),(3568081,'Frontend Programming','2014-10-30 03:25:54','2015-01-04 21:14:08',0,0.00),(3569713,'Security Administration','2014-10-30 14:56:57','2015-01-04 21:14:08',0,0.00),(3573746,'Connections','2014-10-31 16:35:01','2015-01-04 21:14:08',0,0.00),(3574157,'Maintenance','2014-10-31 18:39:05','2015-01-04 21:14:08',0,0.00),(3575764,'Code Review','2014-11-01 15:51:16','2015-01-04 21:14:08',0,0.00),(3575854,'Pair Programming','2014-11-01 17:03:57','2015-01-04 21:14:08',0,0.00),(3584449,'Computer Maintenance','2014-11-04 15:28:33','2015-01-04 21:14:08',0,0.00),(3593785,'WordPress Management','2014-11-06 21:53:52','2015-01-04 21:14:08',0,0.00),(3596307,'Email Migration','2014-11-07 17:31:12','2015-01-04 21:14:08',0,0.00),(3602716,'Hosting','2014-11-10 18:18:58','2015-01-04 21:14:08',0,0.00),(3618405,'Data Handling','2014-11-14 21:42:12','2015-01-04 21:14:08',0,0.00),(3619450,'Framework Porting','2014-11-15 16:37:41','2015-01-04 21:14:08',0,0.00),(3620655,'Budgeting','2014-11-16 17:52:17','2015-01-04 21:14:08',0,0.00),(3620856,'Software Development','2014-11-16 20:25:23','2015-01-04 21:14:08',0,0.00),(3623920,'Troubleshooting','2014-11-17 19:26:20','2015-01-04 21:14:08',0,0.00),(3641665,'Email Maintenance','2014-11-24 00:17:03','2015-01-04 21:14:08',0,0.00),(3657266,'Content Writing','2014-11-29 22:29:25','2015-01-04 21:14:08',0,0.00),(3697079,'ApiSample1418407479-updated','2014-12-12 18:04:31','2015-01-04 21:14:08',0,0.00),(3701895,'Installation','2014-12-15 16:59:23','2015-01-04 21:14:08',0,0.00);
/*!40000 ALTER TABLE `harvestapp_harvesttask` ENABLE KEYS */;
UNLOCK TABLES;

--
-- Table structure for table `harvestapp_harvesttaskassignment`
--

DROP TABLE IF EXISTS `harvestapp_harvesttaskassignment`;
/*!40101 SET @saved_cs_client     = @@character_set_client */;
/*!40101 SET character_set_client = utf8 */;
CREATE TABLE `harvestapp_harvesttaskassignment` (
  `id` int(11) NOT NULL AUTO_INCREMENT,
  `created_at` datetime NOT NULL,
  `updated_at` datetime NOT NULL,
  `budget` decimal(7,2) DEFAULT NULL,
  `billable` tinyint(1) NOT NULL,
  `estimate` decimal(7,2) DEFAULT NULL,
  `hourly_rate` decimal(6,2),
  `deactivated` tinyint(1) NOT NULL,
  `project_id` int(11) DEFAULT NULL,
  `task_id` int(11) DEFAULT NULL,
  PRIMARY KEY (`id`),
  KEY `harvestapp_harvesttaskassignment_b098ad43` (`project_id`),
  KEY `harvestapp_harvesttaskassignment_57746cc8` (`task_id`),
  CONSTRAINT `harvestapp_task_id_2865048964849ab5_fk_harvestapp_harvesttask_id` FOREIGN KEY (`task_id`) REFERENCES `harvestapp_harvesttask` (`id`),
  CONSTRAINT `harv_project_id_6a71575556b4ffcc_fk_harvestapp_harvestproject_id` FOREIGN KEY (`project_id`) REFERENCES `harvestapp_harvestproject` (`id`)
) ENGINE=InnoDB AUTO_INCREMENT=78888232 DEFAULT CHARSET=latin1;
/*!40101 SET character_set_client = @saved_cs_client */;

--
-- Dumping data for table `harvestapp_harvesttaskassignment`
--

LOCK TABLES `harvestapp_harvesttaskassignment` WRITE;
/*!40000 ALTER TABLE `harvestapp_harvesttaskassignment` DISABLE KEYS */;
INSERT INTO `harvestapp_harvesttaskassignment` VALUES (78814713,'2014-12-24 17:33:45','2015-01-04 21:47:29',0.00,0,NULL,50.00,0,6995047,3253566),(78814714,'2014-12-24 17:33:45','2015-01-04 21:47:29',0.00,0,NULL,50.00,0,6995047,3253567),(78814715,'2014-12-24 17:33:45','2015-01-04 21:47:29',0.00,1,NULL,50.00,0,6995047,3254032),(78814716,'2014-12-24 17:33:45','2015-01-04 21:47:29',0.00,1,NULL,50.00,0,6995047,3253992);
/*!40000 ALTER TABLE `harvestapp_harvesttaskassignment` ENABLE KEYS */;
UNLOCK TABLES;

--
-- Table structure for table `harvestapp_harvestuser`
--

DROP TABLE IF EXISTS `harvestapp_harvestuser`;
/*!40101 SET @saved_cs_client     = @@character_set_client */;
/*!40101 SET character_set_client = utf8 */;
CREATE TABLE `harvestapp_harvestuser` (
  `id` int(11) NOT NULL AUTO_INCREMENT,
  `first_name` varchar(200) NOT NULL,
  `last_name` varchar(200) NOT NULL,
  `is_active` tinyint(1) NOT NULL,
  `default_hourly_rate` decimal(6,2) NOT NULL,
  `email` varchar(200) NOT NULL,
  `is_admin` tinyint(1) NOT NULL,
  `cost_rate` decimal(6,2) NOT NULL,
  `identity_account_id` int(11) DEFAULT NULL,
  `updated_at` datetime NOT NULL,
  `created_at` datetime NOT NULL,
  PRIMARY KEY (`id`)
) ENGINE=InnoDB AUTO_INCREMENT=886128 DEFAULT CHARSET=latin1;
/*!40101 SET character_set_client = @saved_cs_client */;

--
-- Dumping data for table `harvestapp_harvestuser`
--

LOCK TABLES `harvestapp_harvestuser` WRITE;
/*!40000 ALTER TABLE `harvestapp_harvestuser` DISABLE KEYS */;
INSERT INTO `harvestapp_harvestuser` VALUES (783108,'Josh','Kornreich',1,0.00,'joshua@tier27.com',1,0.00,406037,'2015-01-04 21:05:53','2014-07-13 13:53:26'),(785686,'Keith','Williams',0,25.00,'keith.williams.5432@gmail.com',0,0.00,406037,'2015-01-04 21:05:53','2014-07-16 22:58:23'),(793671,'Ryan','Douvlos',1,0.00,'ryan@tier27.com',1,0.00,406037,'2015-01-04 21:05:53','2014-07-29 15:53:20'),(801525,'Matt','Getz',1,15.00,'mattpgetz@gmail.com',0,10.00,406037,'2015-01-04 21:05:53','2014-08-10 01:04:53'),(806530,'Dylan','Moore',1,10.00,'sunboundvessel@gmail.com',0,10.00,406037,'2015-01-04 21:05:53','2014-08-18 01:22:13'),(886127,'Omar','Jatoi',1,25.00,'omar@tier27.com',0,15.00,406037,'2015-01-04 21:05:53','2014-12-14 21:50:14');
/*!40000 ALTER TABLE `harvestapp_harvestuser` ENABLE KEYS */;
UNLOCK TABLES;

--
-- Table structure for table `people_affiliation`
--

DROP TABLE IF EXISTS `people_affiliation`;
/*!40101 SET @saved_cs_client     = @@character_set_client */;
/*!40101 SET character_set_client = utf8 */;
CREATE TABLE `people_affiliation` (
  `id` int(11) NOT NULL AUTO_INCREMENT,
  `organization_id` int(11) NOT NULL,
  `person_id` int(11) NOT NULL,
  `context` varchar(200) DEFAULT NULL,
  `created` datetime NOT NULL,
  `modified` datetime NOT NULL,
  PRIMARY KEY (`id`),
  KEY `people_affiliation_26b2345e` (`organization_id`),
  KEY `people_affiliation_a8452ca7` (`person_id`)
) ENGINE=MyISAM AUTO_INCREMENT=67 DEFAULT CHARSET=latin1;
/*!40101 SET character_set_client = @saved_cs_client */;

--
-- Dumping data for table `people_affiliation`
--

LOCK TABLES `people_affiliation` WRITE;
/*!40000 ALTER TABLE `people_affiliation` DISABLE KEYS */;
INSERT INTO `people_affiliation` VALUES (1,1,1,'Member','2014-12-06 21:51:39','2014-12-06 21:51:39'),(2,2,3,'Owner','2014-12-06 21:51:39','2014-12-06 21:51:39'),(3,3,4,'Owner','2014-12-06 21:51:39','2014-12-06 21:51:39'),(4,3,5,'Owner','2014-12-06 21:51:39','2014-12-06 21:51:39'),(5,3,6,'Owner','2014-12-06 21:51:39','2014-12-06 21:51:39'),(6,3,7,'Associate','2014-12-06 21:51:39','2014-12-06 21:51:39'),(7,4,8,'Owner','2014-12-06 21:51:39','2014-12-06 21:51:39'),(8,4,10,'Associate','2014-12-06 21:51:39','2014-12-06 21:51:39'),(9,5,11,'Owner','2014-12-06 21:51:39','2014-12-06 21:51:39'),(10,5,12,'Employee','2014-12-06 21:51:39','2014-12-06 21:51:39'),(11,5,13,'Employee','2014-12-06 21:51:39','2014-12-06 21:51:39'),(12,6,14,'Employee','2014-12-06 21:51:39','2014-12-06 21:51:39'),(13,6,15,'Employee','2014-12-06 21:51:40','2014-12-06 21:51:40'),(14,7,2,'Owner','2014-12-06 21:51:40','2014-12-06 21:51:40'),(15,8,16,'Owner','2014-12-06 21:51:40','2014-12-06 21:51:40'),(16,9,17,'Owner','2014-12-06 21:51:40','2014-12-06 21:51:40'),(17,9,18,'Owner','2014-12-06 21:51:40','2014-12-06 21:51:40'),(18,9,19,'Owner','2014-12-06 21:51:40','2014-12-06 21:51:40'),(19,10,20,'Owner','2014-12-06 21:51:40','2014-12-06 21:51:40'),(20,11,21,'Owner','2014-12-06 21:51:40','2014-12-06 21:51:40'),(21,12,22,'Owner','2014-12-06 21:51:40','2014-12-06 21:51:40'),(22,13,23,'Owner','2014-12-06 21:51:40','2014-12-06 21:51:40'),(23,13,24,'Owner','2014-12-06 21:51:40','2014-12-06 21:51:40'),(24,14,25,'Owner','2014-12-06 21:51:40','2014-12-06 21:51:40'),(65,58,53,'President','2014-12-25 21:06:18','2014-12-25 21:06:18'),(27,28,26,'Self','2014-12-06 21:51:40','2014-12-06 21:51:40'),(28,29,27,'Self','2014-12-06 21:51:40','2014-12-06 21:51:40'),(29,30,28,'Self','2014-12-06 21:51:40','2014-12-06 21:51:40'),(31,31,29,NULL,'2014-12-06 21:51:40','2014-12-06 21:51:40'),(32,32,30,NULL,'2014-12-06 21:51:40','2014-12-06 21:51:40'),(33,33,31,NULL,'2014-12-06 21:51:40','2014-12-06 21:51:40'),(34,34,32,'Self','2014-12-06 21:51:40','2014-12-06 21:51:40'),(35,35,19,'Self','2014-12-06 21:51:40','2014-12-06 21:51:40'),(36,36,33,'Self','2014-12-06 21:51:40','2014-12-06 21:51:40'),(37,37,9,'Self','2014-12-06 21:51:40','2014-12-06 21:51:40'),(39,38,34,NULL,'2014-12-06 21:51:40','2014-12-06 21:51:40'),(41,39,16,NULL,'2014-12-06 21:51:40','2014-12-06 21:51:40'),(42,40,36,'Self','2014-12-06 21:51:40','2014-12-06 21:51:40'),(44,41,18,NULL,'2014-12-06 21:51:41','2014-12-06 21:51:41'),(45,42,37,'Self','2014-12-06 21:51:41','2014-12-06 21:51:41'),(46,43,17,'Self','2014-12-06 21:51:41','2014-12-06 21:51:41'),(48,44,38,NULL,'2014-12-06 21:51:41','2014-12-06 21:51:41'),(49,45,39,'Self','2014-12-06 21:51:41','2014-12-06 21:51:41'),(51,46,40,NULL,'2014-12-06 21:51:41','2014-12-06 21:51:41'),(53,47,41,NULL,'2014-12-06 21:51:41','2014-12-06 21:51:41'),(54,48,43,'Self','2014-12-06 21:51:41','2014-12-06 21:51:41'),(55,49,44,'Self','2014-12-06 21:59:32','2014-12-06 21:59:32'),(57,50,46,NULL,'2014-12-08 16:59:27','2014-12-08 16:59:27'),(59,51,47,'Owner','2014-12-09 21:22:24','2014-12-09 21:24:38'),(60,52,49,'Owner','2014-12-09 23:15:33','2014-12-09 23:16:07'),(61,52,50,'Technician','2014-12-09 23:35:20','2014-12-09 23:36:16'),(62,53,51,NULL,'2014-12-11 05:32:53','2014-12-11 05:32:53'),(63,57,52,'','2014-12-25 20:59:23','2014-12-25 20:59:23'),(64,56,45,'','2014-12-25 20:59:31','2014-12-25 20:59:31'),(66,59,55,'Self','2014-12-25 21:15:46','2014-12-25 21:15:46');
/*!40000 ALTER TABLE `people_affiliation` ENABLE KEYS */;
UNLOCK TABLES;

--
-- Table structure for table `people_client`
--

DROP TABLE IF EXISTS `people_client`;
/*!40101 SET @saved_cs_client     = @@character_set_client */;
/*!40101 SET character_set_client = utf8 */;
CREATE TABLE `people_client` (
  `id` int(11) NOT NULL AUTO_INCREMENT,
  `organization_id` int(11) NOT NULL,
  `relationship_status` decimal(3,2) DEFAULT NULL,
  `created` datetime NOT NULL,
  `modified` datetime NOT NULL,
  PRIMARY KEY (`id`),
  KEY `people_client_26b2345e` (`organization_id`)
) ENGINE=MyISAM AUTO_INCREMENT=44 DEFAULT CHARSET=latin1;
/*!40101 SET character_set_client = @saved_cs_client */;

--
-- Dumping data for table `people_client`
--

LOCK TABLES `people_client` WRITE;
/*!40000 ALTER TABLE `people_client` DISABLE KEYS */;
INSERT INTO `people_client` VALUES (1,1,0.78,'2014-12-06 21:51:41','2014-12-06 21:51:41'),(2,2,0.71,'2014-12-06 21:51:41','2014-12-06 21:51:41'),(3,3,0.82,'2014-12-06 21:51:41','2014-12-06 21:51:41'),(4,4,0.59,'2014-12-06 21:51:41','2014-12-06 21:51:41'),(5,5,0.41,'2014-12-06 21:51:41','2014-12-06 21:51:41'),(6,6,0.91,'2014-12-06 21:51:41','2014-12-06 21:51:41'),(7,7,0.87,'2014-12-06 21:51:41','2014-12-06 21:51:41'),(8,8,0.71,'2014-12-06 21:51:41','2014-12-06 21:51:41'),(9,9,0.77,'2014-12-06 21:51:41','2014-12-06 21:51:41'),(10,10,0.83,'2014-12-06 21:51:41','2014-12-06 21:51:41'),(11,11,0.71,'2014-12-06 21:51:41','2014-12-06 21:51:41'),(12,12,0.85,'2014-12-06 21:51:41','2014-12-06 21:51:41'),(13,13,0.68,'2014-12-06 21:51:41','2014-12-06 21:51:41'),(14,14,0.73,'2014-12-06 21:51:41','2014-12-06 21:51:41'),(15,28,0.00,'2014-12-06 21:51:41','2014-12-06 21:51:41'),(16,29,0.00,'2014-12-06 21:51:41','2014-12-06 21:51:41'),(17,30,0.00,'2014-12-06 21:51:42','2014-12-06 21:51:42'),(18,31,0.00,'2014-12-06 21:51:42','2014-12-06 21:51:42'),(19,32,0.00,'2014-12-06 21:51:42','2014-12-06 21:51:42'),(20,33,0.00,'2014-12-06 21:51:42','2014-12-06 21:51:42'),(21,34,0.00,'2014-12-06 21:51:42','2014-12-06 21:51:42'),(22,35,0.00,'2014-12-06 21:51:42','2014-12-06 21:51:42'),(23,36,0.00,'2014-12-06 21:51:42','2014-12-06 21:51:42'),(24,37,0.00,'2014-12-06 21:51:42','2014-12-06 21:51:42'),(25,38,0.00,'2014-12-06 21:51:42','2014-12-06 21:51:42'),(26,39,0.00,'2014-12-06 21:51:42','2014-12-06 21:51:42'),(27,40,0.00,'2014-12-06 21:51:42','2014-12-06 21:51:42'),(28,41,0.00,'2014-12-06 21:51:42','2014-12-06 21:51:42'),(29,42,0.00,'2014-12-06 21:51:42','2014-12-06 21:51:42'),(30,43,0.00,'2014-12-06 21:51:42','2014-12-06 21:51:42'),(31,44,0.00,'2014-12-06 21:51:42','2014-12-06 21:51:42'),(32,45,0.00,'2014-12-06 21:51:42','2014-12-06 21:51:42'),(33,46,0.00,'2014-12-06 21:51:42','2014-12-06 21:51:42'),(34,47,0.00,'2014-12-06 21:51:42','2014-12-06 21:51:42'),(35,48,0.00,'2014-12-06 21:51:42','2014-12-06 21:51:42'),(36,49,0.00,'2014-12-06 21:59:32','2014-12-06 21:59:32'),(37,50,0.00,'2014-12-08 16:58:01','2014-12-08 16:58:01'),(38,51,0.00,'2014-12-09 21:21:30','2014-12-09 21:21:30'),(39,52,0.00,'2014-12-09 23:14:40','2014-12-09 23:14:40'),(40,56,NULL,'2014-12-25 20:42:16','2014-12-25 20:42:16'),(41,57,NULL,'2014-12-25 20:43:08','2014-12-25 20:43:08'),(42,58,NULL,'2014-12-25 21:06:36','2014-12-25 21:06:36'),(43,59,NULL,'2014-12-25 21:15:46','2014-12-25 21:15:46');
/*!40000 ALTER TABLE `people_client` ENABLE KEYS */;
UNLOCK TABLES;

--
-- Table structure for table `people_employee`
--

DROP TABLE IF EXISTS `people_employee`;
/*!40101 SET @saved_cs_client     = @@character_set_client */;
/*!40101 SET character_set_client = utf8 */;
CREATE TABLE `people_employee` (
  `person_ptr_id` int(11) NOT NULL,
  PRIMARY KEY (`person_ptr_id`)
) ENGINE=MyISAM DEFAULT CHARSET=latin1;
/*!40101 SET character_set_client = @saved_cs_client */;

--
-- Dumping data for table `people_employee`
--

LOCK TABLES `people_employee` WRITE;
/*!40000 ALTER TABLE `people_employee` DISABLE KEYS */;
INSERT INTO `people_employee` VALUES (17),(18),(19),(48),(57),(58);
/*!40000 ALTER TABLE `people_employee` ENABLE KEYS */;
UNLOCK TABLES;

--
-- Table structure for table `people_organization`
--

DROP TABLE IF EXISTS `people_organization`;
/*!40101 SET @saved_cs_client     = @@character_set_client */;
/*!40101 SET character_set_client = utf8 */;
CREATE TABLE `people_organization` (
  `id` int(11) NOT NULL AUTO_INCREMENT,
  `name` varchar(200) NOT NULL,
  `created` datetime NOT NULL,
  `modified` datetime NOT NULL,
  PRIMARY KEY (`id`)
) ENGINE=MyISAM AUTO_INCREMENT=62 DEFAULT CHARSET=latin1;
/*!40101 SET character_set_client = @saved_cs_client */;

--
-- Dumping data for table `people_organization`
--

LOCK TABLES `people_organization` WRITE;
/*!40000 ALTER TABLE `people_organization` DISABLE KEYS */;
INSERT INTO `people_organization` VALUES (1,'Ajax Technologies','2014-12-06 21:51:45','2014-12-06 21:51:45'),(2,'LaMagna & Associates','2014-12-06 21:51:45','2014-12-06 21:51:45'),(3,'Amor Innovations','2014-12-06 21:51:45','2014-12-06 21:51:45'),(4,'Bigger Pie Strategies','2014-12-06 21:51:45','2014-12-06 21:51:45'),(5,'Mission Bowling Club','2014-12-06 21:51:45','2014-12-06 21:51:45'),(6,'Orthodox Christian Fellowship','2014-12-06 21:51:45','2014-12-06 21:51:45'),(7,'Village Connector Media','2014-12-06 21:51:45','2014-12-06 21:51:45'),(8,'Tech Image Marketing','2014-12-06 21:51:45','2014-12-06 21:51:45'),(9,'Tier 27','2014-12-06 21:51:45','2014-12-06 21:51:45'),(10,'A-HA DESIGN','2014-12-06 21:51:45','2014-12-06 21:51:45'),(11,'Ti-promotion','2014-12-06 21:51:45','2014-12-06 21:51:45'),(12,'Virtuarte','2014-12-06 21:51:45','2014-12-06 21:51:45'),(13,'Allegheny Security','2014-12-06 21:51:45','2014-12-06 21:51:45'),(14,'Calvert Pearson','2014-12-06 21:51:45','2014-12-06 21:51:45'),(15,'Bank of America','2014-12-06 21:51:45','2014-12-06 21:51:45'),(16,'Trello','2014-12-06 21:51:45','2014-12-06 21:51:45'),(17,'Slack','2014-12-06 21:51:45','2014-12-06 21:51:45'),(18,'Google','2014-12-06 21:51:45','2014-12-06 21:51:45'),(19,'Harvest','2014-12-06 21:51:45','2014-12-06 21:51:45'),(20,'Basecamp','2014-12-06 21:51:45','2014-12-06 21:51:45'),(21,'A Small Orange','2014-12-06 21:51:45','2014-12-06 21:51:45'),(22,'Freshbooks','2014-12-06 21:51:45','2014-12-06 21:51:45'),(23,'GitHub','2014-12-06 21:51:45','2014-12-06 21:51:45'),(24,'Balsamiq','2014-12-06 21:51:45','2014-12-06 21:51:45'),(25,'OVH','2014-12-06 21:51:46','2014-12-06 21:51:46'),(26,'Timely','2014-12-06 21:51:46','2014-12-06 21:51:46'),(27,'Elance','2014-12-06 21:51:46','2014-12-06 21:51:46'),(28,'Ron Mohl','2014-12-06 21:51:46','2014-12-06 21:51:46'),(29,'Mia Reed','2014-12-06 21:51:46','2014-12-06 21:51:46'),(30,'Lisa Ridgley','2014-12-06 21:51:46','2014-12-06 21:51:46'),(31,'Courtier','2014-12-06 21:51:46','2014-12-06 21:51:46'),(32,'Environmental Services Marketplace','2014-12-06 21:51:46','2014-12-25 21:01:11'),(33,'Manhattan Residential Group','2014-12-06 21:51:46','2014-12-25 21:00:59'),(34,'Rob Brown','2014-12-06 21:51:46','2014-12-06 21:51:46'),(35,'Josh Kornreich','2014-12-06 21:51:46','2014-12-06 21:51:46'),(36,'Keith Williams','2014-12-06 21:51:46','2014-12-06 21:51:46'),(37,'Tim Nebergall','2014-12-06 21:51:46','2014-12-06 21:51:46'),(38,'Dr. Marcus S. Tappan and Associates','2014-12-06 21:51:46','2014-12-06 21:51:46'),(39,'Networking Advocate','2014-12-06 21:51:46','2014-12-06 21:51:46'),(40,'Quintus McDonald','2014-12-06 21:51:46','2014-12-06 21:51:46'),(41,'The Plaza','2014-12-06 21:51:46','2014-12-06 21:51:46'),(42,'Ali Paskun','2014-12-06 21:51:46','2014-12-06 21:51:46'),(43,'Ryan Douvlos','2014-12-06 21:51:46','2014-12-06 21:51:46'),(44,'Strategic Financial Services','2014-12-06 21:51:46','2014-12-06 21:51:46'),(45,'Barry Kornreich','2014-12-06 21:51:46','2014-12-06 21:51:46'),(46,'United Erie','2014-12-06 21:51:46','2014-12-06 21:51:46'),(47,'Yorktowne Sports','2014-12-06 21:51:46','2014-12-06 21:51:46'),(48,'Nate Mahaffey','2014-12-06 21:51:46','2014-12-06 21:51:46'),(49,'Mia Zachary','2014-12-06 21:59:32','2014-12-06 21:59:32'),(50,'Twin Harbor Web Solutions','2014-12-08 16:58:01','2014-12-08 16:58:01'),(51,'Forester Restaurant & Tavern','2014-12-09 21:21:29','2014-12-09 21:21:29'),(52,'Arrow Tech','2014-12-09 23:14:40','2014-12-09 23:14:40'),(53,'Upfront Ventures','2014-12-11 05:32:33','2014-12-11 05:32:33'),(54,'Adly','2014-12-11 05:33:17','2014-12-11 05:33:17'),(55,'DataSift','2014-12-11 05:33:57','2014-12-11 05:33:57'),(56,'Julie Ringnes','2014-12-25 03:13:19','2014-12-25 20:59:31'),(57,'LazyCoin','2014-12-25 20:43:05','2014-12-25 20:59:23'),(58,'Capital Connections','2014-12-25 21:06:13','2014-12-25 21:06:13'),(59,'Renee Canali','2014-12-25 21:15:46','2014-12-25 21:15:46'),(60,'Harvest','2015-01-04 03:02:56','2015-01-04 03:02:56'),(61,'Facebook','2015-01-04 03:25:21','2015-01-04 03:25:21');
/*!40000 ALTER TABLE `people_organization` ENABLE KEYS */;
UNLOCK TABLES;

--
-- Table structure for table `people_organizationcategory`
--

DROP TABLE IF EXISTS `people_organizationcategory`;
/*!40101 SET @saved_cs_client     = @@character_set_client */;
/*!40101 SET character_set_client = utf8 */;
CREATE TABLE `people_organizationcategory` (
  `id` int(11) NOT NULL AUTO_INCREMENT,
  `name` varchar(200) NOT NULL,
  PRIMARY KEY (`id`)
) ENGINE=MyISAM AUTO_INCREMENT=13 DEFAULT CHARSET=latin1;
/*!40101 SET character_set_client = @saved_cs_client */;

--
-- Dumping data for table `people_organizationcategory`
--

LOCK TABLES `people_organizationcategory` WRITE;
/*!40000 ALTER TABLE `people_organizationcategory` DISABLE KEYS */;
INSERT INTO `people_organizationcategory` VALUES (1,'Customer Relationship Management (CRM)'),(2,'Finance'),(3,'Accounting'),(4,'Collaboration'),(5,'Communication'),(6,'Marketing'),(7,'Support'),(8,'eCommerce'),(9,'Human Relations (HR)'),(10,'Efficiency'),(11,'Information Technology'),(12,'Networking');
/*!40000 ALTER TABLE `people_organizationcategory` ENABLE KEYS */;
UNLOCK TABLES;

--
-- Table structure for table `people_person`
--

DROP TABLE IF EXISTS `people_person`;
/*!40101 SET @saved_cs_client     = @@character_set_client */;
/*!40101 SET character_set_client = utf8 */;
CREATE TABLE `people_person` (
  `id` int(11) NOT NULL AUTO_INCREMENT,
  `first_name` varchar(200) NOT NULL,
  `last_name` varchar(200) NOT NULL,
  `created` datetime NOT NULL,
  `modified` datetime NOT NULL,
  PRIMARY KEY (`id`)
) ENGINE=MyISAM AUTO_INCREMENT=59 DEFAULT CHARSET=latin1;
/*!40101 SET character_set_client = @saved_cs_client */;

--
-- Dumping data for table `people_person`
--

LOCK TABLES `people_person` WRITE;
/*!40000 ALTER TABLE `people_person` DISABLE KEYS */;
INSERT INTO `people_person` VALUES (1,'Magnus','Grimmett','2014-12-06 21:51:46','2014-12-06 21:51:46'),(2,'Glenn','Garnes','2014-12-06 21:51:46','2014-12-06 21:51:46'),(3,'Lisa','LaMagna','2014-12-06 21:51:46','2014-12-06 21:51:46'),(4,'Chirag','Doshi','2014-12-06 21:51:46','2014-12-06 21:51:46'),(5,'Dhaval','Doshi','2014-12-06 21:51:47','2014-12-06 21:51:47'),(6,'Jaimin','Doshi','2014-12-06 21:51:47','2014-12-06 21:51:47'),(7,'Chirayu','Nimish','2014-12-06 21:51:47','2014-12-06 21:51:47'),(8,'Bob','Graham','2014-12-06 21:51:47','2014-12-06 21:51:47'),(9,'Tim','Nebergall','2014-12-06 21:51:47','2014-12-06 21:51:47'),(10,'Bob','Kreamer','2014-12-06 21:51:47','2014-12-06 21:51:47'),(11,'Sommer','Peterson','2014-12-06 21:51:47','2014-12-06 21:51:47'),(12,'Jillian','Horn','2014-12-06 21:51:47','2014-12-06 21:51:47'),(13,'Nicole','Bartol','2014-12-06 21:51:47','2014-12-06 21:51:47'),(14,'Alexander','Cadman','2014-12-06 21:51:47','2014-12-06 21:51:47'),(15,'Christina','Andresen','2014-12-06 21:51:47','2014-12-06 21:51:47'),(16,'Al','Granger','2014-12-06 21:51:47','2014-12-06 21:51:47'),(17,'Ryan','Douvlos','2014-12-06 21:51:47','2015-01-03 20:18:44'),(18,'Jim','Douvlos','2014-12-06 21:51:47','2015-01-03 20:19:30'),(19,'Josh','Kornreich','2014-12-06 21:51:47','2015-01-03 20:17:38'),(20,'Wendy','Sosik','2014-12-06 21:51:47','2014-12-06 21:51:47'),(21,'Stefano','Bertocci','2014-12-06 21:51:47','2014-12-06 21:51:47'),(22,'Deborah','Myers','2014-12-06 21:51:47','2014-12-06 21:51:47'),(23,'Ryan','Nuhfer','2014-12-06 21:51:47','2014-12-06 21:51:47'),(24,'Mark','Butina','2014-12-06 21:51:47','2014-12-06 21:51:47'),(25,'Christy','Calvert-Passinger','2014-12-06 21:51:47','2014-12-06 21:51:47'),(26,'Ron','Mohl','2014-12-06 21:51:47','2014-12-06 21:51:47'),(27,'Mia','Reed','2014-12-06 21:51:47','2014-12-06 21:51:47'),(28,'Lisa','Ridgley','2014-12-06 21:51:47','2014-12-06 21:51:47'),(29,'Paul','Jones','2014-12-06 21:51:47','2014-12-06 21:51:47'),(30,'Alejandro','Uribe','2014-12-06 21:51:47','2014-12-06 21:51:47'),(31,'Yale','Klat','2014-12-06 21:51:48','2014-12-06 21:51:48'),(32,'Rob','Brown','2014-12-06 21:51:48','2014-12-06 21:51:48'),(33,'Keith','Williams','2014-12-06 21:51:48','2014-12-06 21:51:48'),(34,'Marcus','Tappan','2014-12-06 21:51:48','2014-12-06 21:51:48'),(35,'Jeanette','Hordge','2014-12-06 21:51:48','2014-12-06 21:51:48'),(36,'Quintus','McDonald','2014-12-06 21:51:48','2014-12-06 21:51:48'),(37,'Ali','Paskun','2014-12-06 21:51:48','2014-12-06 21:51:48'),(38,'Steve','Hoskinson','2014-12-06 21:51:48','2014-12-06 21:51:48'),(39,'Barry','Kornreich','2014-12-06 21:51:48','2014-12-06 21:51:48'),(40,'Mike','Smith','2014-12-06 21:51:48','2014-12-06 21:51:48'),(41,'Rodney','Blevins','2014-12-06 21:51:48','2014-12-06 21:51:48'),(42,'Jack','Parson','2014-12-06 21:51:48','2014-12-06 21:51:48'),(43,'Nate','Mahaffey','2014-12-06 21:51:48','2014-12-06 21:51:48'),(44,'Mia','Zachary','2014-12-06 21:59:32','2014-12-06 21:59:32'),(45,'Julie','Ringnes','2014-12-08 16:51:00','2014-12-08 16:51:00'),(46,'Michael','McCloy','2014-12-08 16:56:09','2014-12-08 16:56:09'),(47,'Jeff','Gazdak','2014-12-09 21:20:20','2014-12-09 21:20:20'),(48,'Dylan','Moore','2015-01-03 20:09:51','2015-01-03 20:09:51'),(49,'Dillan','Archer','2014-12-09 23:14:28','2014-12-09 23:14:28'),(50,'Brent','Richards','2014-12-09 23:25:48','2014-12-09 23:25:48'),(51,'Mark','Suster','2014-12-11 05:31:42','2014-12-11 05:31:42'),(52,'Danial','Daychopen','2014-12-16 21:30:27','2014-12-16 21:30:27'),(53,'Michael','Douglass','2014-12-25 21:06:18','2014-12-25 21:06:18'),(55,'Renee','Canali','2014-12-25 21:15:46','2014-12-25 21:15:46'),(56,'Melissa','Aymold','2014-12-26 18:48:43','2014-12-26 18:48:43'),(57,'Matt','Getz','2015-01-03 20:13:37','2015-01-03 20:16:16'),(58,'Omar','Jatoi','2015-01-03 20:18:58','2015-01-03 20:19:13');
/*!40000 ALTER TABLE `people_person` ENABLE KEYS */;
UNLOCK TABLES;

--
-- Table structure for table `people_publicprofile`
--

DROP TABLE IF EXISTS `people_publicprofile`;
/*!40101 SET @saved_cs_client     = @@character_set_client */;
/*!40101 SET character_set_client = utf8 */;
CREATE TABLE `people_publicprofile` (
  `id` int(11) NOT NULL AUTO_INCREMENT,
  `created_at` datetime NOT NULL,
  `current_price` decimal(6,2) DEFAULT NULL,
  `ipo_date` date DEFAULT NULL,
  `ipo_shares_sold` int(11) DEFAULT NULL,
  `ipo_price` decimal(6,2) DEFAULT NULL,
  `modified_at` datetime NOT NULL,
  `organization_id` int(11) NOT NULL,
  PRIMARY KEY (`id`),
  KEY `people_publicprofile_26b2345e` (`organization_id`)
) ENGINE=MyISAM AUTO_INCREMENT=2 DEFAULT CHARSET=latin1;
/*!40101 SET character_set_client = @saved_cs_client */;

--
-- Dumping data for table `people_publicprofile`
--

LOCK TABLES `people_publicprofile` WRITE;
/*!40000 ALTER TABLE `people_publicprofile` DISABLE KEYS */;
INSERT INTO `people_publicprofile` VALUES (1,'2015-01-04 03:32:52',78.45,'2012-05-18',421233615,26.81,'2015-01-04 03:32:52',61);
/*!40000 ALTER TABLE `people_publicprofile` ENABLE KEYS */;
UNLOCK TABLES;

--
-- Table structure for table `people_saasprovider`
--

DROP TABLE IF EXISTS `people_saasprovider`;
/*!40101 SET @saved_cs_client     = @@character_set_client */;
/*!40101 SET character_set_client = utf8 */;
CREATE TABLE `people_saasprovider` (
  `vendor_ptr_id` int(11) NOT NULL,
  `description` longtext NOT NULL,
  `number_of_employees` int(11) NOT NULL,
  `date_founded` date DEFAULT NULL,
  PRIMARY KEY (`vendor_ptr_id`)
) ENGINE=MyISAM DEFAULT CHARSET=latin1;
/*!40101 SET character_set_client = @saved_cs_client */;

--
-- Dumping data for table `people_saasprovider`
--

LOCK TABLES `people_saasprovider` WRITE;
/*!40000 ALTER TABLE `people_saasprovider` DISABLE KEYS */;
INSERT INTO `people_saasprovider` VALUES (14,'A time tracking application. This description is sub par.',37,'2006-06-01'),(15,'A massive social networking and data mining platform',8348,'2004-02-04');
/*!40000 ALTER TABLE `people_saasprovider` ENABLE KEYS */;
UNLOCK TABLES;

--
-- Table structure for table `people_saasprovider_categories`
--

DROP TABLE IF EXISTS `people_saasprovider_categories`;
/*!40101 SET @saved_cs_client     = @@character_set_client */;
/*!40101 SET character_set_client = utf8 */;
CREATE TABLE `people_saasprovider_categories` (
  `id` int(11) NOT NULL AUTO_INCREMENT,
  `saasprovider_id` int(11) NOT NULL,
  `organizationcategory_id` int(11) NOT NULL,
  PRIMARY KEY (`id`),
  UNIQUE KEY `saasprovider_id` (`saasprovider_id`,`organizationcategory_id`),
  KEY `people_saasprovider_categories_279d3f2a` (`saasprovider_id`),
  KEY `people_saasprovider_categories_d88e50fd` (`organizationcategory_id`)
) ENGINE=MyISAM AUTO_INCREMENT=13 DEFAULT CHARSET=latin1;
/*!40101 SET character_set_client = @saved_cs_client */;

--
-- Dumping data for table `people_saasprovider_categories`
--

LOCK TABLES `people_saasprovider_categories` WRITE;
/*!40000 ALTER TABLE `people_saasprovider_categories` DISABLE KEYS */;
INSERT INTO `people_saasprovider_categories` VALUES (7,14,10),(8,14,11),(9,14,5),(10,15,11),(11,15,12),(12,15,5);
/*!40000 ALTER TABLE `people_saasprovider_categories` ENABLE KEYS */;
UNLOCK TABLES;

--
-- Table structure for table `people_saassubscription`
--

DROP TABLE IF EXISTS `people_saassubscription`;
/*!40101 SET @saved_cs_client     = @@character_set_client */;
/*!40101 SET character_set_client = utf8 */;
CREATE TABLE `people_saassubscription` (
  `id` int(11) NOT NULL AUTO_INCREMENT,
  `name` varchar(200) NOT NULL,
  `cost` decimal(6,2) NOT NULL,
  `frequency` int(11) NOT NULL,
  `provider_id` int(11) NOT NULL,
  `allowable_users` int(11) NOT NULL,
  PRIMARY KEY (`id`),
  KEY `people_saassubscription_32ca2ddc` (`provider_id`)
) ENGINE=MyISAM AUTO_INCREMENT=6 DEFAULT CHARSET=latin1;
/*!40101 SET character_set_client = @saved_cs_client */;

--
-- Dumping data for table `people_saassubscription`
--

LOCK TABLES `people_saassubscription` WRITE;
/*!40000 ALTER TABLE `people_saassubscription` DISABLE KEYS */;
INSERT INTO `people_saassubscription` VALUES (1,'Solo',12.00,1,14,1),(2,'Basic',49.00,1,14,5),(3,'Business',99.00,1,14,10),(4,'Free',0.00,1,14,1),(5,'Free',0.00,1,15,1);
/*!40000 ALTER TABLE `people_saassubscription` ENABLE KEYS */;
UNLOCK TABLES;

--
-- Table structure for table `people_vendor`
--

DROP TABLE IF EXISTS `people_vendor`;
/*!40101 SET @saved_cs_client     = @@character_set_client */;
/*!40101 SET character_set_client = utf8 */;
CREATE TABLE `people_vendor` (
  `id` int(11) NOT NULL AUTO_INCREMENT,
  `organization_id` int(11) NOT NULL,
  `created_at` datetime NOT NULL,
  `modified_at` datetime NOT NULL,
  PRIMARY KEY (`id`),
  KEY `people_vendor_26b2345e` (`organization_id`)
) ENGINE=MyISAM AUTO_INCREMENT=16 DEFAULT CHARSET=latin1;
/*!40101 SET character_set_client = @saved_cs_client */;

--
-- Dumping data for table `people_vendor`
--

LOCK TABLES `people_vendor` WRITE;
/*!40000 ALTER TABLE `people_vendor` DISABLE KEYS */;
INSERT INTO `people_vendor` VALUES (1,15,'2014-12-06 21:51:50','2014-12-06 21:51:50'),(2,16,'2014-12-06 21:51:50','2014-12-06 21:51:50'),(3,17,'2014-12-06 21:51:50','2014-12-06 21:51:50'),(4,18,'2014-12-06 21:51:50','2014-12-06 21:51:50'),(5,19,'2014-12-06 21:51:50','2014-12-06 21:51:50'),(6,20,'2014-12-06 21:51:50','2014-12-06 21:51:50'),(7,21,'2014-12-06 21:51:50','2014-12-06 21:51:50'),(8,22,'2014-12-06 21:51:50','2014-12-06 21:51:50'),(9,23,'2014-12-06 21:51:50','2014-12-06 21:51:50'),(10,24,'2014-12-06 21:51:50','2014-12-06 21:51:50'),(11,25,'2014-12-06 21:51:50','2014-12-06 21:51:50'),(12,26,'2014-12-06 21:51:50','2014-12-06 21:51:50'),(13,27,'2014-12-06 21:51:50','2014-12-06 21:51:50'),(14,60,'2015-01-04 03:06:17','2015-01-04 03:07:14'),(15,61,'2015-01-04 03:26:57','2015-01-04 03:26:57');
/*!40000 ALTER TABLE `people_vendor` ENABLE KEYS */;
UNLOCK TABLES;

--
-- Table structure for table `projects_project`
--

DROP TABLE IF EXISTS `projects_project`;
/*!40101 SET @saved_cs_client     = @@character_set_client */;
/*!40101 SET character_set_client = utf8 */;
CREATE TABLE `projects_project` (
  `id` int(11) NOT NULL AUTO_INCREMENT,
  `name` varchar(200) NOT NULL,
  `code` varchar(5) DEFAULT NULL,
  `status_id` int(11) NOT NULL,
  `client_id` int(11) DEFAULT NULL,
  `manager_id` int(11) DEFAULT NULL,
  `priority` int(11) NOT NULL,
  `notes` longtext,
  `due` date NOT NULL,
  PRIMARY KEY (`id`),
  KEY `projects_project_dc91ed4b` (`status_id`),
  KEY `projects_project_2bfe9d72` (`client_id`),
  KEY `projects_project_8784215c` (`manager_id`)
) ENGINE=MyISAM AUTO_INCREMENT=22 DEFAULT CHARSET=latin1;
/*!40101 SET character_set_client = @saved_cs_client */;

--
-- Dumping data for table `projects_project`
--

LOCK TABLES `projects_project` WRITE;
/*!40000 ALTER TABLE `projects_project` DISABLE KEYS */;
INSERT INTO `projects_project` VALUES (1,'Learning Management System','LMS',2,3,NULL,1,NULL,'2015-01-02'),(2,'Aspen Strong Directory','ASD',1,1,3,3,NULL,'2015-01-02'),(3,'Tokome','TOK',2,4,NULL,3,NULL,'2015-01-02'),(4,'Westcon Directory','WCD',3,2,3,3,NULL,'2015-01-02'),(5,'AWARE','',3,4,3,3,NULL,'2015-01-02'),(6,'Reservation System','RES',2,5,3,1,NULL,'2015-01-02'),(7,'Mission Bowling Club Website','MBC',2,5,3,1,NULL,'2015-01-02'),(8,'Sex Love','SL',2,11,3,2,NULL,'2015-01-02'),(9,'LiveAha','',3,10,3,3,NULL,'2015-01-02'),(10,'Forester Website','FOR',2,38,4,2,NULL,'2015-01-02'),(11,'LazyCoin','',3,41,4,3,NULL,'2015-01-02'),(12,'ArrowTech','ART',2,39,4,3,NULL,'2015-01-02'),(13,'Site Maintenance','AGS',2,8,3,2,NULL,'2015-01-02'),(14,'AbundiaNow','ABN',2,40,3,2,'Notes','2015-01-02'),(15,'Capital Connections','',2,42,5,2,NULL,'2015-01-02'),(16,'RFP Trainer','',1,29,3,2,NULL,'2015-01-02'),(17,'Land of Possibility','',1,43,3,3,NULL,'2015-01-02'),(18,'Yorktowne Sports','',1,34,3,2,NULL,'2015-01-02'),(19,'Glenn Garnes','',1,7,3,2,NULL,'2015-01-02'),(20,'Server Migration','',2,9,3,1,NULL,'2015-01-02'),(21,'ConnectDG','',2,37,4,1,NULL,'2015-01-02');
/*!40000 ALTER TABLE `projects_project` ENABLE KEYS */;
UNLOCK TABLES;

--
-- Table structure for table `projects_projectcomponent`
--

DROP TABLE IF EXISTS `projects_projectcomponent`;
/*!40101 SET @saved_cs_client     = @@character_set_client */;
/*!40101 SET character_set_client = utf8 */;
CREATE TABLE `projects_projectcomponent` (
  `id` int(11) NOT NULL AUTO_INCREMENT,
  `name` varchar(200) NOT NULL,
  `value` decimal(10,2) NOT NULL,
  `billed` tinyint(1) NOT NULL,
  `paid` tinyint(1) NOT NULL,
  `project_id` int(11) NOT NULL,
  `status_id` int(11) NOT NULL,
  PRIMARY KEY (`id`),
  KEY `projects_projectcomponent_b098ad43` (`project_id`),
  KEY `projects_projectcomponent_dc91ed4b` (`status_id`)
) ENGINE=MyISAM AUTO_INCREMENT=63 DEFAULT CHARSET=latin1;
/*!40101 SET character_set_client = @saved_cs_client */;

--
-- Dumping data for table `projects_projectcomponent`
--

LOCK TABLES `projects_projectcomponent` WRITE;
/*!40000 ALTER TABLE `projects_projectcomponent` DISABLE KEYS */;
INSERT INTO `projects_projectcomponent` VALUES (1,'Phase 1',300.00,1,1,5,3),(2,'Phase 2',300.00,1,1,5,3),(3,'Phase 3',300.00,1,1,5,3),(4,'Phase 4',300.00,1,0,5,3),(5,'Phase 1',450.00,1,1,4,3),(6,'Phase 2',750.00,1,0,4,3),(7,'Phase 1',2250.00,1,1,3,3),(8,'Phase 2',2250.00,0,0,3,2),(9,'Phase 3',1500.00,0,0,3,1),(10,'Phase 4',1500.00,0,0,3,1),(11,'Initial form extension',800.00,1,1,2,3),(12,' Category-Keyword pairing',200.00,1,1,2,3),(13,'Issue/Mental Health Diagnosis dropdowns',100.00,1,1,2,3),(14,'Filters',600.00,1,1,2,3),(15,'Conditionally hide credentials',50.00,0,0,2,1),(16,'Change options on landing page',50.00,0,0,2,1),(17,'Limit personal statement',50.00,0,0,2,1),(18,'Prevent users from entering the WordPress admin',50.00,0,0,2,1),(19,'Clear initial search results',50.00,0,0,2,1),(20,'Extend specialty functionality',200.00,0,0,2,1),(21,'Allow front end form editing',300.00,0,0,2,1),(22,'Mandate all fields',50.00,0,0,2,1),(23,'Design single entry page',400.00,0,0,2,1),(24,'Retainer',3442.50,1,1,1,3),(25,'Phase 1',2295.00,1,1,1,3),(26,'Phase 2',2295.00,1,1,1,3),(27,'Phase 3',2295.00,1,1,1,3),(28,'Phase 4',2295.00,0,0,1,2),(29,'Phase 5',2295.00,0,0,1,1),(30,'Phase 6',2295.00,0,0,1,1),(31,'Phase 7',2295.00,0,0,1,1),(32,'Phase 8',3442.50,0,0,1,1),(33,'Initial development',1350.00,1,1,6,3),(34,'Refactor into Laravel',1500.00,1,1,6,3),(35,'Bug fixes',350.00,0,0,6,2),(36,'Initial Design',500.00,1,1,7,3),(37,'Email configuration',250.00,0,0,7,2),(38,'Retainer',1600.00,1,1,8,3),(39,'Continuation retainer',800.00,1,1,8,2),(40,'Final payment',800.00,1,0,8,1),(41,'Product page design fixes',250.00,1,1,9,3),(42,'Retainer',900.00,1,1,10,3),(43,'Development',900.00,0,0,10,2),(44,'Project',2400.00,1,1,11,3),(45,'Phase 1',720.00,1,1,12,2),(46,'Phase 2',540.00,1,1,12,3),(47,'Phase 3',540.00,1,1,12,3),(48,'Merging of REIA Marketing',100.00,0,0,13,3),(49,'Merging of Events Calendar Info',400.00,0,0,13,2),(50,'WordPress Updates',150.00,0,0,13,1),(51,'Retainer',600.00,1,1,14,2),(52,'Development',600.00,0,0,14,1),(53,'Website Migration',49.99,0,0,15,2),(54,'Confirm migration of website and provide email credentials',20.00,0,0,16,1),(55,'Set up hosting account and WordPress installation for GovConOnline',49.99,0,0,16,1),(56,'Purchase and install SSL certificate for RFP Trainer',50.00,0,0,16,1),(57,'Clean up phishing attack notifications',50.00,0,0,17,1),(58,'Remove tax from out of state orders',50.00,0,0,18,1),(59,'Deactivate old store categories',50.00,0,0,18,1),(60,'URL connection issue on Bold New Economy',75.00,0,0,19,1),(61,'Complete migration',1000.00,0,0,20,2),(62,'ConnectDG',500.00,0,0,21,2);
/*!40000 ALTER TABLE `projects_projectcomponent` ENABLE KEYS */;
UNLOCK TABLES;

--
-- Table structure for table `projects_projectstatus`
--

DROP TABLE IF EXISTS `projects_projectstatus`;
/*!40101 SET @saved_cs_client     = @@character_set_client */;
/*!40101 SET character_set_client = utf8 */;
CREATE TABLE `projects_projectstatus` (
  `id` int(11) NOT NULL AUTO_INCREMENT,
  `name` varchar(200) NOT NULL,
  PRIMARY KEY (`id`)
) ENGINE=MyISAM AUTO_INCREMENT=4 DEFAULT CHARSET=latin1;
/*!40101 SET character_set_client = @saved_cs_client */;

--
-- Dumping data for table `projects_projectstatus`
--

LOCK TABLES `projects_projectstatus` WRITE;
/*!40000 ALTER TABLE `projects_projectstatus` DISABLE KEYS */;
INSERT INTO `projects_projectstatus` VALUES (1,'Pending'),(2,'Active'),(3,'Complete');
/*!40000 ALTER TABLE `projects_projectstatus` ENABLE KEYS */;
UNLOCK TABLES;

--
-- Table structure for table `projects_task`
--

DROP TABLE IF EXISTS `projects_task`;
/*!40101 SET @saved_cs_client     = @@character_set_client */;
/*!40101 SET character_set_client = utf8 */;
CREATE TABLE `projects_task` (
  `id` int(11) NOT NULL AUTO_INCREMENT,
  `date` date NOT NULL,
  `description` longtext,
  `person_id` int(11) DEFAULT NULL,
  `project_id` int(11) DEFAULT NULL,
  `hours_worked` int(11) NOT NULL,
  `minutes_worked` int(11) NOT NULL,
  `priority` int(11) NOT NULL,
  `complete` tinyint(1) NOT NULL,
  PRIMARY KEY (`id`),
  KEY `projects_task_a8452ca7` (`person_id`),
  KEY `projects_task_b098ad43` (`project_id`)
) ENGINE=MyISAM AUTO_INCREMENT=5 DEFAULT CHARSET=latin1;
/*!40101 SET character_set_client = @saved_cs_client */;

--
-- Dumping data for table `projects_task`
--

LOCK TABLES `projects_task` WRITE;
/*!40000 ALTER TABLE `projects_task` DISABLE KEYS */;
INSERT INTO `projects_task` VALUES (1,'2015-01-05','Setup the WordPress Installation',3,14,0,0,2,0),(2,'2015-01-05','Install the plugins',3,14,0,0,2,0),(3,'2015-01-05','Point the domain to our server\r\n',3,14,0,0,2,0),(4,'2015-01-12','Program project link on Tasks view to link to the project, not the task',3,NULL,0,0,2,0);
/*!40000 ALTER TABLE `projects_task` ENABLE KEYS */;
UNLOCK TABLES;

--
-- Table structure for table `projects_worklog`
--

DROP TABLE IF EXISTS `projects_worklog`;
/*!40101 SET @saved_cs_client     = @@character_set_client */;
/*!40101 SET character_set_client = utf8 */;
CREATE TABLE `projects_worklog` (
  `id` int(11) NOT NULL AUTO_INCREMENT,
  `date` date NOT NULL,
  `notes` longtext,
  PRIMARY KEY (`id`)
) ENGINE=MyISAM DEFAULT CHARSET=latin1;
/*!40101 SET character_set_client = @saved_cs_client */;

--
-- Dumping data for table `projects_worklog`
--

LOCK TABLES `projects_worklog` WRITE;
/*!40000 ALTER TABLE `projects_worklog` DISABLE KEYS */;
/*!40000 ALTER TABLE `projects_worklog` ENABLE KEYS */;
UNLOCK TABLES;
/*!40103 SET TIME_ZONE=@OLD_TIME_ZONE */;

/*!40101 SET SQL_MODE=@OLD_SQL_MODE */;
/*!40014 SET FOREIGN_KEY_CHECKS=@OLD_FOREIGN_KEY_CHECKS */;
/*!40014 SET UNIQUE_CHECKS=@OLD_UNIQUE_CHECKS */;
/*!40101 SET CHARACTER_SET_CLIENT=@OLD_CHARACTER_SET_CLIENT */;
/*!40101 SET CHARACTER_SET_RESULTS=@OLD_CHARACTER_SET_RESULTS */;
/*!40101 SET COLLATION_CONNECTION=@OLD_COLLATION_CONNECTION */;
/*!40111 SET SQL_NOTES=@OLD_SQL_NOTES */;

-- Dump completed on 2015-01-04 16:52:01
